{"tissue_hires_scalef": 1.0, "tissue_lowres_scalef": 0.3, "fiducial_diameter_fullres": 25.363371532098217, "spot_diameter_fullres": 15.701134757965564}