barcode,in_tissue,array_row,array_col,pxl_row_in_fullres,pxl_col_in_fullres
ACGCCTGACACGCGCT-1,0,0,0,1810.6914688110105,133.18561457759097
TACCGATCCAACACTT-1,0,1,1,1798.0660025006573,155.6437484402304
ATTAAAGCGGACGAGC-1,0,0,2,1785.0173108850274,133.4288475116582
GATAAGGGACGATTAG-1,0,1,3,1772.3918445746742,155.88698137429674
GTGCAAATCACCAATA-1,0,0,4,1759.3431529590443,133.67208044572544
TGTTGGCTGGCGGAAG-1,0,1,5,1746.717686648691,156.13021430836397
GCATCCTCTCCTATTA-1,0,0,6,1733.6689950330613,133.91531337979177
GCGAGGGACTGCTAGA-1,0,1,7,1721.0435287227078,156.3734472424312
TGGTACCGGCACAGCC-1,0,0,8,1707.9948371070782,134.158546313859
GCGCGTTTAAATCGTA-1,0,1,9,1695.3693707967248,156.61668017649754
TGCCTTGCCCTTACGG-1,0,0,10,1682.320679181095,134.40177924792624
GACGACTTTCCAAGAA-1,0,1,11,1669.6952128707417,156.85991311056478
CCAGTGAGCTCCTTGT-1,0,0,12,1656.6465212551118,134.64501218199257
ATACCCTGGCTCAAAT-1,0,1,13,1644.0210549447586,157.103146044632
GGGTTTCCGGCTTCCA-1,0,0,14,1630.9723633291287,134.8882451160598
TAACCGTCCAGTTCAT-1,0,1,15,1618.3468970187755,157.34637897869834
AAACAACGAATAGTTC-1,0,0,16,1605.2982054031456,135.13147805012704
CAAGGGAGTGTATTTG-1,0,1,17,1592.6727390927924,157.58961191276558
CCAAGCTTGATCTCCT-1,0,0,18,1579.6240474771625,135.37471098419337
TTATTTCATCCCAAAC-1,0,1,19,1566.9985811668093,157.8328448468328
GAGCGCTATGTCAGGC-1,0,0,20,1553.9498895511795,135.6179439182606
TATGGCAGACTTTCGA-1,0,1,21,1541.324423240826,158.07607778089914
CTTCGTGCCCGCATCG-1,0,0,22,1528.2757316251964,135.86117685232784
AAACGGGTTGGTATCC-1,0,1,23,1515.650265314843,158.31931071496638
TGCAAACCCACATCAA-1,0,0,24,1502.6015736992133,136.10440978639417
GACGGGATGTCTTATG-1,0,1,25,1489.9761073888599,158.5625436490336
GGCGAGCATCGAGGAC-1,0,0,26,1476.9274157732302,136.3476427204614
CGCGTGCTATCAACGA-1,0,1,27,1464.3019494628768,158.80577658309994
TGAAACCTCAACTCAC-1,0,0,28,1451.253257847247,136.59087565452865
CACATAAGGCGACCGT-1,0,1,29,1438.6277915368937,159.04900951716718
TGACCCAACTCACATT-1,0,0,30,1425.5790999212638,136.83410858859497
ATACGCCGATCTACCG-1,0,1,31,1412.9536336109106,159.29224245123442
ACTTATCTGATCTATA-1,0,0,32,1399.9049419952808,137.0773415226622
GTGTGAGCCGAGGTGC-1,0,1,33,1387.2794756849275,159.53547538530165
GATGATTTGAAACTGG-1,0,0,34,1374.2307840692977,137.32057445672945
GGGAACCACCTGTTTC-1,0,1,35,1361.6053177589445,159.77870831936798
GTTCGTTGCGGACCAG-1,0,0,36,1348.5566261433146,137.56380739079668
TGAGGTTGATCCCAAG-1,0,1,37,1335.9311598329612,160.02194125343522
GATGCCACACTACAGC-1,0,0,38,1322.8824682173315,137.807040324863
AGGCAAAGAGGAATCA-1,0,1,39,1310.257001906978,160.26517418750245
AAGTAAGCTTCCAAAC-1,0,0,40,1297.2083102913484,138.05027325893025
AACGTAGTCTACCCAT-1,0,1,41,1284.582843980995,160.50840712156878
GTTTGAGCGGTTATGT-1,0,0,42,1271.5341523653653,138.29350619299748
GAAGCAAGGCAATGTT-1,0,1,43,1258.908686055012,160.75164005563602
TCACTCAGCGCATTAG-1,0,0,44,1245.859994439382,138.5367391270638
TACAATGAAACCAGCA-1,0,1,45,1233.2345281290288,160.99487298970325
GTGCGCTTACAAATGA-1,0,0,46,1220.185836513399,138.77997206113105
GCACTCCCACAGTCCC-1,1,1,47,1207.5603702030457,161.23810592376958
CGAAGACTGCCCGGGA-1,1,0,48,1194.5116785874159,139.02320499519828
CAGGATCCGCCCGACC-1,1,1,49,1181.8862122770627,161.48133885783682
CACGATTGGTCGTTAA-1,1,0,50,1168.8375206614328,139.2664379292646
GGTTGTATCGTGAAAT-1,1,1,51,1156.2120543510796,161.72457179190405
TCTTATGGGTAGTACC-1,1,0,52,1143.1633627354497,139.50967086333185
TACAAGCTGTTCACTG-1,1,1,53,1130.5378964250963,161.96780472597038
GTATCTTGTTGCTCAC-1,1,0,54,1117.4892048094666,139.75290379739909
ATACCAGGTGAGCGAT-1,1,1,55,1104.8637384991132,162.21103766003762
CCTAAACAGGGTCCGT-1,1,0,56,1091.8150468834835,139.9961367314654
ATGGTGCTCAAAGCCA-1,1,1,57,1079.1895805731301,162.45427059410486
CAAATGCGGAGTGTTC-1,0,0,58,1066.1408889575005,140.23936966553265
CGTGCCCGACATTTGT-1,0,1,59,1053.515422647147,162.69750352817118
GTATCTCCCTAACTGT-1,0,0,60,1040.4667310315172,140.4826025995999
ATTTGCCTAGTTACGA-1,0,1,61,1027.841264721164,162.94073646223842
ACGTCCTAAACGAGAT-1,0,0,62,1014.7925731055341,140.7258355336662
CTGGGATCGCCCAGAT-1,0,1,63,1002.1671067951809,163.18396939630566
CTGCAAATGGGCTCCA-1,0,0,64,989.118415179551,140.96906846773345
CATTATAACAGGGTCC-1,0,1,65,976.4929488691976,163.42720233037198
ACCTTTCCTTTAGAAG-1,0,0,66,963.4442572535681,141.2123014018007
ATAGATTTGCAGTCGG-1,0,1,67,950.8187909432147,163.67043526443922
CTCGGGCATCGTCGGG-1,0,0,68,937.7700993275848,141.45553433586792
GTGGCGGGCCGTAGCT-1,0,1,69,925.1446330172316,163.91366819850646
CAACAGTGCCAAACGG-1,0,0,70,912.0959414016015,141.69876726993425
TGCGGGTATTGGGATC-1,0,1,71,899.4704750912488,164.1569011325737
GTCTCGCCAACACGCC-1,0,0,72,886.4217834756187,141.9420002040015
CTGGGCGGCCAAATGT-1,0,1,73,873.7963171652655,164.40013406664002
TAAAGGAGAAACTAGT-1,0,0,74,860.7476255496354,142.18523313806872
TCCCACGGAGGGAGCT-1,0,1,75,848.1221592392826,164.64336700070726
AGCTTCAATACTTTGA-1,0,0,76,835.0734676236525,142.42846607213505
TTCCACATTTCTCGTC-1,0,1,77,822.4480013132993,164.8865999347745
ACAAACCGACAAGGCG-1,0,0,78,809.3993096976692,142.6716990062023
AGACGGGATTGGTATA-1,0,1,79,796.773843387316,165.12983286884082
AACCTAAAGCCGTCCG-1,0,0,80,783.7251517716863,142.91493194026953
TACAAATTGCGGAGGT-1,0,1,81,771.0996854613331,165.37306580290806
CCCGCTAGAGGGTTAA-1,0,0,82,758.050993845703,143.15816487433585
CATTGCAAAGCATAAT-1,0,1,83,745.4255275353498,165.6162987369753
TGTACGCTATCAGCTT-1,0,0,84,732.3768359197197,143.4013978084031
TTCTTCGCAATAGAGC-1,0,1,85,719.751369609367,165.85953167104162
TGTGATTCCAGCGCTT-1,0,0,86,706.7026779937369,143.64463074247033
ATTCAGGATCGCCTCT-1,0,1,87,694.0772116833837,166.10276460510886
GCCCATGGGTGCAATG-1,0,0,88,681.0285200677536,143.88786367653665
TTCCCGACGCTTCACT-1,0,1,89,668.4030537574008,166.3459975391761
AGCGGTTGAGATGTAC-1,0,0,90,655.3543621417707,144.1310966106039
GCTGTCTGTGATCGAC-1,0,1,91,642.7288958314175,166.58923047324242
AAAGACATGAAGTTTA-1,0,0,92,629.6802042157874,144.37432954467113
CAACAGAATAACGCTA-1,0,1,93,617.0547379054342,166.83246340730966
TGCGGTCTACGAGTAA-1,0,0,94,604.0060462898045,144.61756247873745
AAGACTCACGCCCACT-1,0,1,95,591.3805799794513,167.0756963413769
CTTTGAAACATATTCC-1,0,0,96,578.3318883638212,144.8607954128047
CTGGGCACTAGTCGGA-1,0,1,97,565.706422053468,167.31892927544322
CGCCCTTACATCCACC-1,0,0,98,552.6577304378384,145.10402834687193
CACGACCACAGACTTT-1,0,1,99,540.0322641274852,167.56216220951046
CAATCCATTATCCGTT-1,0,0,100,526.9835725118551,145.34726128093916
GTGGCGTGCACCAGAG-1,0,1,101,514.3581062015019,167.8053951435777
CGGAGTCCTAACCTGG-1,0,0,102,501.30941458587176,145.5904942150055
GGTCCCATAACATAGA-1,0,1,103,488.683948275519,168.04862807764493
ATCTCATAAACCTACC-1,0,0,104,475.6352566598889,145.83372714907273
TGCATGGCAGTCTTGC-1,0,1,105,463.0097903495357,168.29186101171126
TTGCAGGTCATGAAGT-1,0,0,106,449.9610987339056,146.07696008313997
AGCTGCATTTGAGGTG-1,0,1,107,437.33563242355285,168.5350939457785
TAATCAGGAATGCTGC-1,0,0,108,424.28694080792275,146.3201930172063
CCATCATAAGAACAGG-1,0,1,109,411.66147449756954,168.77832687984574
TCGTATCACCAAGCTA-1,0,0,110,398.61278288193944,146.56342595127353
ATTCAGATGAATCCCT-1,0,1,111,385.98731657158623,169.02155981391206
AAAGGTCAACGACATG-1,0,0,112,372.9386249559566,146.80665888534077
AGCTGCTGTGCCGAAT-1,0,1,113,360.3131586456034,169.2647927479793
CTAGCGCCAATCCTAC-1,0,0,114,347.2644670299733,147.0498918194071
GCTCGACCGAACTGAA-1,0,1,115,334.63900071962007,169.50802568204654
ACAGTGCAGCGCATTT-1,0,0,116,321.59030910398997,147.29312475347433
CGGCTGAAGGTTACGC-1,0,1,117,308.9648427936372,169.75125861611286
CACCTCTACGAGTGTG-1,0,0,118,295.9161511780071,147.53635768754157
ATACGACAGATGGGTA-1,0,1,119,283.2906848676539,169.9944915501801
ACTTCCTGTCGTGCGA-1,0,0,120,270.2419932520238,147.7795906216079
CGTAACGGAACGATCA-1,0,1,121,257.61652694167105,170.23772448424734
AAATCACTCCTAAACG-1,0,0,122,244.56783532604095,148.02282355567513
CTCCGAGTAAATCCGC-1,0,1,123,231.94236901568775,170.48095741831366
ACGCTAGTATCAGTGC-1,0,0,124,218.89367740005764,148.26605648974237
AGAGTGAACAGACACC-1,0,1,125,206.26821108970444,170.7241903523809
ACACCCGTAAATCTGT-1,0,0,126,193.2195194740748,148.5092894238087
GCTTTGCTGCCGGGTA-1,0,1,127,180.59405316372158,170.96742328644814
ACAGGAGGCGCAGCCG-1,0,2,0,1811.114694116287,177.8586493688017
AGGCAATACGGAGGAC-1,0,3,1,1798.4892278059338,200.31678323144115
TGGTGTGACAGACGAT-1,0,2,2,1785.4405361903039,178.10188230286894
ATCTATCGATGATCAA-1,0,3,3,1772.8150698799507,200.56001616550748
CGGTAACAAGATACAT-1,0,2,4,1759.7663782643208,178.34511523693618
TCGCCGGAGAGTCTTA-1,0,3,5,1747.1409119539674,200.8032490995747
GGAGGAGTGTGTTTAT-1,0,2,6,1734.0922203383377,178.5883481710025
TTAGGTGTGACTGGTC-1,0,3,7,1721.4667540279843,201.04648203364195
CAGGGCTAACGAAACC-1,0,2,8,1708.4180624123546,178.83158110506974
CCCGTGGGTTAATTGA-1,0,3,9,1695.7925961020012,201.28971496770828
GACCGACCGCTAATAT-1,0,2,10,1682.7439044863715,179.07481403913698
GGTATCAAGCATAGAA-1,0,3,11,1670.1184381760181,201.53294790177551
TGCATGAGTAGATTCG-1,0,2,12,1657.0697465603882,179.3180469732033
AATTCCAACTTGGTGA-1,0,3,13,1644.444280250035,201.77618083584275
TGCCGATGTCATCAAT-1,0,2,14,1631.3955886344052,179.56127990727055
GCTGGGTCCGCTGTTA-1,0,3,15,1618.770122324052,202.01941376990908
TGAACACCCGAAGCAG-1,0,2,16,1605.721430708422,179.80451284133778
AACATTGGTCAGCCGT-1,0,3,17,1593.0959643980689,202.26264670397632
GTGGGTCTTCTTTGCG-1,0,2,18,1580.047272782439,180.0477457754041
CATCGAATGGATCTCT-1,0,3,19,1567.4218064720858,202.50587963804355
GCTACACTGTCCGAAC-1,0,2,20,1554.373114856456,180.29097870947135
CGGGTTGTAGCTTTGG-1,0,3,21,1541.7476485461025,202.74911257210988
CCTAAGTGTCTAACCG-1,0,2,22,1528.6989569304728,180.53421164353858
TCTGTGACTGACCGTT-1,0,3,23,1516.0734906201194,202.99234550617712
TTATCATACTCGCAAA-1,0,2,24,1503.0247990044898,180.7774445776049
AGCGTAGCGCTAGACC-1,0,3,25,1490.3993326941363,203.23557844024435
TCCCTCCGAAATCGTT-1,0,2,26,1477.3506410785067,181.02067751167215
AGGTCGCCACTTCGGT-1,0,3,27,1464.7251747681532,203.47881137431068
CTAGCAACTAATTTAC-1,0,2,28,1451.6764831525234,181.26391044573938
TTGCTAGCTACCAATC-1,0,3,29,1439.0510168421702,203.72204430837792
GCCGGTTTGGGCGGAT-1,0,2,30,1426.0023252265403,181.5071433798057
TGTAACTTGTCAACCT-1,0,3,31,1413.376858916187,203.96527724244515
CGAGATGTTGCCTATA-1,0,2,32,1400.3281673005572,181.75037631387295
GTTACGAAATCCACGC-1,0,3,33,1387.702700990204,204.2085101765124
CTTGTCGTACGTGTCA-1,0,2,34,1374.6540093745741,181.99360924794019
GCGTCCAGCTCGTGGC-1,0,3,35,1362.028543064221,204.45174311057872
CCCTTCTCGTACGCGA-1,0,2,36,1348.979851448591,182.23684218200742
CCAAAGTCCCGCTAAC-1,0,3,37,1336.3543851382376,204.69497604464595
CCGCTTCGCGGTTAAC-1,0,2,38,1323.305693522608,182.48007511607375
GTTACGGCCCGACTGC-1,0,3,39,1310.6802272122545,204.9382089787132
CCCGCTTGCCCTCGTC-1,0,2,40,1297.6315355966249,182.723308050141
TAGTGAGAAGTGGTTG-1,0,3,41,1285.0060692862714,205.18144191277952
CGCTACCGCCCTATGA-1,0,2,42,1271.9573776706418,182.96654098420822
AAACAATCTACTAGCA-1,0,3,43,1259.3319113602884,205.42467484684676
GCGCGATGGGTCAAGT-1,0,2,44,1246.2832197446585,183.20977391827455
ATAAACCATTGGACGG-1,0,3,45,1233.6577534343053,205.667907780914
TCGGGCACTTCTGGAT-1,0,2,46,1220.6090618186754,183.4530068523418
TCTGTGGCTACATTTC-1,1,3,47,1207.9835955083222,205.91114071498032
CTCTGTGCCTGCTATG-1,1,2,48,1194.9349038926923,183.69623978640902
CACGACTAAAGTTCTG-1,1,3,49,1182.3094375823391,206.15437364904756
GAGGAGTAATTCCTAC-1,1,2,50,1169.2607459667092,183.93947272047535
AGAGGTATCTCGGTCC-1,1,3,51,1156.635279656356,206.3976065831148
GGCGTACCCTATATAA-1,1,2,52,1143.5865880407262,184.1827056545426
GCCGGAAACACATCTT-1,1,3,53,1130.9611217303727,206.64083951718112
AAATGTGGGTGCTCCT-1,1,2,54,1117.912430114743,184.42593858860982
ACCAGGAGTGTGATCT-1,1,3,55,1105.2869638043896,206.88407245124836
TGTGGAGGAAGCTTAA-1,1,2,56,1092.23827218876,184.66917152267615
AAGGAGAACTTATAAG-1,0,3,57,1079.6128058784066,207.1273053853156
CCCTCGGGAGCCTTGT-1,0,2,58,1066.564114262777,184.9124044567434
ACTGTTTAGTGTAGGC-1,1,3,59,1053.9386479524235,207.37053831938192
CGTCAGTTTATCGTCT-1,1,2,60,1040.8899563367936,185.15563739081063
GCGTGTATGTCGTATT-1,0,3,61,1028.2644900264404,207.61377125344916
ACAATCGATCTTTATA-1,1,2,62,1015.2157984108105,185.39887032487695
CAGCCCTCACAGGCAG-1,0,3,63,1002.5903321004573,207.8570041875164
CGCGTCATATTAAACC-1,0,2,64,989.5416404848274,185.6421032589442
GAAGACTTCAATGCCG-1,0,3,65,976.916174174474,208.10023712158272
TTGCGGCGACTCATGC-1,0,2,66,963.8674825588446,185.88533619301143
ACCAAACTAGAAATCC-1,0,3,67,951.2420162484912,208.34347005564996
TTACTGTTTCTCTACG-1,0,2,68,938.1933246328613,186.12856912707866
GACCAGGTCATTCATA-1,0,3,69,925.5678583225081,208.5867029897172
TTCTTCCCTTTGATAT-1,0,2,70,912.519166706878,186.371802061145
ACGCCCAGCTGTCGAT-1,0,3,71,899.8937003965252,208.82993592378443
AGTAGCGTGAACGAAC-1,0,2,72,886.8450087808951,186.61503499521223
CCTCGACCCACTGCCT-1,0,3,73,874.2195424705419,209.07316885785076
AGTTATTGAAAGGTAA-1,0,2,74,861.1708508549118,186.85826792927946
TCAGTTACGGAATGAT-1,0,3,75,848.545384544559,209.316401791918
GAATCTATACTCGGAC-1,0,2,76,835.496692928929,187.1015008633458
TCGGCTAACTTCCCTT-1,0,3,77,822.8712266185757,209.55963472598523
ACGTGGTCGAATGTGC-1,0,2,78,809.8225350029456,187.34473379741303
ATATCGTGCCAGACCC-1,0,3,79,797.1970686925924,209.80286766005156
GTAGCTAGTAAGCGCG-1,0,2,80,784.1483770769628,187.58796673148026
ACGCTTAGTGTCTCTC-1,0,3,81,771.5229107666096,210.0461005941188
TCCGGCCTGCATCGAT-1,0,2,82,758.4742191509795,187.8311996655466
TAGTGGAACTCATACA-1,0,3,83,745.8487528406263,210.28933352818603
ATCATCTGCCCAGTGT-1,0,2,84,732.8000612249962,188.07443259961383
GTTATTAAATACGACC-1,0,3,85,720.1745949146434,210.53256646225236
GCGCTAAGTATGCATG-1,0,2,86,707.1259032990133,188.31766553368107
CCTGACGCAACCTTTA-1,0,3,87,694.5004369886601,210.7757993963196
CCCAAGAATGCACGGT-1,0,2,88,681.45174537303,188.5608984677474
AACTGGGTTCGAGCCG-1,0,3,89,668.8262790626773,211.01903233038684
GGTTCCACCCGCTTCT-1,0,2,90,655.7775874470472,188.80413140181463
CATGCACGTGTTACTG-1,0,3,91,643.152121136694,211.26226526445316
AGCGTTCCGATTTAAA-1,0,2,92,630.1034295210638,189.04736433588187
CCTACGCGACCTTACA-1,0,3,93,617.4779632107106,211.5054981985204
CGAATTACATGGTGTT-1,0,2,94,604.429271595081,189.2905972699482
GAGGTCTTAGTGGGTC-1,0,3,95,591.8038052847278,211.74873113258764
GCCGCTAGATACGCAG-1,0,2,96,578.7551136690977,189.53383020401543
GTCACCTGTCTATGTC-1,0,3,97,566.1296473587445,211.99196406665396
CCGATTGGTCAATGAA-1,0,2,98,553.0809557431148,189.77706313808267
CCTGTGCGGATTGTAA-1,0,3,99,540.4554894327616,212.2351970007212
TTACGTAGCGCGTGCT-1,0,2,100,527.4067978171315,190.0202960721499
GGAGGCGAAGAACCGC-1,0,3,101,514.7813315067783,212.47842993478844
GGGTCACGTGCTTATG-1,0,2,102,501.7326398911482,190.26352900621623
GCTCCGGACGTTGATA-1,0,3,103,489.10717358079546,212.72166286885567
ATGTTTGTAAGATCAT-1,0,2,104,476.05848196516536,190.50676194028347
TGACCCAGCATTCCCG-1,0,3,105,463.43301565481215,212.964895802922
TGGTCGTTTGATAGAT-1,0,2,106,450.38432403918205,190.7499948743507
TGTAATGCCTTCGGAC-1,0,3,107,437.7588577288293,213.20812873698924
TGCTCACACAACAACC-1,0,2,108,424.7101661131992,190.99322780841703
TACGATCCAAGCCACT-1,0,3,109,412.084699802846,213.45136167105647
TTGTAACTTCATAGCG-1,0,2,110,399.0360081872159,191.23646074248427
AGATTCAAGCGGGTCG-1,0,3,111,386.4105418768627,213.6945946051228
CTCAGCAGACTGCCGA-1,0,2,112,373.36185026123303,191.4796936765515
GTAACATCAGCTCATC-1,0,3,113,360.7363839508798,213.93782753919004
ATGGAACAGAATAAAC-1,0,2,114,347.6876923352497,191.72292661061783
GGGCCTATACAACCGG-1,0,3,115,335.0622260248965,214.18106047325728
TCAAACAATTAGGACA-1,0,2,116,322.0135344092664,191.96615954468507
AAACCACTACACAGAT-1,0,3,117,309.38806809891366,214.4242934073236
AAACGACAGTCTTGCC-1,0,2,118,296.33937648328356,192.2093924787523
TTGAGGGTCGAACGCG-1,0,3,119,283.71391017293035,214.66752634139084
TGTTGATCACTGTTTA-1,0,2,120,270.66521855730025,192.45262541281863
AGGGTGTGCTACACGC-1,0,3,121,258.0397522469475,214.91075927545808
GTAGTTAGACAATATA-1,0,2,122,244.9910606313174,192.69585834688587
AATGGCCGCCAATGCG-1,0,3,123,232.3655943209642,215.1539922095244
TCGGCGGTATTAGATT-1,0,2,124,219.3169027053341,192.9390912809531
GGGTCACTGAGTAGTG-1,0,3,125,206.69143639498088,215.39722514359164
GAATTATGCAACCTAC-1,0,2,126,193.64274477935123,193.18232421501943
GATCTTAGTGAACGTG-1,0,3,127,181.01727846899803,215.64045807765888
CTAATGCGCCCAACAA-1,0,4,0,1811.5379194215634,222.53168416001245
GCCACCCATTCCACTT-1,0,5,1,1798.9124531112102,244.9898180226519
TACTCACAACGTAGTA-1,0,4,2,1785.8637614955803,222.77491709407968
GTTCGGTGTGGATTTA-1,0,5,3,1773.2382951852273,245.23305095671822
TCTTTCGGCGGGACAC-1,0,4,4,1760.1896035695972,223.01815002814692
GGAGACATTCACGGGC-1,0,5,5,1747.564137259244,245.47628389078545
GGGATTATCTCACAAC-1,0,4,6,1734.5154456436142,223.26138296221325
TAGAACGCCAGTAACG-1,0,5,7,1721.8899793332607,245.7195168248527
ACGAGTCGCCGGCGTT-1,0,4,8,1708.841287717631,223.50461589628048
TGATGGGACTAAGTCA-1,0,5,9,1696.2158214072779,245.96274975891902
TGCGAGAAACGTTACG-1,0,4,10,1683.167129791648,223.74784883034772
TCGCCTCGACCTGTTG-1,0,5,11,1670.5416634812946,246.20598269298625
AACTCGATAAACACGT-1,0,4,12,1657.4929718656647,223.99108176441405
AGGAAAGCCTCTGATG-1,0,5,13,1644.8675055553117,246.4492156270535
GAAGGACTAAATTGAA-1,0,4,14,1631.8188139396816,224.23431469848128
GTATCGGGACGAGCTG-1,0,5,15,1619.1933476293284,246.69244856111982
CCTGTGCATAGGAGAC-1,0,4,16,1606.1446560136985,224.47754763254852
CATACGGGTGCATGAT-1,0,5,17,1593.5191897033455,246.93568149518705
CCACTAAACTGAATCG-1,0,4,18,1580.4704980877154,224.72078056661485
AAATTGCGGCGGTTCT-1,0,5,19,1567.8450317773622,247.1789144292543
AGTCCAGCGGGTACGT-1,0,4,20,1554.7963401617324,224.96401350068209
CATTCAGGTCAGTGCG-1,0,5,21,1542.170873851379,247.42214736332062
CTAAAGTCCGAAGCTA-1,0,4,22,1529.1221822357493,225.20724643474932
AATCAGACTGCAGGAC-1,0,5,23,1516.496715925396,247.66538029738786
AGTATCCATAATAACG-1,0,4,24,1503.4480243097662,225.45047936881565
CTGGCTGCTAACGTAA-1,0,5,25,1490.8225579994128,247.9086132314551
GTTCCAAGACAGCGAC-1,0,4,26,1477.7738663837831,225.6937123028829
AAGACTAACCCGTTGT-1,0,5,27,1465.14840007343,248.15184616552142
GATTAATCCTGGCTCA-1,0,4,28,1452.0997084577998,225.93694523695012
CGCGCAAGGAACTACA-1,0,5,29,1439.4742421474466,248.39507909958866
CAGTAGCGAGGTAGTA-1,0,4,30,1426.4255505318167,226.18017817101645
ACGGCGGGTTGCCCTG-1,0,5,31,1413.8000842214637,248.6383120336559
CTAGGCGGCAGAGAAT-1,0,4,32,1400.7513926058336,226.4234111050837
GTGCGCAGCTTGCTCC-1,0,5,33,1388.1259262954804,248.88154496772313
TCACTATCGTGCAATC-1,0,4,34,1375.0772346798506,226.66664403915092
TATGATTCTGCTTGGT-1,0,5,35,1362.4517683694976,249.12477790178946
TAAGATTTAGCGGGAG-1,0,4,36,1349.4030767538675,226.90987697321816
TTACGGTGTCACCGAG-1,0,5,37,1336.7776104435143,249.3680108358567
CTACACTAGCTTGTTC-1,0,4,38,1323.7289188278844,227.1531099072845
TGAGCAGTCGTGAAGT-1,0,5,39,1311.103452517531,249.61124376992393
CGCTGAGGACGTCCAA-1,0,4,40,1298.0547609019013,227.39634284135172
GTGTATGACTTTAAAG-1,0,5,41,1285.4292945915481,249.85447670399026
CTAAACGGGTGTAATC-1,0,4,42,1272.3806029759182,227.63957577541896
TGTACTGTGCCAAAGT-1,0,5,43,1259.7551366655648,250.0977096380575
GGCCACAAGCGATGGC-1,0,4,44,1246.706445049935,227.8828087094853
GTCAATTGTACTGAAG-1,1,5,45,1234.080978739582,250.34094257212473
AGGGACAGCACGGCGG-1,1,4,46,1221.0322871239518,228.12604164355253
AGCTTATAGAGACCTG-1,1,5,47,1208.4068208135986,250.58417550619106
AACTAGCGTATCGCAC-1,1,4,48,1195.3581291979688,228.36927457761976
AACTTTAGCTGCTGAG-1,1,5,49,1182.7326628876158,250.8274084402583
CCCAAGACAGAGTATG-1,1,4,50,1169.6839712719857,228.6125075116861
GGCATCAACGAGCACG-1,1,5,51,1157.0585049616325,251.07064137432553
ATGCATTCCGTGATGG-1,1,4,52,1144.0098133460026,228.85574044575333
TTATAGATGCACATTA-1,1,5,53,1131.3843470356492,251.31387430839186
GAACCATCTGGGAGAC-1,1,4,54,1118.3356554200195,229.09897337982056
TGCTATACAAACGGAC-1,1,5,55,1105.7101891096663,251.5571072424591
ACTTGCCATATTGTAC-1,1,4,56,1092.6614974940364,229.3422063138869
TATTCCGGCAGTCCTA-1,1,5,57,1080.036031183683,251.80034017652633
GACGGACCGCGTTCCT-1,1,4,58,1066.9873395680534,229.58543924795413
ATGTGTAGTTTAGTCA-1,1,5,59,1054.3618732577002,252.04357311059266
ATACCAGCAAATTGCT-1,1,4,60,1041.31318164207,229.82867218202136
AAGTTTACTAATGGCA-1,1,5,61,1028.6877153317168,252.2868060446599
CTCTCGATGTGCGCCT-1,0,4,62,1015.639023716087,230.0719051160877
GATTGACACTCTGCTC-1,1,5,63,1003.013557405734,252.53003897872713
TATCACAGCACGGGCA-1,0,4,64,989.9648657901039,230.31513805015493
ACCGTTCCCGCTCTGA-1,0,5,65,977.3393994797507,252.77327191279346
CCGCCACCACAATCCA-1,0,4,66,964.290707864121,230.55837098422217
CATTCACTGACAGCTA-1,0,5,67,951.6652415537678,253.0165048468607
CGGCTGCAAGATTAAG-1,0,4,68,938.6165499381377,230.8016039182894
CATGAACCTCTTATCA-1,0,5,69,925.9910836277845,253.25973778092794
TTAATGCGAGGTAACT-1,0,4,70,912.9423920121544,231.04483685235573
AATAAGTCCTCGAGAC-1,0,5,71,900.3169257018017,253.50297071499517
ACCAGCCCGGTCTTTG-1,0,4,72,887.2682340861716,231.28806978642297
CTACGAACTAGGTCGA-1,0,5,73,874.6427677758184,253.7462036490615
ACATCTCAACGCGTAA-1,0,4,74,861.5940761601883,231.5313027204902
CACTACTCAGTTCTGT-1,0,5,75,848.9686098498355,253.98943658312874
CCGACTCGCATAGTCT-1,0,4,76,835.9199182342054,231.77453565455653
CATTTATCGTTCAAGA-1,0,5,77,823.2944519238522,254.23266951719597
CAAACGTGGTCTTGCG-1,0,4,78,810.2457603082221,232.01776858862377
TAGAAACCACTAAGTA-1,0,5,79,797.6202939978689,254.4759024512623
ACTGATTTAGTGATTC-1,0,4,80,784.5716023822392,232.261001522691
TCGTATTTCGTCCGGA-1,0,5,81,771.946136071886,254.71913538532954
CGGAAATTTCACATCC-1,0,4,82,758.8974444562559,232.50423445675733
ATCCACGCTAAATGTT-1,0,5,83,746.2719781459027,254.96236831939677
GTTCAATCTATGTCAA-1,0,4,84,733.2232865302726,232.74746739082457
ATAAAGGTCAAGTACG-1,0,5,85,720.5978202199199,255.2056012534631
CAACTCCAACGTTTAG-1,0,4,86,707.5491286042898,232.9907003248918
TAGGAACAGCCTCCAG-1,0,5,87,694.9236622939366,255.44883418753034
ATGGGAACGGAAGCGG-1,0,4,88,681.8749706783065,233.23393325895813
CACACGTTTCAATGGG-1,0,5,89,669.2495043679537,255.69206712159757
GGTGTTCTGTTTCTAC-1,0,4,90,656.2008127523236,233.47716619302537
AGTAACGTTCATCCTG-1,0,5,91,643.5753464419704,255.9353000556639
GTATAGTGGCCCATGT-1,0,4,92,630.5266548263403,233.7203991270926
TCTACACGTTCATGCA-1,0,5,93,617.9011885159871,256.17853298973114
AATCTGGGTAGACCCT-1,0,4,94,604.8524969003574,233.96363206115893
TCGGTTAGCCATGTAG-1,0,5,95,592.2270305900042,256.4217659237984
TGCCATGGCTTATAAG-1,0,4,96,579.1783389743741,234.20686499522617
TAAGTAAATGTGCCGC-1,0,5,97,566.5528726640209,256.6649988578647
GTGTCCGATAAGGCAT-1,0,4,98,553.5041810483913,234.4500979292934
TGGCACGAGCTCGAGT-1,0,5,99,540.8787147380381,256.90823179193194
ACCGGTCTGAGTACGG-1,0,4,100,527.830023122408,234.69333086336064
GAACTTAGCGCCCGGT-1,0,5,101,515.2045568120548,257.1514647259992
AGTAGCTAGACGCCGA-1,0,4,102,502.15586519642466,234.93656379742697
ATAGGAATCTAAGCTT-1,0,5,103,489.5303988860719,257.3946976600664
CTTCCTGCATATTTAC-1,0,4,104,476.4817072704418,235.1797967314942
CAATATGTAGATTTAC-1,0,5,105,463.8562409600886,257.63793059413274
ACAAGGCCTACCAGCC-1,0,4,106,450.8075493444585,235.42302966556144
TTATAGTCCAAGGTGC-1,0,5,107,438.18208303410574,257.8811635282
AAACGCCCGAGATCGG-1,0,4,108,425.13339141847564,235.66626259962777
CCTCGTTACGCCTGTT-1,0,5,109,412.50792510812244,258.1243964622672
GAACGGTGTAAAGCAG-1,0,4,110,399.45923349249233,235.909495533695
ACGCATAAATGACATG-1,0,5,111,386.8337671821391,258.36762939633354
GGTTCGATGCTGAGTT-1,0,4,112,373.7850755665095,236.15272846776224
CTTTGGCAGACAGAGT-1,0,5,113,361.1596092561563,258.6108623304008
TTCGTGGGCTGGAAGC-1,0,4,114,348.11091764052617,236.39596140182857
CAAAGGTTAAATTCAG-1,0,5,115,335.48545133017296,258.854095264468
GTTTGGCGTCAGGCAC-1,0,4,116,322.43675971454286,236.6391943358958
GCTTTCTATCTCAACT-1,0,5,117,309.8112934041901,259.09732819853434
TGCATCTCCGGATCTT-1,0,4,118,296.76260178856,236.88242726996305
CTGAAACGGCCCTCAG-1,0,5,119,284.1371354782068,259.3405611326016
TAGCAGTAAATACGCG-1,0,4,120,271.0884438625767,237.12566020402937
CGGGCTACTTAAATTG-1,0,5,121,258.46297755222395,259.5837940666688
ATTATGCTCAGTATTG-1,0,4,122,245.41428593659384,237.3688931380966
TGATGCTCACGTAGTC-1,0,5,123,232.78881962624064,259.82702700073514
GTCTAAGATGCCCAGC-1,0,4,124,219.74012801061053,237.61212607216385
AACCCGATAGGGCTTC-1,0,5,125,207.11466170025733,260.0702599348024
CGCTATCGTGGCTTTA-1,0,4,126,194.06597008462768,237.85535900623017
CGTCTCTCGCCGAGGC-1,0,5,127,181.44050377427448,260.3134928688696
AGTGGGAGTATACACG-1,0,6,0,1811.96114472684,267.2047189512232
GGTCTTGGTGTTAACT-1,0,7,1,1799.3356784164869,289.6628528138626
GGCTGGCAGCTTTATG-1,0,6,2,1786.286986800857,267.4479518852904
CGCCAATTATTGCGTT-1,0,7,3,1773.6615204905038,289.90608574792896
GGTAACCGGCAAAGGT-1,0,6,4,1760.612828874874,267.69118481935766
TGGGACCATTGGGAGT-1,0,7,5,1747.9873625645205,290.1493186819962
CTGCAGGTGCTCGGCC-1,0,6,6,1734.9386709488908,267.934417753424
CCGGTGCGAGTGATAG-1,0,7,7,1722.3132046385374,290.39255161606343
GGGTACACTCTGGAGG-1,0,6,8,1709.2645130229077,268.1776506874912
TAGCCAGAGGGTCCGG-1,0,7,9,1696.6390467125543,290.63578455012976
CTTGTGAGGACAGCGG-1,0,6,10,1683.5903550969247,268.42088362155846
GAAGGGCATAACCATG-1,0,7,11,1670.9648887865712,290.879017484197
CAACATGGCCTGATAA-1,0,6,12,1657.9161971709414,268.6641165556248
CAATTTGACCGGGAAG-1,0,7,13,1645.2907308605882,291.12225041826423
TCTGACTGTAATGGTT-1,0,6,14,1632.2420392449583,268.907349489692
TTCATAGCCTTGTAAC-1,0,7,15,1619.616572934605,291.36548335233056
TGGAAACGGAGTGAAC-1,0,6,16,1606.5678813189752,269.15058242375926
ATCGCACGATTGTTCA-1,0,7,17,1593.942415008622,291.6087162863978
CGCCACCCGCATTAAC-1,0,6,18,1580.8937233929921,269.3938153578256
TGGACCACGGCGTTGA-1,0,7,19,1568.268257082639,291.85194922046503
GTATATGTTACGGCGG-1,0,6,20,1555.219565467009,269.6370482918928
GTATTCTTACCGTGCT-1,0,7,21,1542.5940991566556,292.09518215453136
TTCAGAGTAACCTGAC-1,0,6,22,1529.545407541026,269.88028122596006
GCGGTAACCCAAATGA-1,0,7,23,1516.9199412306725,292.3384150885986
CTACGTGTTGCCACCA-1,0,6,24,1503.8712496150429,270.1235141600264
CTAGATAAACTCCTCG-1,0,7,25,1491.2457833046894,292.58164802266583
TCCATTAGTTGGATAG-1,0,6,26,1478.1970916890598,270.3667470940936
CTGGCTCCTGCGGGAT-1,0,7,27,1465.5716253787064,292.82488095673216
CAGTCTCTCGGCTAAT-1,0,6,28,1452.5229337630765,270.60998002816086
GTATGACGTGGGAAAC-1,0,7,29,1439.8974674527233,293.0681138907994
AGTCACTCCGCCTCAT-1,0,6,30,1426.8487758370934,270.8532129622272
GCAGCGGTGGGCATTA-1,0,7,31,1414.2233095267402,293.31134682486663
TATGGAGTTTCTCGTT-1,0,6,32,1401.1746179111103,271.0964458962944
ACTCAACGAATGTATT-1,0,7,33,1388.549151600757,293.55457975893387
AACACGCGGCCGCGAA-1,0,6,34,1375.5004599851272,271.33967883036166
CGATATTAGCCGCAGG-1,0,7,35,1362.874993674774,293.7978126930002
AGCGTCTGAACCCGCA-1,0,6,36,1349.8263020591442,271.5829117644289
GATGTCCGGATCACAT-1,0,7,37,1337.2008357487907,294.04104562706743
GGTCACGTTAGATTCA-1,0,6,38,1324.152144133161,271.8261446984952
TTAAGGATACGGAGGT-1,0,7,39,1311.5266778228076,294.28427856113467
GTGCGGGACCATCGGC-1,0,6,40,1298.477986207178,272.06937763256246
CCATCTTGTTCACAAT-1,0,7,41,1285.8525198968246,294.527511495201
TCCGAGAAGGCTAAGC-1,0,6,42,1272.803828281195,272.3126105666297
TGGCGGTGTGCGATTG-1,0,7,43,1260.1783619708415,294.77074442926823
ATCCTGCTGCAGATAG-1,0,6,44,1247.1296703552116,272.555843500696
TTATGCGTCCCGGTCC-1,0,7,45,1234.5042040448584,295.01397736333547
CATAATGAGCGGGCGA-1,1,6,46,1221.4555124292285,272.79907643476326
AGACATAGATCCTTCC-1,1,7,47,1208.8300461188753,295.2572102974018
GGTGAAACCGGGAATG-1,1,6,48,1195.7813545032454,273.0423093688305
AACTGGTGTGGGCCTT-1,1,7,49,1183.1558881928922,295.50044323146903
GTAGCGCTGTTGTAGT-1,1,6,50,1170.1071965772624,273.28554230289683
TTGTTTGTGTAAATTC-1,1,7,51,1157.4817302669092,295.7436761655363
GGATCAAAGGACGAGG-1,1,6,52,1144.4330386512793,273.52877523696407
CGTAGCGCCGACGTTG-1,1,7,53,1131.8075723409258,295.9869090996026
CAAGTGAACTTTGGTT-1,1,6,54,1118.7588807252962,273.7720081710313
GTAGACAACCGATGAA-1,1,7,55,1106.1334144149428,296.23014203366984
CAATGGTCGGCCTGGG-1,1,6,56,1093.084722799313,274.01524110509763
ACAGATTAGGTTAGTG-1,1,7,57,1080.4592564889597,296.4733749677371
GTTATCACCTTCTGAA-1,1,6,58,1067.41056487333,274.25847403916487
TGGTATCGGTCTGTAT-1,1,7,59,1054.7850985629766,296.7166079018034
GGAATAACCTCAAGAA-1,1,6,60,1041.7364069473467,274.5017069732321
ATTATCTCGACAGATC-1,1,7,61,1029.1109406369935,296.95984083587064
CCGAGGGATGTTAGGC-1,1,6,62,1016.0622490213636,274.74493990729843
TGAGATCAAATACTCA-1,1,7,63,1003.4367827110104,297.2030737699379
AAACGAAGAACATACC-1,1,6,64,990.3880910953806,274.98817284136567
CTGGTCCTAACTTGGC-1,1,7,65,977.7626247850271,297.4463067040042
TGCACGAGTCGGCAGC-1,1,6,66,964.7139331693977,275.2314057754329
ATAGTCTTTGACGTGC-1,1,7,67,952.0884668590443,297.68953963807144
TGGAGCTAAAGTTCCC-1,0,6,68,939.0397752434144,275.47463870950014
GGGTGGTCCAGCCTGT-1,0,7,69,926.414308933061,297.9327725721387
CATGCATGGAGACCCT-1,0,6,70,913.3656173174309,275.71787164356647
ACACGGCACTATGCAT-1,0,7,71,900.7401510070781,298.1760055062059
CCCTGGTATGGGCGGC-1,0,6,72,887.691459391448,275.9611045776337
GGAGGATTGAAAGGAG-1,0,7,73,875.0659930810948,298.41923844027224
CCGCTGGTGCCATTCA-1,0,6,74,862.0173014654647,276.20433751170094
GTTAGAGTGTGCCGCT-1,0,7,75,849.391835155112,298.6624713743395
TCGGAATGACCATCAA-1,0,6,76,836.3431435394818,276.44757044576727
TTCAATTAGCCATAAT-1,0,7,77,823.7176772291286,298.9057043084067
GATGTGTTGTCACAAG-1,0,6,78,810.6689856134985,276.6908033798345
TCTTTCTCTTAAGGAG-1,0,7,79,798.0435193031453,299.14893724247304
ACCCTTTAGTTCTCCA-1,0,6,80,784.9948276875157,276.93403631390174
ACCACAACTCAGAACA-1,0,7,81,772.3693613771625,299.3921701765403
TATGATAAATCTAACG-1,0,6,82,759.3206697615324,277.17726924796807
GATCCTCTTGCGCTTA-1,0,7,83,746.6952034511792,299.6354031106075
TTCTACCTTTATGTTG-1,0,6,84,733.6465118355491,277.4205021820353
GAAATACCTGCTGGCT-1,0,7,85,721.0210455251963,299.87863604467384
ATTCTGAGTATGAACT-1,0,6,86,707.9723539095662,277.66373511610254
GGATTAAGCTAAGGTC-1,0,7,87,695.346887599213,300.1218689787411
AGTACGTGGCCTGTCT-1,0,6,88,682.2981959835829,277.90696805016887
TCAGGGTGCACGAAAC-1,0,7,89,669.6727296732302,300.3651019128083
AAATTTACCGAAATCC-1,0,6,90,656.6240380576,278.1502009842361
TTGAGGCATTTAACTC-1,0,7,91,643.9985717472468,300.60833484687464
AACCAGTATCACTCTT-1,0,6,92,630.9498801316167,278.39343391830334
CACCGGAGATATCTCC-1,0,7,93,618.3244138212635,300.8515677809419
GACTGGGCGCCGCAAC-1,0,6,94,605.2757222056339,278.6366668523697
CACGTCTATGATGTGG-1,0,7,95,592.6502558952807,301.0948007150091
TTAAGACGAACGAACC-1,0,6,96,579.6015642796506,278.8798997864369
TGACCAGCTTCAAAGT-1,0,7,97,566.9760979692974,301.33803364907544
AGAGTTAGAGACCGAT-1,0,6,98,553.9274063536677,279.12313272050415
TTCGGACTGATGCCTT-1,0,7,99,541.3019400433145,301.5812665831427
CTCGAATGGAACGTAT-1,0,6,100,528.2532484276844,279.3663656545714
GGACGGCTTGCGCAAC-1,0,7,101,515.6277821173312,301.8244995172099
CTAAGTACAGGGCTAC-1,0,6,102,502.5790905017011,279.6095985886377
ACAAATTCAGATCTGA-1,0,7,103,489.95362419134835,302.06773245127715
CATGGAAATGGGACCA-1,0,6,104,476.90493257571825,279.85283152270495
GGTGGACCACGTGTTA-1,0,7,105,464.27946626536504,302.3109653853435
CACGACGTAATAGTAA-1,0,6,106,451.23077464973494,280.0960644567722
CGGGTTCGGCACGTAT-1,0,7,107,438.6053083393822,302.5541983194107
CTGGGCTATCCTTTGG-1,0,6,108,425.5566167237521,280.3392973908385
GTATTAGGGTTCGCGT-1,0,7,109,412.9311504133989,302.79743125347795
TCATTCGTATAATTTG-1,0,6,110,399.8824587977688,280.58253032490575
AATAGCAAGCCTCCTG-1,0,7,111,387.2569924874156,303.0406641875443
CATCTACCCGAGAACG-1,0,6,112,374.2083008717859,280.825763258973
GCTTCAGTGGGATTAC-1,0,7,113,361.5828345614327,303.2838971216115
TCTGTGATGGAGGTTG-1,0,6,114,348.5341429458026,281.0689961930393
ATCCACTTTCAGACTA-1,0,7,115,335.9086766354494,303.52713005567875
ATGGTTACGAAACATG-1,0,6,116,322.8599850198193,281.31222912710655
GGCCCAATCTAGAGGG-1,0,7,117,310.23451870946656,303.7703629897451
GATGGTGAAATAACCC-1,0,6,118,297.18582709383645,281.5554620611738
AGAGGGACAATTGTCC-1,0,7,119,284.56036078348325,304.0135959238123
CGCGTACATTCTGGAA-1,0,6,120,271.51166916785314,281.7986949952401
CAAGAAACCCTAAACT-1,0,7,121,258.8862028575004,304.25682885787955
TTGGTGCGGTGTTGAA-1,0,6,122,245.8375112418703,282.04192792930735
GGTTCCCTAGTGTCTC-1,0,7,123,233.21204493151708,304.5000617919459
CGATAACCAATTTGAG-1,0,6,124,220.16335331588698,282.2851608633746
GCCCACTGGTCCACAA-1,0,7,125,207.53788700553378,304.7432947260131
GAGGGCCGGCAGAGTC-1,0,6,126,194.48919538990413,282.5283937974409
CGACACGGATGCCCAC-1,0,7,127,181.86372907955092,304.98652766008036
CTGTCTGTGGCTGGCT-1,0,8,0,1812.3843700321165,311.8777537424339
ATATTATCCCGTATTT-1,0,9,1,1799.7589037217633,334.33588760507337
GCGCTGGCGGAAAGTC-1,0,8,2,1786.7102121061334,312.12098667650116
ATCTAACGTCCCTATG-1,0,9,3,1774.0847457957802,334.5791205391397
GTCAGACAGCGTTGGA-1,0,8,4,1761.0360541801504,312.3642196105684
GCCAGGCTTAGTGGTA-1,0,9,5,1748.410587869797,334.82235347320693
ATTCAAAGTACCTGTT-1,0,8,6,1735.3618962541673,312.6074525446347
TGGACGTAGGCGAATC-1,0,9,7,1722.7364299438138,335.06558640727417
ACACATTGACGCAACA-1,0,8,8,1709.6877383281842,312.85068547870196
GATATCAGTATGTATC-1,0,9,9,1697.0622720178308,335.3088193413405
TGGGCCTTGCCTGCAT-1,0,8,10,1684.0135804022011,313.0939184127692
CAAAGTCAGGTTAGCT-1,0,9,11,1671.3881140918477,335.55205227540773
GGATCCCTACCAGCTA-1,0,8,12,1658.3394224762178,313.3371513468355
ATCGTCCAATCGAGTC-1,0,9,13,1645.7139561658646,335.79528520947497
ACATGGCTCAATTTAG-1,0,8,14,1632.6652645502347,313.58038428090276
AGGCCCAGTGACTGGT-1,0,9,15,1620.0397982398815,336.0385181435413
GCTTCCAGCTTAGATT-1,0,8,16,1606.9911066242516,313.82361721497
TGCTTGAAACCATGCA-1,0,9,17,1594.3656403138984,336.28175107760853
CAATATTGGACTAGTG-1,0,8,18,1581.3169486982686,314.0668501490363
CGTGCTGGCCTAGTCG-1,0,9,19,1568.6914823879154,336.52498401167577
CCTGCGATAGAACTGT-1,0,8,20,1555.6427907722855,314.31008308310356
GGGTAATGCTGTGTTT-1,0,9,21,1543.017324461932,336.7682169457421
AACGCGAACGGCAACA-1,0,8,22,1529.9686328463024,314.5533160171708
TGTCGGCATGGTGGAA-1,0,9,23,1517.343166535949,337.01144987980933
AGCGTACGAGAGCTAG-1,0,8,24,1504.2944749203193,314.7965489512371
ATACTCTCGCCACTCT-1,0,9,25,1491.6690086099659,337.25468281387657
AATCCATGCAAGGGTG-1,0,8,26,1478.6203169943362,315.03978188530436
TTAAACAGAGTCCCGC-1,0,9,27,1465.9948506839828,337.4979157479429
CCACAGCTGAAATCAT-1,0,8,28,1452.946159068353,315.2830148193716
CGGTTCCGGCTTCTTG-1,0,9,29,1440.3206927579997,337.74114868201013
GACGTGAGACTCCATG-1,0,8,30,1427.2720011423698,315.52624775343793
TCGTTGGCTCGTCAAT-1,0,9,31,1414.6465348320166,337.98438161607737
GGTGAACGGGCTAGCC-1,0,8,32,1401.5978432163868,315.76948068750517
GCACTGTGCAAATGTA-1,0,9,33,1388.9723769060336,338.2276145501446
ACGAGAACCCATCACG-1,0,8,34,1375.9236852904037,316.0127136215724
CCAGCTACGCCTCATA-1,0,9,35,1363.2982189800505,338.47084748421094
TCCCGGTCAGGAATTT-1,0,8,36,1350.2495273644206,316.25594655563964
TCGCATTCAATGACTT-1,0,9,37,1337.6240610540672,338.7140804182782
CTGGTTCAACGCATCA-1,0,8,38,1324.5753694384375,316.49917948970597
GGTGATTTCATCTTGT-1,0,9,39,1311.949903128084,338.9573133523454
CACCCTTTCCTCGCTC-1,0,8,40,1298.9012115124544,316.7424124237732
CAACTTGTAGTGGGCA-1,0,9,41,1286.275745202101,339.20054628641174
AATATCAAGGTCGGAT-1,0,8,42,1273.2270535864714,316.98564535784044
ACTCAGACCTGCTTCT-1,0,9,43,1260.601587276118,339.443779220479
TTGGAGTCTCCCTTCT-1,0,8,44,1247.552895660488,317.22887829190677
GGATACTCATGAATTG-1,0,9,45,1234.9274293501348,339.6870121545462
TGGGCACAAACAGAAC-1,1,8,46,1221.878737734505,317.472111225974
GAGCCACGGTAGTAGG-1,0,9,47,1209.2532714241518,339.93024508861254
TCGATAGGCTAGTCGC-1,1,8,48,1196.2045798085219,317.71534416004124
TAACCGCCCGCAGTGC-1,1,9,49,1183.5791134981687,340.1734780226798
GCCTATTTGCTACACA-1,1,8,50,1170.5304218825388,317.95857709410757
TTGACGATTCAGCACG-1,1,9,51,1157.9049555721856,340.416710956747
TTAAACCGGTAGCGAC-1,1,8,52,1144.8562639565557,318.2018100281748
ACCGAAAGGGCCCTGC-1,1,9,53,1132.2307976462023,340.65994389081334
ACGTTCCGCGCTCCGT-1,1,8,54,1119.1821060305726,318.44504296224204
ATACCAGGCTAATAGA-1,1,9,55,1106.5566397202192,340.9031768248806
CGGCTTTGTATGATAA-1,1,8,56,1093.5079481045896,318.68827589630837
CTTGACCCGAAAGATA-1,1,9,57,1080.8824817942361,341.1464097589478
CGCAGAAACATTTGCG-1,1,8,58,1067.8337901786065,318.9315088303756
GACCCGTCGCCGGCTA-1,1,9,59,1055.208323868253,341.38964269301414
AATCGGGACACTACGA-1,1,8,60,1042.1596322526232,319.17474176444284
GTCACAAAGTTTCCAA-1,1,9,61,1029.53416594227,341.6328756270814
TATATTCGCGTCGATA-1,1,8,62,1016.4854743266401,319.41797469850917
CCTCCCGACAATCCCT-1,1,9,63,1003.8600080162869,341.8761085611486
CGACATGCGATCTTCT-1,1,8,64,990.811316400657,319.6612076325764
AACACGACTGTACTGA-1,1,9,65,978.1858500903036,342.11934149521494
CCCAACCACACTAACA-1,1,8,66,965.1371584746742,319.90444056664364
CACCGCCGACCAGCGA-1,1,9,67,952.5116921643207,342.3625744292822
TGGTATCGCATCCCAA-1,0,8,68,939.4630005486908,320.1476735007109
CAGAGTGATTTAACGT-1,0,9,69,926.8375342383374,342.6058073633494
AACCCTGGTGGAACCA-1,0,8,70,913.7888426227073,320.3909064347772
GTCAGTTGTGCTCGTT-1,0,9,71,901.1633763123546,342.84904029741665
ATTGACGTAACTCGGT-1,0,8,72,888.1146846967245,320.63413936884444
GATGTCGGTCAACTGC-1,0,9,73,875.4892183863712,343.092273231483
AGGGCAGCGGCGTGGT-1,0,8,74,862.4405267707411,320.8773723029117
ACATCGTTAACCTAGT-1,0,9,75,849.8150604603884,343.3355061655502
TCCATTGTGACCTCGT-1,0,8,76,836.7663688447583,321.120605236978
TGTTTAATACTTCATC-1,0,9,77,824.1409025344051,343.57873909961745
TTGCTGGCCGGGCTTC-1,0,8,78,811.092210918775,321.36383817104524
CATATTATTTGCCCTA-1,0,9,79,798.4667446084218,343.8219720336838
CTGCCTAGCCACCAAG-1,0,8,80,785.4180529927921,321.6070711051125
ACGAGATATTTGCTTA-1,0,9,81,772.7925866824389,344.065204967751
GACTACAATTGCTCGT-1,0,8,82,759.7438950668088,321.8503040391788
AACGTGATGAAGGACA-1,0,9,83,747.1184287564556,344.30843790181825
ACTCTCTTATACACGA-1,0,8,84,734.0697371408255,322.09353697324605
CGCATCATGGCTTCAG-1,0,9,85,721.4442708304728,344.5516708358846
CGGCTCTTCGTCGAAC-1,0,8,86,708.3955792148427,322.3367699073133
ATTCTTCGTACTTATG-1,0,9,87,695.7701129044895,344.7949037699518
AGTGAGGGTTTCTGAC-1,0,8,88,682.7214212888593,322.5800028413796
GCCAGGCGTTCGCATG-1,0,9,89,670.0959549785066,345.03813670401905
GACTAACACAGCACCT-1,0,8,90,657.0472633628765,322.82323577544685
CAATGGAATCTACATA-1,0,9,91,644.4217970525233,345.2813696380854
GTGGTCAGCGAAGTAT-1,0,8,92,631.3731054368932,323.0664687095141
ATGGCTGGAAATGGCC-1,0,9,93,618.74763912654,345.5246025721526
ATCAGGTCGCCATTGC-1,0,8,94,605.6989475109103,323.3097016435804
TATCACCATGTAAAGT-1,0,9,95,593.0734812005571,345.76783550621985
AGCGCTTATGGGCAAG-1,0,8,96,580.024789584927,323.55293457764765
AAGCGGCGTCATGGGT-1,0,9,97,567.3993232745738,346.0110684402862
ACTAATACGTCAGGCG-1,0,8,98,554.3506316589442,323.7961675117149
GGCTGAGCATCGTAAG-1,0,9,99,541.725165348591,346.2543013743534
CGGTTGGGTTCAAGTT-1,0,8,100,528.6764737329609,324.0394004457821
GACTGATTGGTCACAA-1,0,9,101,516.0510074226077,346.49753430842065
AGACGGGCCGATTTAA-1,0,8,102,503.00231580697755,324.28263337984845
ACCAGTGCCCGGTCAA-1,0,9,103,490.3768494966248,346.7407672424879
GTCCTTTAATGACTTC-1,0,8,104,477.3281578809947,324.5258663139157
CCTACAAGTCCGGAAT-1,0,9,105,464.7026915706415,346.9840001765542
GCCTGCTACACTGAGA-1,0,8,106,451.6539999550114,324.7690992479829
GACTCGGTCGGCGGAT-1,0,9,107,439.02853364465864,347.22723311062146
CTAGACATATATGTAG-1,0,8,108,425.97984202902853,325.01233218204925
TCGCCCAACTGACTCC-1,0,9,109,413.3543757186753,347.4704660446887
AAACTAACGTGGCGAC-1,0,8,110,400.3056841030452,325.2555651161165
AACTGAGGTCAGCGTC-1,0,9,111,387.680217792692,347.713698978755
ACAATGATTCTTCTAC-1,0,8,112,374.63152617706237,325.4987980501837
ATAAGTACCCGATTGT-1,0,9,113,362.00605986670917,347.95693191282226
ATTGGGAGTTCTGTAA-1,0,8,114,348.95736825107906,325.74203098425005
CGAACATAGTCAGAAA-1,0,9,115,336.33190194072586,348.2001648468895
TAGCTCAGATCCTAGT-1,0,8,116,323.28321032509575,325.9852639183173
GTGTCGTATTCACCTT-1,0,9,117,310.657744014743,348.4433977809558
CTCACCGATCCAAACT-1,0,8,118,297.6090523991129,326.2284968523845
ATATGTGCACAAACCA-1,0,9,119,284.9835860887597,348.68663071502306
CAGTCCAACGCCTTCT-1,0,8,120,271.9348944731296,326.47172978645085
TCGTCCGGGTACACTC-1,0,9,121,259.30942816277684,348.9298636490903
GCAGAAACGTAATCCA-1,0,8,122,246.26073654714673,326.7149627205181
TTCGAGCCGGCGCTAC-1,0,9,123,233.63527023679353,349.1730965831566
GGAAGATAAGACTGTA-1,0,8,124,220.58657862116343,326.9581956545853
ATAAGCAAACACCGAG-1,0,9,125,207.96111231081022,349.41632951722386
GCATAAATTGAACGCC-1,0,8,126,194.91242069518057,327.20142858865165
CGCCGGTGTCGCAGTA-1,0,9,127,182.28695438482737,349.6595624512911
GACCTGGTCTGGGCGT-1,0,10,0,1812.807595337393,356.55078853364466
AGCCGCTTGATTAGCG-1,0,11,1,1800.1821290270398,379.0089223962841
CCCGGCTAGGTGAGAA-1,0,10,2,1787.13343741141,356.7940214677119
CGAGCCGAGCACTCGA-1,0,11,3,1774.5079711010567,379.25215533035043
TAGTGCTTGAATCCTT-1,0,10,4,1761.4592794854268,357.03725440177914
CAACCGCACCTAGACA-1,0,11,5,1748.8338131750734,379.49538826441767
ACCACTGTTCAAGAAG-1,0,10,6,1735.7851215594437,357.28048733584546
AGATGCTATAACGAGC-1,0,11,7,1723.1596552490903,379.7386211984849
AATTACTCGTACGCTC-1,0,10,8,1710.1109636334606,357.5237202699127
CGTCAATCTTTAACAT-1,0,11,9,1697.4854973231072,379.98185413255123
CCAAAGCAGTTGGTTG-1,0,10,10,1684.4368057074776,357.76695320397994
CCATATTGGATCATGA-1,0,11,11,1671.8113393971241,380.22508706661847
CGTACCGAAAGTCTAG-1,0,10,12,1658.7626477814943,358.01018613804627
CTCGAGATCCAAAGCA-1,0,11,13,1646.137181471141,380.4683200006857
TGGATAGAGTAACAGA-1,0,10,14,1633.0884898555112,358.2534190721135
TCACAGATCCTCAAAC-1,0,11,15,1620.463023545158,380.71155293475204
AGAGCTACGAAAGCAT-1,0,10,16,1607.414331929528,358.49665200618074
TGCGTGATTGGGTGTC-1,0,11,17,1594.7888656191749,380.9547858688193
CACATGTTTGGACATG-1,0,10,18,1581.740174003545,358.73988494024707
TTCGCATCCGGAAGCA-1,0,11,19,1569.1147076931918,381.1980188028865
CCCTAGTGTCAGGTGT-1,0,10,20,1556.066016077562,358.9831178743143
TTACCGCCTTAGGGAA-1,0,11,21,1543.4405497672085,381.44125173695284
CCAGTCCATTATTCGA-1,0,10,22,1530.3918581515788,359.22635080838154
CGTAAACGCTTGAGTG-1,0,11,23,1517.7663918412254,381.6844846710201
ATTCCTTCCAGGCGGT-1,0,10,24,1504.7177002255958,359.46958374244787
TTCCTTTCTGTGTTGC-1,0,11,25,1492.0922339152423,381.9277176050873
AGTTGACATCGGCTGG-1,0,10,26,1479.0435422996127,359.7128166765151
AACTCGATGGCGCAGT-1,0,11,27,1466.4180759892593,382.17095053915364
GATAAGGCAGATGCAA-1,0,10,28,1453.3693843736294,359.95604961058234
GGCTGGCTAGCTTAAA-1,0,11,29,1440.7439180632762,382.4141834732209
CCTCATGCAGCTACGA-1,0,10,30,1427.6952264476463,360.19928254464867
GACGCCTGTTGCAGGG-1,0,11,31,1415.069760137293,382.6574164072881
TAATTAGATGGATATG-1,0,10,32,1402.0210685216632,360.4425154787159
GAGGGCATCGCGTATC-1,0,11,33,1389.39560221131,382.90064934135535
CTTGTGAGTCTTTGAC-1,0,10,34,1376.3469105956801,360.68574841278314
TCAACACATTGGGTAA-1,0,11,35,1363.721444285327,383.1438822754217
ACTGTATACGCGAGCA-1,0,10,36,1350.672752669697,360.9289813468504
GTGAAACGTGCTCCAC-1,0,11,37,1338.0472863593436,383.3871152094889
CGAGTGCTATAGTTCG-1,0,10,38,1324.998594743714,361.1722142809167
GTACTGCATGAAGCGT-1,0,11,39,1312.3731284333605,383.63034814355615
GTAACTTGCGGCAGTC-1,0,10,40,1299.3244368177309,361.41544721498394
GAATCGCCGGACACGG-1,0,11,41,1286.6989705073775,383.8735810776225
GGGAGTAATGGCTGGC-1,0,10,42,1273.6502788917478,361.6586801490512
CATGAACCGACATTTG-1,0,11,43,1261.0248125813944,384.1168140116897
TCTGTCATACAAGAGC-1,0,10,44,1247.9761209657645,361.9019130831175
GTCGTCAATTATAAGG-1,0,11,45,1235.3506546554113,384.36004694575695
TAAAGAGCCCGAAACC-1,0,10,46,1222.3019630397814,362.14514601718474
GTACTGAGGTCGTAAC-1,0,11,47,1209.6764967294282,384.6032798798233
AAAGACCCAAGTCGCG-1,1,10,48,1196.6278051137983,362.388378951252
CGTCAGTGCGCACAAG-1,1,11,49,1184.0023388034451,384.8465128138905
TGTATCCTTATTCCAT-1,1,10,50,1170.9536471878152,362.6316118853183
ATTCTCGTCTCTTTAG-1,1,11,51,1158.328180877462,385.08974574795775
AAAGTCACTGATGTAA-1,1,10,52,1145.2794892618322,362.87484481938554
TGTCTACAGTTTCTGT-1,1,11,53,1132.6540229514787,385.3329786820241
TTAACGTCGCAAGACC-1,1,10,54,1119.605331335849,363.1180777534528
CTATGTCTATTGAAAC-1,1,11,55,1106.9798650254957,385.5762116160913
TCGGGTGAAACTGCTA-1,1,10,56,1093.931173409866,363.3613106875191
TGTCCCGACATAGCAC-1,1,11,57,1081.3057070995126,385.81944455015855
ACAGCATAGAGCCAGT-1,1,10,58,1068.257015483883,363.60454362158634
ATATTCCCACAGGTCA-1,1,11,59,1055.6315491735295,386.0626774842249
TTGGATCGACTTCTGG-1,1,10,60,1042.5828575578996,363.8477765556536
CACCATCGGAGGAGAC-1,1,11,61,1029.9573912475464,386.3059104182921
TCGTTCGTTATTATGT-1,1,10,62,1016.9086996319165,364.0910094897199
CTTAACTTCGAAGTAC-1,1,11,63,1004.2832333215633,386.54914335235935
GCACAAGTGTCGGAAG-1,1,10,64,991.2345417059335,364.33424242378715
TACCAGCTAGGTTTAA-1,1,11,65,978.60907539558,386.7923762864257
ACGTACAGATTTCTCT-1,1,10,66,965.5603837799506,364.5774753578544
AATTTGGTTCCAAAGA-1,0,11,67,952.9349174695972,387.0356092204929
GTAAGGATTTGTCGGA-1,0,10,68,939.8862258539673,364.8207082919216
CATCATCTACCCGGAC-1,0,11,69,927.2607595436139,387.27884215456015
ACGATGGATCCGATGC-1,0,10,70,914.2120679279838,365.06394122598795
CACTCAGCTCTTGAGG-1,0,11,71,901.586601617631,387.5220750886274
TAGATCCGAAGTCGCA-1,0,10,72,888.5379100020014,365.3071741600552
TGAAACTTATGCAAGC-1,0,11,73,875.9124436916477,387.7653080226937
GCGATTCTGGAAGCAG-1,0,10,74,862.863752076018,365.5504070941224
CAAACTATTGAGCTTC-1,0,11,75,850.2382857656648,388.00854095676095
TAGAATTAAGGGCAAC-1,0,10,76,837.1895941500347,365.79364002818875
CGAAACATAGATGGCA-1,0,11,77,824.5641278396815,388.2517738908282
GATGGTGCCCTAGGCA-1,0,10,78,811.5154362240514,366.036872962256
CCCGCAGGGCCCAAAG-1,0,11,79,798.8899699136982,388.4950068248945
ACAGCGCACCCGCAGC-1,0,10,80,785.841278298069,366.2801058963232
GGTAAATGTGCGTTAC-1,0,11,81,773.2158119877154,388.73823975896175
GTCCTTCTAGTGGGTT-1,0,10,82,760.1671203720857,366.52333883038955
GGAAGCTCGCTTACAG-1,0,11,83,747.5416540617321,388.981472693029
CACCGATACACCGAGC-1,0,10,84,734.4929624461024,366.7665717644568
CAGCCGGGCCCTCTAT-1,0,11,85,721.8674961357492,389.2247056270953
CGGAGCTTATAACACC-1,0,10,86,708.8188045201191,367.009804698524
ATTACAACTACCGGCC-1,0,11,87,696.1933382097659,389.46793856116255
TCCTCTGGCCCATTAG-1,0,10,88,683.1446465941358,367.25303763259035
CGGCACCGTTAGCGCC-1,0,11,89,670.519180283783,389.7111714952298
TCGGTCCCTGACTCCA-1,0,10,90,657.4704886681534,367.4962705666576
TGGTTGGAGGATCCTG-1,0,11,91,644.8450223577997,389.9544044292961
CTGCGGTAGTCACGTG-1,0,10,92,631.7963307421701,367.7395035007248
GTGCCTCAGTGTACGG-1,0,11,93,619.1708644318164,390.19763736336336
ATCGTTCACTTTCGCC-1,0,10,94,606.1221728161868,367.98273643479115
ACTTACCGGGCGCGCA-1,0,11,95,593.4967065058336,390.4408702974306
CTAGACTGCATTTCGT-1,0,10,96,580.4480148902035,368.2259693688584
TTGCCGGTGATCCCTC-1,0,11,97,567.8225485798503,390.6841032314969
CTGTCACGCCAGGCGC-1,0,10,98,554.7738569642211,368.4692023029256
CGGTATAGGTATTAGC-1,0,11,99,542.1483906538674,390.92733616556416
CCAACGCTTGCCAGGG-1,0,10,100,529.0996990382378,368.71243523699286
CGTTGAGTAATTGCGT-1,0,11,101,516.4742327278841,391.1705690996314
TGTATTTACCTAATGC-1,0,10,102,503.42554111225445,368.9556681710592
TAAATGCCGTCTCATG-1,0,11,103,490.80007480190125,391.41380203369863
CGGTTTATGAAGGAAC-1,0,10,104,477.75138318627114,369.1989011051264
GCAAGATGTGTTCGCG-1,0,11,105,465.12591687591794,391.65703496776496
AAAGGTAAGCTGTACC-1,0,10,106,452.07722526028783,369.44213403919366
GTACGTCACGTATTAA-1,0,11,107,439.4517589499351,391.9002679018322
AGTACCTTCGAGTGCT-1,0,10,108,426.40306733430543,369.68536697326
ATTGTGACTTCGCTGC-1,0,11,109,413.7776010239518,392.14350083589943
TGTATCAGACTGAAGC-1,0,10,110,400.7289094083221,369.9285999073272
GAGACCCTGCAACGCC-1,0,11,111,388.10344309796847,392.38673376996576
TGGGTGGGATGTCATT-1,0,10,112,375.0547514823388,370.17183284139446
GGCTAATGATTGAAAT-1,0,11,113,362.4292851719856,392.629966704033
ATAACGTTACCTCCAC-1,0,10,114,349.3805935563555,370.4150657754608
TGCGAGATGGCGGCCA-1,0,11,115,336.7551272460023,392.87319963810023
CACACTTGTATTGCGA-1,0,10,116,323.7064356303722,370.658298709528
GCTGGTGACTCGTAGT-1,0,11,117,311.08096932001945,393.11643257216656
CGACACCGCTTAAGGA-1,0,10,118,298.0322777043898,370.90153164359526
GTAACAACTGACCTTG-1,0,11,119,285.40681139403614,393.3596655062338
CAACTGAGGGTATGAC-1,0,10,120,272.3581197784065,371.1447645776616
CTAATTATGAAGCGTA-1,0,11,121,259.7326534680533,393.60289844030103
CCGATCTTAAGAGGCT-1,0,10,122,246.68396185242318,371.3879975117288
CGACTCGGTACACGGT-1,0,11,123,234.05849554206998,393.84613137436736
TGCTGCGTCAGAGTTA-1,0,10,124,221.00980392643987,371.63123044579606
AGAGTTGCAGGCCTCC-1,0,11,125,208.38433761608667,394.0893643084346
ACTGGCGAACCTGCGT-1,0,10,126,195.33564600045747,371.8744633798624
ACTAAGGACGCACACC-1,0,11,127,182.7101796901038,394.33259724250183
CGTCCAGATGGCTCCA-1,0,12,0,1813.2308206426694,401.2238233248554
ACTATCGCCGGCTAAA-1,0,13,1,1800.6053543323162,423.68195718749394
GATAGCGTACCACGCG-1,0,12,2,1787.5566627166863,401.46705625892264
AGGACTTATAGGAGAA-1,0,13,3,1774.9311964063331,423.92519012156026
TAGTCGGGATTCTTCG-1,0,12,4,1761.8825047907033,401.7102891929899
ACCATTAAGGGTGTCA-1,0,13,5,1749.2570384803498,424.1684230556275
TTAATGTGTTTGCAGG-1,0,12,6,1736.2083468647202,401.9535221270562
TCCGCAGCCACCTAGC-1,0,13,7,1723.5828805543667,424.41165598969474
GAGGAGATCCTCATGC-1,0,12,8,1710.534188938737,402.19675506112344
GGTCCTTCATACGACT-1,0,13,9,1697.9087226283837,424.65488892376106
CCCTGTTGGCAAAGAC-1,0,12,10,1684.860031012754,402.4399879951907
GTGCCTAGCTATGCTT-1,0,13,11,1672.2345647024006,424.8981218578283
GTCATCTCCTACAGCT-1,0,12,12,1659.1858730867707,402.683220929257
GCGAGAAACGGGAGTT-1,0,13,13,1646.5604067764175,425.14135479189554
CGTCGCGGCGGGATTT-1,0,12,14,1633.5117151607876,402.92645386332424
CATTGTGTGCTAGATC-1,0,13,15,1620.8862488504344,425.38458772596186
CGCGGCAGTATTACGG-1,0,12,16,1607.8375572348045,403.1696867973915
GAAATGGGATGTAAAC-1,0,13,17,1595.2120909244513,425.6278206600291
CATTCCCTAAGTACAA-1,0,12,18,1582.1633993088215,403.4129197314578
AGTTCTGCGTTGTATC-1,0,13,19,1569.5379329984682,425.87105359409634
ACCCTATAGGACTGAG-1,0,12,20,1556.4892413828384,403.65615266552504
TTAGATAGGTCGATAC-1,0,13,21,1543.863775072485,426.11428652816267
ATTGATAGCAACGAGA-1,0,12,22,1530.8150834568553,403.8993855995923
TCTCGGCTCCAGGACT-1,0,13,23,1518.1896171465019,426.3575194622299
CTTGAGGTTATCCCGA-1,0,12,24,1505.1409255308722,404.1426185336586
AAGAAGGATCAGTTAG-1,0,13,25,1492.5154592205188,426.60075239629714
GTACGACGGCGCTGCG-1,0,12,26,1479.4667676048891,404.38585146772584
CTTATGTTGACTACCA-1,0,13,27,1466.8413012945357,426.84398533036347
CGGCACTCAAGAAAGT-1,0,12,28,1453.7926096789058,404.6290844017931
GTCAAAGTTTACATAG-1,0,13,29,1441.1671433685526,427.0872182644307
CTCCTAAGTTATGTCT-1,0,12,30,1428.1184517529227,404.8723173358594
ACTGTGCTAGTAGATC-1,0,13,31,1415.4929854425695,427.33045119849794
GTTTGGCCGCTCAGCG-1,0,12,32,1402.4442938269397,405.11555026992664
TTATCCAATCGAACTC-1,0,13,33,1389.8188275165865,427.57368413256427
CCGTACCCAAGCGCCA-1,0,12,34,1376.7701359009566,405.3587832039939
CATACAAAGCCGAACC-1,0,13,35,1364.1446695906034,427.8169170666315
GGTCGGTAATTAGACA-1,0,12,36,1351.0959779749735,405.6020161380611
AGCGGGAAGGGTCCAT-1,0,13,37,1338.47051166462,428.06015000069874
GCCCACCAAGGCTGTC-1,0,12,38,1325.4218200489904,405.84524907212744
GTAGACGTCGTTACAT-1,0,13,39,1312.796353738637,428.303382934766
GAGCATCATCCCTGGG-1,0,12,40,1299.7476621230073,406.0884820061947
AGGTAACCTCCTATTC-1,0,13,41,1287.122195812654,428.5466158688323
GGTTTGAGTGCTGGAA-1,0,12,42,1274.0735041970242,406.3317149402619
GCACTAGTCGCGCTAT-1,0,13,43,1261.4480378866708,428.78984880289954
GGTAACTATGTATCTG-1,0,12,44,1248.399346271041,406.57494787432825
GCGGTCCCTAGACGCA-1,0,13,45,1235.7738799606877,429.0330817369668
CGAGCGTTGATCAGCC-1,0,12,46,1222.7251883450579,406.8181808083955
AATCCAAGGGCCTGAG-1,0,13,47,1210.0997220347047,429.2763146710331
CCGTGCCCATGACGGC-1,0,12,48,1197.0510304190748,407.0614137424627
GAAATTCACATCGCTG-1,1,13,49,1184.4255641087216,429.51954760510034
CTCTGCGAAGCAAGCA-1,1,12,50,1171.3768724930917,407.30464667652905
AGTAGGTAACATACAT-1,1,13,51,1158.7514061827385,429.7627805391676
ATTGGGAATATCTTGG-1,1,12,52,1145.7027145671086,407.5478796105963
TAGAGCTACGAAGAAC-1,1,13,53,1133.0772482567552,430.0060134732339
TGCGGCATAGTTCAAC-1,1,12,54,1120.0285566411255,407.7911125446635
CCGCCGGTCAACACAC-1,1,13,55,1107.403090330772,430.24924640730114
TCGTATAGTGCAATTA-1,1,12,56,1094.3543987151425,408.03434547872985
TAGTTTATTCTTGCTT-1,1,13,57,1081.728932404789,430.4924793413684
GATATCTCATGCAATA-1,1,12,58,1068.6802407891594,408.2775784127971
CGTTTAAGCGGAGCAC-1,1,13,59,1056.054774478806,430.7357122754347
CATGCTGGCTCCAATT-1,1,12,60,1043.006082863176,408.5208113468643
GAAACAGCCATGCAGT-1,1,13,61,1030.3806165528229,430.97894520950194
AGTTTCGCAGGTCGGA-1,1,12,62,1017.331924937193,408.76404428093065
CTCATGGCTCACAATC-1,1,13,63,1004.7064586268398,431.2221781435692
AACCGTTGTGTTTGCT-1,1,12,64,991.6577670112099,409.0072772149979
ACCCTTCATCTGCGAA-1,1,13,65,979.0323007008565,431.4654110776355
TGCGGTGAAATTTCAT-1,1,12,66,965.983609085227,409.2505101490651
CAAATTGTCAGCAAGC-1,1,13,67,953.3581427748736,431.70864401170275
GAGGTACATCCATCTT-1,0,12,68,940.3094511592437,409.49374308313236
AAATGGCATGTCTTGT-1,1,13,69,927.6839848488903,431.95187694577
TCATCCCAGAGGGTGG-1,0,12,70,914.6352932332607,409.7369760171987
CGTAGCGAATTGTCAG-1,1,13,71,902.0098269229075,432.1951098798372
CCTAGTTAGTCGCATG-1,0,12,72,888.9611353072778,409.9802089512659
GAAACTCTAATGAAGG-1,0,13,73,876.3356689969241,432.43834281390355
TTGTATCACACAGAAT-1,0,12,74,863.2869773812945,410.22344188533316
TTCAAGCCGAGCTGAG-1,0,13,75,850.6615110709413,432.6815757479708
AGGTACGATATTGCCA-1,0,12,76,837.6128194553116,410.4666748193995
TTAAGCCGACAACTTC-1,0,13,77,824.987353144958,432.924808682038
GTCTTAGTACAGCCGG-1,0,12,78,811.9386615293283,410.7099077534667
TGGGTAAGGTTCCCGC-1,0,13,79,799.3131952189747,433.16804161610435
CTACGCCATTTCCGAT-1,0,12,80,786.2645036033455,410.95314068753396
GACCGTCAGGTCGTGA-1,0,13,81,773.6390372929918,433.4112745501716
TAGTTAAGATAGGATA-1,0,12,82,760.5903456773622,411.1963736216003
GAATATTCGGAGTCCC-1,0,13,83,747.9648793670085,433.6545074842388
CAAACTACGATAGAGA-1,0,12,84,734.9161877513789,411.4396065556675
CAGGAAGACTTTATAT-1,0,13,85,722.2907214410257,433.89774041830515
TTCGTAATCCCAGCGG-1,0,12,86,709.242029825396,411.68283948973476
GTGAGGAGCGGTTGAG-1,0,13,87,696.6165635150423,434.1409733523724
CAATCCCTATACCAGC-1,0,12,88,683.5678718994127,411.9260724238011
AGGGAAACGAGGTACT-1,0,13,89,670.9424055890595,434.3842062864396
TCCTGCCAACTGGAGA-1,0,12,90,657.8937139734298,412.1693053578683
AATTTGGGACATAGTA-1,0,13,91,645.2682476630762,434.62743922050595
AACTCCTAATCCCATG-1,0,12,92,632.2195560474465,412.41253829193556
GCTCATTACTGCATGT-1,0,13,93,619.5940897370929,434.8706721545732
TCTCGAACGAGGTCAC-1,0,12,94,606.5453981214637,412.6557712260019
TCACTACGACCAATGC-1,0,13,95,593.91993181111,435.1139050886404
GTGATGCACAACATCT-1,0,12,96,580.8712401954804,412.8990041600691
CCGACGTAAACACAAC-1,0,13,97,568.2457738851267,435.35713802270675
TGGGATGCACTCATTC-1,0,12,98,555.1970822694975,413.14223709413636
TTCCATCATGCGGTGA-1,0,13,99,542.5716159591439,435.600370956774
TGCACAGTGAAGTTAT-1,0,12,100,529.5229243435142,413.3854700282036
CTATTGTGTTTGGTCA-1,0,13,101,516.8974580331605,435.8436038908412
TGCGAGCCCTTCCGCG-1,0,12,102,503.8487664175309,413.6287029622699
TTGAAAGGTGTAAAGG-1,0,13,103,491.2233001071777,436.08683682490846
GGTGCAGAGCCTATCG-1,0,12,104,478.17460849154804,413.87193589633716
ACTATATGCTGTGTTC-1,0,13,105,465.5491421811944,436.3300697589748
TCCTGGCGCTGCCTGG-1,0,12,106,452.50045056556473,414.1151688304044
GAGCCGAGCGTTTATT-1,0,13,107,439.87498425521153,436.573302693042
AGAATGCGGGTTCGGA-1,0,12,108,426.8262926395819,414.3584017644707
ATGCGACAATTGGTCC-1,0,13,109,414.2008263292282,436.81653562710926
TTCCGGCTCGACTTCT-1,0,12,110,401.15213471359857,414.60163469853796
TGATTATGGCACGCAG-1,0,13,111,388.5266684032449,437.0597685611756
GGTTTGACAAGAAGCT-1,0,12,112,375.4779767876157,414.8448676326052
GCAGCTATGGACAGGT-1,0,13,113,362.85251047726206,437.3030014952428
CACCATGATCGCAAAG-1,0,12,114,349.8038188616324,415.0881005666715
GTCGGAAGGATACCAG-1,0,13,115,337.17835255127875,437.54623442931006
GGCCCAGTTATCAGCA-1,0,12,116,324.1296609356491,415.33133350073876
GGGCCTATTTAAGTAT-1,0,13,117,311.5041946252959,437.7894673633764
GTTGTTACATTGCGCT-1,0,12,118,298.45550300966624,415.574566434806
CAACTCCGTAACTTGC-1,0,13,119,285.8300366993126,438.0327002974436
GATCTTTGCTCAAAGA-1,0,12,120,272.78134508368294,415.81779936887233
TCGCTTAATTACGAAG-1,0,13,121,260.15587877332973,438.27593323151086
CGATCATTAGAGGCAC-1,0,12,122,247.10718715770008,416.06103230293957
TGTTCTCTACTCCCTA-1,0,13,123,234.48172084734642,438.5191661655772
GCTTAGGGAAGCGGTA-1,0,12,124,221.43302923171677,416.3042652370068
CAGGTTTAGTACTACA-1,0,13,125,208.80756292136311,438.7623990996444
AAGCGGAGTGCGCGCA-1,0,12,126,195.75887130573392,416.54749817107313
TCAGATGGAGACGTAG-1,0,13,127,183.13340499538026,439.00563203371166
TCGCACTAACGTTTGT-1,0,14,0,1813.6540459479459,445.89685811606523
CACGTCGGGTTCTAGA-1,0,15,1,1801.0285796375927,468.3549919787047
GGAGTACACATGAGCT-1,0,14,2,1787.9798880219628,446.14009105013247
GTGTGTCGACGTCGCT-1,0,15,3,1775.3544217116096,468.598224912771
GAAGCTCTTTGCTTAG-1,0,14,4,1762.3057300959797,446.3833239841997
ACACCGAGCGCTCTTT-1,0,15,5,1749.6802637856263,468.84145784683824
CGTAATAATTACGAGT-1,0,14,6,1736.6315721699966,446.62655691826603
CATCAACACCTACTAA-1,0,15,7,1724.0061058596432,469.0846907809055
CCAAGTTTCTACAGAT-1,0,14,8,1710.9574142440135,446.86978985233327
ACGGGTCATGTGACTT-1,0,15,9,1698.33194793366,469.3279237149718
AGTGTGCTAAGATCGC-1,0,14,10,1685.2832563180305,447.1130227864005
GGCGGTTTGCCGGTGC-1,0,15,11,1672.657790007677,469.57115664903904
GTATAATCTCCCGGAT-1,0,14,12,1659.6090983920471,447.35625572046683
TAGTCCGTATGCATAA-1,0,15,13,1646.983632081694,469.8143895831063
CACTTCGTCTTATCTC-1,0,14,14,1633.934940466064,447.59948865453407
CATCCGCAGGCCCGAA-1,0,15,15,1621.3094741557109,470.0576225171726
CCCTGATGTAACTCGT-1,0,14,16,1608.260782540081,447.8427215886013
CCATAGTCAGTAACCC-1,0,15,17,1595.6353162297278,470.30085545123984
CGGGCCATAGCCGCAC-1,0,14,18,1582.586624614098,448.08595452266763
CTCCGGCTTGTAGACA-1,0,15,19,1569.9611583037447,470.5440883853071
AACTTGCGTTCTCGCG-1,0,14,20,1556.9124666881148,448.32918745673487
AATGAGTTCGCATATG-1,0,15,21,1544.2870003777614,470.7873213193734
CGAGGCCAGGCATTGG-1,0,14,22,1531.2383087621317,448.5724203908021
TCTGCGTCCGGTTTCT-1,0,15,23,1518.6128424517783,471.03055425344064
CAATCCTGCCGTGGAG-1,0,14,24,1505.5641508361487,448.81565332486844
CTGAGCAAGTAACAAG-1,0,15,25,1492.9386845257952,471.2737871875079
GGGTACCCACGGTCCT-1,0,14,26,1479.8899929101656,449.0588862589357
ACGGAATTTAGCAAAT-1,0,15,27,1467.2645265998121,471.5170201215742
GGGCGGTCCTATTGTC-1,0,14,28,1454.2158349841823,449.3021191930029
ATGTTACGAGCAATAC-1,0,15,29,1441.590368673829,471.76025305564144
AACCATGGGATCGCTA-1,0,14,30,1428.5416770581992,449.54535212706924
TCGCATCCCTAAGTGT-1,0,15,31,1415.916210747846,472.0034859897087
ACTTAGTACGACAAGA-1,0,14,32,1402.867519132216,449.7885850611365
GAGCTCTCGGACCTAA-1,0,15,33,1390.242052821863,472.246718923775
TCTATTACGCTGGCGA-1,0,14,34,1377.193361206233,450.0318179952037
AGATACGACTTCATAT-1,0,15,35,1364.5678948958798,472.48995185784224
CGCTATACCGCCCACT-1,0,14,36,1351.51920328025,450.27505092927095
CAGTGTCCGCAGAATG-1,0,15,37,1338.8937369698965,472.7331847919095
CCATCCATACCAAGTC-1,0,14,38,1325.8450453542669,450.5182838633373
AACCCAGAGACGGAGA-1,0,15,39,1313.2195790439134,472.9764177259767
GAAGAACGGTGCAGGT-1,0,14,40,1300.1708874282838,450.7615167974045
GATAAATCGGTGGATG-1,0,15,41,1287.5454211179303,473.21965066004304
CAGCTCGTGCTTGTGT-1,0,14,42,1274.4967295023007,451.00474973147175
GAGTACGGGTATACAA-1,0,15,43,1261.8712631919473,473.4628835941103
CATCGCCCGCGGCCAA-1,0,14,44,1248.8225715763174,451.2479826655381
TCTTACAGAGGTACCG-1,0,15,45,1236.1971052659642,473.7061165281775
TGGAAGACGAACACCA-1,0,14,46,1223.1484136503343,451.4912155996053
GTTGTCGTGTTAGTTG-1,1,15,47,1210.522947339981,473.94934946224384
CCAAGGAACAGAGAGG-1,1,14,48,1197.4742557243512,451.73444853367255
CTGCACCTGGAACCGC-1,1,15,49,1184.848789413998,474.1925823963111
CGCTTTCATACCGGTG-1,1,14,50,1171.8000977983681,451.9776814677389
GTTCTTCCCTCGATGT-1,1,15,51,1159.174631488015,474.4358153303783
ATTTAACTCGTATTAC-1,1,14,52,1146.125939872385,452.2209144018061
AACGATAGAAGGGCCG-1,1,15,53,1133.5004735620316,474.67904826444465
TATCCTGCATGGGAAT-1,1,14,54,1120.451781946402,452.46414733587335
AGGCCCATTGTACAGG-1,1,15,55,1107.8263156360485,474.9222811985119
CCGGCGCATATTGGAT-1,1,14,56,1094.777624020419,452.7073802699397
ATCTGTAATTGTACCC-1,1,15,57,1082.1521577100655,475.1655141325791
GAGCGAGGGAGTACCG-1,1,14,58,1069.1034660944358,452.9506132040069
TTATTAGGGAAGCATC-1,1,15,59,1056.4779997840824,475.40874706664545
CTTCTTACGTCGTATA-1,1,14,60,1043.4293081684525,453.19384613807415
GAAGTGCTGGATAGCT-1,1,15,61,1030.8038418580993,475.6519800007127
GTGCAACAAATGTGGC-1,1,14,62,1017.7551502424694,453.4370790721405
CATGCGTTAGACAGAA-1,1,15,63,1005.1296839321162,475.8952129347799
ACACACTTTCTACACG-1,1,14,64,992.0809923164863,453.6803120062077
AGCCCTAAGCGAAGTT-1,1,15,65,979.4555260061329,476.13844586884625
ATTAATTCGGTCACTC-1,1,14,66,966.4068343905035,453.92354494027495
AACAGGAAATCGAATA-1,1,15,67,953.7813680801501,476.3816788029135
ACGTTTAGTTGTGATC-1,1,14,68,940.7326764645202,454.1667778743422
TCCTTCAGTGGTCGAA-1,1,15,69,928.1072101541668,476.6249117369807
CGAACGCCCAGTGCCG-1,1,14,70,915.0585185385371,454.4100108084085
CCTCGAAGTGGACGGG-1,0,15,71,902.4330522281839,476.86814467104796
CTCTGTTTGAGGATTC-1,0,14,72,889.3843606125542,454.65324374247575
TGGGCACGTTCTATGG-1,1,15,73,876.7588943022006,477.1113776051143
ACTATTCGTCCGTGGT-1,0,14,74,863.7102026865709,454.896476676543
CCTCTGGCCTAGACGG-1,0,15,75,851.0847363762177,477.3546105391815
CCATAAACAACCCGAC-1,0,14,76,838.0360447605881,455.1397096106093
CATAGTACATTGAGAG-1,0,15,77,825.4105784502344,477.59784347324876
ATTTCATTATTTCGCG-1,0,14,78,812.3618868346048,455.38294254467655
CAACTATATCGAATGC-1,0,15,79,799.7364205242511,477.8410764073151
CTAGTATTCGGAATTA-1,0,14,80,786.6877289086219,455.6261754787438
GTGGAACCTACATGCG-1,0,15,81,774.0622625982683,478.0843093413823
CCTAAAGGCTGACGCT-1,0,14,82,761.0135709826386,455.8694084128101
CGTGACATTGGGTCGT-1,0,15,83,748.388104672285,478.32754227544956
CCAATCGGTAGATCGA-1,0,14,84,735.3394130566553,456.11264134687735
ATTGTCGCAATACCTT-1,0,15,85,722.7139467463021,478.5707752095159
AAATTACACGACTCTG-1,0,14,86,709.6652551306724,456.3558742809446
CACTCCTCTCGGTCGG-1,0,15,87,697.0397888203188,478.8140081435831
AAATAACCATACGGGA-1,0,14,88,683.9910972046891,456.5991072150109
AGTTACTCTATCGTGG-1,0,15,89,671.3656308943359,479.05724107765036
CGTTAGCTCACAACTG-1,0,14,90,658.3169392787063,456.84234014907815
GAATGTATGGCAGGTC-1,0,15,91,645.6914729683526,479.3004740117167
GCAACCACCAGACCGG-1,0,14,92,632.642781352723,457.0855730831454
TCACTCGTGCAACGGC-1,0,15,93,620.0173150423693,479.5437069457839
AAACAGAGCGACTCCT-1,0,14,94,606.9686234267401,457.3288060172117
CAGCCTCTCCTCAAGA-1,0,15,95,594.3431571163865,479.78693987985116
TTGCGTGAACGCTTAG-1,0,14,96,581.2944655007568,457.57203895127896
CCGCCTGCGAATTGGT-1,0,15,97,568.6689991904032,480.0301728139175
AGATGAGGGTTGCGAT-1,0,14,98,555.620307574774,457.8152718853462
CGGTGGGCTCCAGCCT-1,0,15,99,542.9948412644203,480.2734057479847
GGCAGCGGTAATCCTA-1,0,14,100,529.9461496487907,458.05850481941343
GCTAGCAGGGAGTGGG-1,0,15,101,517.320683338437,480.51663868205196
CTCAAGACATTAGCGC-1,0,14,102,504.27199172280734,458.30173775347976
CACGGCGCGCCAAAGG-1,0,15,103,491.64652541245414,480.7598716161192
TGCAATTTGGGCACGG-1,0,14,104,478.5978337968245,458.544970687547
ATGCCAATCGCTCTGC-1,0,15,105,465.97236748647083,481.0031045501855
GCTGGACCCAAAGTGG-1,0,14,106,452.9236758708412,458.78820362161423
ATTCCTAAGACGTGGA-1,0,15,107,440.298209560488,481.24633748425276
TCCGGAGGAAGGGCTG-1,0,14,108,427.2495179448583,459.03143655568056
TCGGTGACCGCTCCGG-1,0,15,109,414.62405163450467,481.48957041832
TCCGAAGTAGTCACCA-1,0,14,110,401.575360018875,459.2746694897478
CATGTAGGAGCGCCAA-1,0,15,111,388.94989370852136,481.7328033523863
CACAAGAAAGATATTA-1,0,14,112,375.90120209289216,459.51790242381503
AGGGTCAGTAACCCTA-1,0,15,113,363.2757357825385,481.97603628645356
TAAGCCCTTACGACCA-1,0,14,114,350.22704416690885,459.76113535788136
ATACCGTCATCCATAA-1,0,15,115,337.6015778565552,482.2192692205208
GGACGTCCATAGTTGG-1,0,14,116,324.55288624092555,460.0043682919486
CATCAAACTGGCGCCC-1,0,15,117,311.92741993057234,482.4625021545871
AAACGTGTTCGCCCTA-1,0,14,118,298.8787283149427,460.24760122601583
AAATTGGTGAGAAGCA-1,0,15,119,286.25326200458903,482.70573508865436
GGTCATTGTAGTCATA-1,0,14,120,273.2045703889594,460.49083416008216
TGCAGTGAGGCTCGGG-1,0,15,121,260.5791040786062,482.9489680227216
GAACATTAGTATGTTA-1,0,14,122,247.53041246297653,460.7340670941494
GGTTTGCGAACACGTA-1,0,15,123,234.90494615262287,483.19220095678793
ACACAAATATTCCTAG-1,0,14,124,221.85625453699322,460.97730002821663
TTGGGTTTATTCAGCG-1,0,15,125,209.23078822663956,483.43543389085517
ATTCGCAGAGGACACT-1,0,14,126,196.18209661101037,461.22053296228296
GATTTAGTGCGTACTG-1,0,15,127,183.5566303006567,483.6786668249224
TAGAAACACAATAGTG-1,0,16,0,1814.0772712532225,490.56989290727597
CAGTAGATGATGTCCG-1,0,17,1,1801.4518049428693,513.0280267699154
TCTTAACTCGGATGTA-1,0,16,2,1788.4031133272392,490.8131258413432
TACATCTTGTTTCTTG-1,0,17,3,1775.7776470168862,513.2712597039817
TTCATAGGGTGTCCAT-1,0,16,4,1762.7289554012564,491.05635877541044
TGAAGTAGCTTACGGA-1,0,17,5,1750.103489090903,513.514492638049
GCACAAGTGGATCATA-1,0,16,6,1737.054797475273,491.2995917094768
GGGCGAATTTCTCCAC-1,0,17,7,1724.4293311649199,513.7577255721162
ATGTTCCTGCCCACCT-1,0,16,8,1711.3806395492902,491.542824643544
GCTCAACCTCTTAGAG-1,0,17,9,1698.7551732389368,514.0009585061825
ATAGCTGCTCTTGTTA-1,0,16,10,1685.706481623307,491.78605757761125
CGTCAGCTATTTACTC-1,0,17,11,1673.0810153129537,514.2441914402498
ATCTGATAGTGTCTTA-1,0,16,12,1660.0323236973236,492.0292905116776
TGCACTATGTGAGTGC-1,0,17,13,1647.4068573869706,514.487424374317
CCGACAAACACATGAG-1,0,16,14,1634.3581657713407,492.2725234457448
GCCTTGTATATGCAGT-1,0,17,15,1621.7326994609875,514.7306573083833
ATAATACCGTTAGCCG-1,0,16,16,1608.6840078453574,492.51575637981205
ACACTCCAATGTCACT-1,0,17,17,1596.0585415350045,514.9738902424506
AGTTGCTGACTGATAT-1,0,16,18,1583.0098499193746,492.7589893138784
GGCGCTCCTCATCAAT-1,0,17,19,1570.3843836090214,515.2171231765178
TGCCTGACATCGGTCA-1,0,16,20,1557.3356919933913,493.0022222479456
TTGGCCATCTTGCGCT-1,0,17,21,1544.710225683038,515.4603561105841
CAGTGGTTGCACATGA-1,0,16,22,1531.6615340674084,493.24545518201285
AGAATTGTTTGACATA-1,0,17,23,1519.036067757055,515.7035890446514
AAATGCTCGTTACGTT-1,0,16,24,1505.987376141425,493.4886881160792
CACCTAATAGAGTCGT-1,0,17,25,1493.361909831072,515.9468219787186
CATTTCTAGCAGACTA-1,0,16,26,1480.3132182154422,493.7319210501464
CCGAAAGTGGTGAGCA-1,0,17,27,1467.6877519050888,516.190054912785
AGTCAGCCACCGCCTG-1,0,16,28,1454.639060289459,493.97515398421365
TCATCACTCGAGCTCG-1,0,17,29,1442.0135939791057,516.4332878468522
CTCAGGACTCACCTGT-1,0,16,30,1428.9649023634756,494.21838691828
CGGTGTACTTGATCCC-1,0,17,31,1416.3394360531227,516.6765207809194
CCTACGGCTCAGTCGA-1,0,16,32,1403.2907444374928,494.4616198523472
GTACTTGGGCACTTCT-1,0,17,33,1390.6652781271396,516.9197537149857
TGATTTCCTCCTGACG-1,0,16,34,1377.6165865115095,494.70485278641445
CCTCACCAATCTTGAC-1,0,17,35,1364.9911202011565,517.162986649053
GGTGAGATGCAGATAA-1,0,16,36,1351.9424285855266,494.9480857204817
GCTAGTTTCATTGAGG-1,0,17,37,1339.3169622751732,517.4062195831202
AGGACATCGCACGTCG-1,0,16,38,1326.2682706595433,495.191318654548
GTGGACGTGCTGAGAC-1,0,17,39,1313.64280434919,517.6494525171875
TAAGGAACTTGTGGGA-1,0,16,40,1300.5941127335605,495.43455158861525
TCGCTGTGCGTAAATC-1,0,17,41,1287.968646423207,517.8926854512538
GCATCCCTAACTTTGA-1,0,16,42,1274.9199548075771,495.6777845226825
CACCCACACGTCACCC-1,0,17,43,1262.294488497224,518.135918385321
CCCTCATTCTGGAATT-1,0,16,44,1249.2457968815938,495.9210174567488
AGGGCGTGATCGGCTA-1,0,17,45,1236.6203305712409,518.3791513193883
GGTGCGGATAAGTGGC-1,1,16,46,1223.571638955611,496.16425039081605
TAATATTGAAATTCGC-1,1,17,47,1210.9461726452578,518.6223842534546
CTTACACTGGGAAATA-1,1,16,48,1197.8974810296277,496.4074833248833
ACCAAGAACGCGTGTC-1,1,17,49,1185.2720147192747,518.8656171875218
GCCTTCAGCCCTACCG-1,1,16,50,1172.2233231036448,496.6507162589496
GATGCTACAAGCGCCT-1,1,17,51,1159.5978567932916,519.1088501215891
CCGGGACCCGCAGAGA-1,1,16,52,1146.5491651776615,496.89394919301685
GTTCCAGTCTGACCAT-1,1,17,53,1133.9236988673083,519.3520830556554
ATGATCGGGAATAGAC-1,1,16,54,1120.8750072516787,497.1371821270841
TTGGATTGGGTACCAC-1,1,17,55,1108.2495409413252,519.5953159897226
TACCTCACGCTTGTAC-1,1,16,56,1095.2008493256953,497.3804150611504
CATGGCAGGAAGATCG-1,1,17,57,1082.5753830153421,519.8385489237899
ATGACGCCGGCTCTAA-1,1,16,58,1069.5266913997125,497.62364799521765
AGCGACATCCCATTCA-1,1,17,59,1056.901225089359,520.0817818578562
AGTAATGTCTTGCCGC-1,1,16,60,1043.8525334737292,497.8668809292849
TTCTTAGTGGCTCAGA-1,1,17,61,1031.227067163376,520.3250147919234
CGTCTGGAAGGGCCCG-1,1,16,62,1018.1783755477459,498.1101138633512
ACGTGCGCCTCGTGCA-1,1,17,63,1005.5529092373929,520.5682477259907
AGAGCGGGCTAATCAT-1,1,16,64,992.504217621763,498.35334679741845
GCGTCGAAATGTCGGT-1,1,17,65,979.8787513114096,520.811480660057
AACTGATATTAGGCCT-1,1,16,66,966.8300596957802,498.5965797314857
CGAGCTGGGCTTTAGG-1,1,17,67,954.2045933854267,521.0547135941242
GGGTGTTTCAGCTATG-1,1,16,68,941.1559017697969,498.8398126655529
TTAATTTCAGACGCGG-1,1,17,69,928.5304354594434,521.2979465281915
ACTGCCGTCGTAACTC-1,1,16,70,915.4817438438135,499.08304559961925
GTGCACGAAAGTGACT-1,1,17,71,902.8562775334603,521.5411794622587
ATCTCCCTGCAATCTA-1,1,16,72,889.8075859178307,499.3262785336865
ACGCCAGATGATTTCT-1,0,17,73,877.182119607477,521.784412396325
AGCTATTTAATCCAAC-1,1,16,74,864.1334279918474,499.5695114677537
CCACGAGAAGAGAATC-1,1,17,75,851.5079616814942,522.0276453303923
GATTCCGCGTTTCCGT-1,0,16,76,838.4592700658645,499.81274440182005
GTCGGATGTAGCGCGC-1,0,17,77,825.8338037555109,522.2708782644595
TATTTATACCGAGTAG-1,0,16,78,812.7851121398812,500.0559773358873
GTAGGTGATCCGTGTA-1,0,17,79,800.1596458295276,522.5141111985258
AGTTAAGCGGTCCCGG-1,0,16,80,787.1109542138984,500.29921026995453
CTGGCGACATAAGTCC-1,0,17,81,774.4854879035447,522.7573441325931
TTGGCCTAGAATTTCG-1,0,16,82,761.4367962879151,500.54244320402086
GGCATATCGGTTCTGC-1,0,17,83,748.8113299775614,523.0005770666603
GGGCGTCCACTGGCTC-1,0,16,84,735.7626383619317,500.7856761380881
TTACCCATTGCCGGGT-1,0,17,85,723.1371720515785,523.2438100007266
TTAGACACGATCGTTG-1,0,16,86,710.0884804359489,501.02890907215533
GCGCTGATCCAGACTC-1,0,17,87,697.4630141255952,523.4870429347939
TTCGGCAACCCGCTGA-1,0,16,88,684.4143225099656,501.27214200622166
GATATTTCCTACATGG-1,0,17,89,671.7888561996124,523.7302758688611
CTGCGTTACGATATAA-1,0,16,90,658.7401645839827,501.5153749402889
TAATAAACAAGGAGAT-1,0,17,91,646.1146982736291,523.9735088029274
AACCTTTACGACGTCT-1,0,16,92,633.0660066579994,501.75860787435613
AGTCCCGCCTTTAATT-1,0,17,93,620.4405403476458,524.2167417369947
TGAGATTAGGCCCTAA-1,0,16,94,607.3918487320166,502.00184080842246
AGTGTATTGCGCATTG-1,0,17,95,594.7663824216629,524.4599746710619
GTTGGATTCAGTGGCT-1,0,16,96,581.7176908060333,502.2450737424897
TAAAGCTGCAATAGGG-1,0,17,97,569.0922244956796,524.7032076051282
AGTAGGAAGGAAGTTG-1,0,16,98,556.0435328800504,502.48830667655693
TATCACTTCGAGTAAC-1,0,17,99,543.4180665696967,524.9464405391955
TGATCTACGCTGATCT-1,0,16,100,530.3693749540671,502.73153961062417
GGATCATCCCGTACGC-1,0,17,101,517.7439086437134,525.1896734732627
TGACACTTCTCTTTGC-1,0,16,102,504.6952170280838,502.9747725446905
AGCCCTTCTAATCCGA-1,0,17,103,492.0697507177306,525.4329064073299
CACCGCGTCCACTCTA-1,0,16,104,479.02105910210093,503.21800547875773
TAATTGGAATCGGGAA-1,0,17,105,466.3955927917473,525.6761393413963
TCGTAAGCTCCGAGGA-1,0,16,106,453.3469011761176,503.46123841282497
TATATTACAAATGTCG-1,0,17,107,440.7214348657644,525.9193722754635
CGCGAGAGGGACTTGT-1,0,16,108,427.6727432501348,503.7044713468913
GGACCTACGGTAACGT-1,0,17,109,415.0472769397811,526.1626052095307
GAAATATGCTTGAATG-1,0,16,110,401.99858532415146,503.94770428095853
CCGTATTAGCGCAGTT-1,0,17,111,389.3731190137978,526.4058381435971
AGGCGTCTATGGACGG-1,0,16,112,376.3244273981686,504.19093721502577
AACATCGATACGTCTA-1,0,17,113,363.69896108781495,526.6490710776643
TGAATATGCTATAAAC-1,0,16,114,350.6502694721853,504.4341701490921
ACCAAACACCCAGCGA-1,0,17,115,338.02480316183164,526.8923040117315
TGGCTTGTACAAGCTT-1,0,16,116,324.976111546202,504.67740308315933
GAATGAAGGTCTTCAG-1,0,17,117,312.3506452358488,527.1355369457979
AGATACCAGCACTTCA-1,0,16,118,299.30195362021914,504.92063601722657
GCGGTCCCGGTGAAGG-1,0,17,119,286.6764873098655,527.3787698798651
GAGGCATTTGCAGCAG-1,0,16,120,273.62779569423583,505.1638689512929
GGCAAGCCAGGGATAG-1,0,17,121,261.0023293838826,527.6220028139323
TCTACGGGCTCAGTTG-1,0,16,122,247.95363776825297,505.40710188536013
TCTGCGAATCGTTCGC-1,0,17,123,235.32817145789932,527.8652357479987
AGCTCGTTGATGGAAA-1,0,16,124,222.27947984226967,505.65033481942737
TGAATGAGATACAGCA-1,0,17,125,209.654013531916,528.1084686820659
ACCCTTGCCTGGGTCG-1,0,16,126,196.6053219162868,505.8935677534937
GGCGAACCGTTCTGAT-1,0,17,127,183.97985560593315,528.3517016161331
GCGATGTCTGTGCTTG-1,0,18,0,1814.500496558499,535.2429276984867
ATTAACACCTGAGATA-1,0,19,1,1801.8750302481458,557.7010615611262
GAAATCTGACCAAGTT-1,0,18,2,1788.826338632516,535.486160632554
CCTGACAAACTCGCGC-1,0,19,3,1776.2008723221627,557.9442944951925
ATGTCATTTCCCATTG-1,0,18,4,1763.1521807065328,535.7293935666212
GCGGTGCGGAGCATCG-1,0,19,5,1750.5267143961794,558.1875274292597
CGGAAAGCAAATGTGC-1,0,18,6,1737.4780227805497,535.9726265006875
GCTGAGCAACGGTTCT-1,0,19,7,1724.8525564701963,558.430760363327
TCACTCTTCGTCTGTC-1,0,18,8,1711.8038648545667,536.2158594347547
GATCTTCATTGTCCTC-1,0,19,9,1699.1783985442132,558.6739932973933
ACTCGATGTATTTCAT-1,0,18,10,1686.1297069285836,536.459092368822
TGAAGAGCGGTCCTAG-1,0,19,11,1673.5042406182301,558.9172262314605
TAAACGTCGTCAATGA-1,0,18,12,1660.4555490026003,536.7023253028883
ACGTTATTGGTCACTC-1,0,19,13,1647.830082692247,559.1604591655278
ATAGCCTCAGTACCCA-1,0,18,14,1634.7813910766172,536.9455582369555
CGGGAGTATACCGCCG-1,0,19,15,1622.155924766264,559.4036920995941
GTCCTACAGGCGGCTC-1,0,18,16,1609.107233150634,537.1887911710228
CGGATAAGCGGACATG-1,0,19,17,1596.481766840281,559.6469250336613
AACTTCTGCGTCTATC-1,0,18,18,1583.433075224651,537.4320241050891
GGGTTCAGACGAACAA-1,0,19,19,1570.8076089142978,559.8901579677286
AGTCTGGACATCCTTG-1,0,18,20,1557.758917298668,537.6752570391563
TTGAACGAATCCTTTG-1,0,19,21,1545.1334509883145,560.1333909017949
GAAATACTAAACGTTT-1,0,18,22,1532.0847593726849,537.9184899732236
CCCGCGCAATGCACCC-1,0,19,23,1519.4592930623314,560.3766238358621
TTCGGCTAGAGATGGT-1,0,18,24,1506.4106014467018,538.1617229072899
GACACGAGTTAGAGGA-1,0,19,25,1493.7851351363483,560.6198567699294
GAGGTCCCAAAGATCT-1,0,18,26,1480.7364435207187,538.4049558413572
TAACTCCATGGAGGCT-1,0,19,27,1468.1109772103653,560.8630897039957
CTTGTTTATGTAGCCA-1,0,18,28,1455.0622855947354,538.6481887754244
GATGGCGCACACATTA-1,0,19,29,1442.4368192843822,561.1063226380629
ATAATAGTGTAGGGAC-1,0,18,30,1429.3881276687523,538.8914217094907
CGCTATTCAATGTATG-1,0,19,31,1416.762661358399,561.3495555721302
ATATTGCTGTCAAAGT-1,0,18,32,1403.7139697427692,539.134654643558
GGATTCAGTACGGTGG-1,0,19,33,1391.088503432416,561.5927885061965
TTCTTAGTGAACGGTG-1,0,18,34,1378.0398118167861,539.3778875776252
AATGGTTCTCACAAGC-1,0,19,35,1365.414345506433,561.8360214402637
TATACACGCAAAGTAT-1,0,18,36,1352.365653890803,539.6211205116924
CTTCATAGCTCAAGAA-1,0,19,37,1339.7401875804496,562.079254374331
CAACGGTTCTTGATAC-1,0,18,38,1326.69149596482,539.8643534457588
ACACCCGAGAAATCCG-1,0,19,39,1314.0660296544665,562.3224873083982
TCTATCATGCAGTTAC-1,0,18,40,1301.017338038837,540.107586379826
CCCGCCATGCTCCCGT-1,0,19,41,1288.3918717284835,562.5657202424645
CGCTTCCACTGAAATC-1,0,18,42,1275.3431801128538,540.3508193138932
CACTGTCCAAGTGAGA-1,0,19,43,1262.7177138025004,562.8089531765318
ATTACTAGCCTCTTGC-1,0,18,44,1249.6690221868705,540.5940522479596
CATAGTAGCATAGTAG-1,0,19,45,1237.0435558765173,563.052186110599
CAACTCCTTGATCCCG-1,0,18,46,1223.9948642608874,540.8372851820268
AAGTAGAAGACCGGGT-1,0,19,47,1211.3693979505342,563.2954190446653
GCGGGAACCAGGCCCT-1,1,18,48,1198.3207063349043,541.080518116094
ATTAGATTGATAGCGG-1,1,19,49,1185.6952400245511,563.5386519787326
CTCGGTCCGTAGCCTG-1,1,18,50,1172.6465484089213,541.3237510501604
TGGCTTTGGGTAGACA-1,1,19,51,1160.021082098568,563.7818849127998
TATCCATATCATGCGA-1,1,18,52,1146.9723904829382,541.5669839842276
GGAGTGCCGCCCTGGA-1,1,19,53,1134.3469241725847,564.0251178468661
TGAGAATGCTTTACCG-1,1,18,54,1121.298232556955,541.8102169182948
TTAACCAACCCTCCCT-1,1,19,55,1108.6727662466017,564.2683507809334
TGTTTCGGTACTTCTC-1,1,18,56,1095.624074630972,542.0534498523612
TTGCTGAAGGAACCAC-1,1,19,57,1082.9986083206186,564.5115837150006
TATTTAGTCTAGATCG-1,1,18,58,1069.949916704989,542.2966827864284
CTCCGGCCTAATATGC-1,1,19,59,1057.3244503946355,564.7548166490669
TTGTGGCCCTGACAGT-1,1,18,60,1044.2757587790056,542.5399157204956
TCGCCGGTCGATCCGT-1,1,19,61,1031.6502924686524,564.9980495831342
CCATAGGTTGGCGTGG-1,1,18,62,1018.6016008530225,542.783148654562
GAACGACCGAATGATA-1,1,19,63,1005.9761345426693,565.2412825172014
TCCGATAATTGCCATA-1,1,18,64,992.9274429270395,543.0263815886292
CATTACGTCGGCCCGT-1,1,19,65,980.301976616686,565.4845154512677
CAAGCACCAAATGCCT-1,1,18,66,967.2532850010566,543.2696145226964
TGCATGGATCGGATCT-1,1,19,67,954.6278186907032,565.727748385335
GAAATCGCGCGCAACT-1,1,18,68,941.5791270750733,543.5128474567637
CTGAAAGAGATCCGAC-1,1,19,69,928.9536607647199,565.9709813194022
CACCTCGATGGTGGAC-1,1,18,70,915.90496914909,543.75608039083
ATTTGTTCCAGGGCTC-1,1,19,71,903.2795028387368,566.2142142534694
TGGGCCACAAGAGCGC-1,1,18,72,890.2308112231071,543.9993133248972
CCTTCTTGATCCAGTG-1,1,19,73,877.6053449127535,566.4574471875358
CCTCGCCAGCAAATTA-1,0,18,74,864.5566532971238,544.2425462589645
TTCATGGCGCAACAGG-1,0,19,75,851.9311869867706,566.700680121603
TTAATCAGTACGTCAG-1,0,18,76,838.882495371141,544.4857791930308
CCTATCTATATCGGAA-1,0,19,77,826.2570290607873,566.9439130556702
ATTATACTTTGCTCGT-1,0,18,78,813.2083374451577,544.729012127098
ATGGATCCGGCGTCCG-1,0,19,79,800.582871134804,567.1871459897366
CGCCCGCTTCCGTACA-1,0,18,80,787.5341795191748,544.9722450611653
GGATTCCGCTATACCC-1,0,19,81,774.9087132088212,567.4303789238038
CGGTCTATCAACCCGT-1,0,18,82,761.8600215931915,545.2154779952316
ATGCCGGTTGATGGGA-1,0,19,83,749.2345552828378,567.673611857871
TCATGCAGGTTCTCAT-1,0,18,84,736.1858636672082,545.4587109292988
TGAGCTTTAATGACGC-1,0,19,85,723.560397356855,567.9168447919374
TCCCTTAGATTACTCG-1,0,18,86,710.5117057412253,545.7019438633661
ATATCTCCCTCGTTAA-1,0,19,87,697.8862394308717,568.1600777260046
AGCTCTTCCCAGTGCA-1,0,18,88,684.837547815242,545.9451767974324
TCGCTAAACCGCTATC-1,0,19,89,672.2120815048888,568.4033106600718
CACATTCTTTCGATGG-1,0,18,90,659.1633898892592,546.1884097314996
GATATGCGGTAGCCAA-1,0,19,91,646.5379235789055,568.6465435941382
CGTTTCACTTCGGGCG-1,0,18,92,633.4892319632759,546.4316426655669
CCAATTACGGGTCGAG-1,0,19,93,620.8637656529222,568.8897765282054
GCAGGTAGAGTATGGT-1,0,18,94,607.815074037293,546.6748755996332
GTCGTATTGGCGTACA-1,0,19,95,595.1896077269394,569.1330094622726
GAAATTAGCACGGATA-1,0,18,96,582.1409161113097,546.9181085337004
AATGCACCAAGCAATG-1,0,19,97,569.515449800956,569.376242396339
AGGACGCTCGATGTTG-1,0,18,98,556.4667581853269,547.1613414677677
GGCTAAAGGGCGGGTC-1,0,19,99,543.8412918749732,569.6194753304062
CATCTATCCCGTGTCT-1,0,18,100,530.7926002593435,547.4045744018349
CAGTAACTATTTATTG-1,0,19,101,518.1671339489899,569.8627082644734
CATATACTACTGATAA-1,0,18,102,505.11844233336024,547.6478073359012
GCGTTCGGAGACCGGG-1,0,19,103,492.49297602300703,570.1059411985407
AAGTTCAGTCTGCGTA-1,0,18,104,479.4442844073774,547.8910402699685
CGAAGCTATAAATTCA-1,0,19,105,466.8188180970237,570.349174132607
CGCGGTCACAAACCAA-1,0,18,106,453.7701264813941,548.1342732040357
GGGAATGAGCCCTCAC-1,0,19,107,441.14466017104087,570.5924070666742
ACGGAGCGCAAATTAC-1,0,18,108,428.0959685554112,548.377506138102
CGTTCTTCGCACACCT-1,0,19,109,415.47050224505756,570.8356400007415
GAATAGCCCTGCGGTC-1,0,18,110,402.4218106294279,548.6207390721693
AATAGCTACCGCGTGC-1,0,19,111,389.79634431907425,571.0788729348078
CCGAGCTGTGCTTGTC-1,0,18,112,376.74765270344506,548.8639720062365
GATGACGATGATCGCG-1,0,19,113,364.1221863930914,571.322105868875
GCCTATGCTGGGCCTT-1,0,18,114,351.07349477746175,549.1072049403028
TTACTGTCTAGAGCTC-1,0,19,115,338.4480284671081,571.5653388029423
AGCGGTTGCCGCTCTG-1,0,18,116,325.39933685147844,549.3504378743701
GCTTGCAGCACAATTG-1,0,19,117,312.77387054112523,571.8085717370086
CCGGAGGTCTTATGGT-1,0,18,118,299.7251789254956,549.5936708084373
ACAGTATACCGTGGGA-1,0,19,119,287.0997126151419,572.0518046710758
GGGATCCCAATACAAA-1,0,18,120,274.0510209995123,549.8369037425036
ATTACGACTCCACAGT-1,0,19,121,261.42555468915907,572.2950376051431
CTCACACGCAAGCCTA-1,0,18,122,248.37686307352942,550.0801366765709
CCAGATGTAAATGGGT-1,0,19,123,235.75139676317576,572.5382705392094
GAACTTGTGCACGGGA-1,0,18,124,222.7027051475461,550.3233696106381
AAGCCGCTTTACCTTG-1,0,19,125,210.07723883719245,572.7815034732766
TCCATTCCCACTAGAG-1,0,18,126,197.02854722156326,550.5666025447044
AGAGCGCTTGTAACGG-1,0,19,127,184.4030809112096,573.0247364073439
TGGGTTCCCGGACGGA-1,0,20,0,1814.9237218637754,579.9159624896974
GCTGCGCCTCCCACGT-1,0,21,1,1802.2982555534222,602.3740963523369
CTGTTGGCTCTTCTGA-1,0,20,2,1789.2495639377923,580.1591954237647
TTGTTCTAGATACGCT-1,0,21,3,1776.6240976274391,602.6173292864032
CCCTCAAGCTCTTAGT-1,0,20,4,1763.5754060118093,580.4024283578319
TGGTCTAGCTTACATG-1,0,21,5,1750.9499397014558,602.8605622204695
ATGCACCTTCCTTAAT-1,0,20,6,1737.9012480858262,580.6456612918983
GGGATACGGTAATAAT-1,0,21,7,1725.2757817754728,603.1037951545377
AGTTCACCGGTTGGAC-1,0,20,8,1712.227090159843,580.8888942259655
GACATACTGTCGCAGA-1,0,21,9,1699.6016238494897,603.347028088604
TGGACACCGTTGCTTG-1,0,20,10,1686.55293223386,581.1321271600327
TGCGATGCTAATGGCT-1,0,21,11,1673.9274659235066,603.5902610226703
TTCTGTTTCCTGTCGC-1,0,20,12,1660.8787743078767,581.375360094099
CGTTGTAAACGTCAGG-1,0,21,13,1648.2533079975235,603.8334939567385
GATCGGCGATAAGTCG-1,0,20,14,1635.2046163818936,581.6185930281663
AGCCTTAAAGCGGAAG-1,0,21,15,1622.5791500715404,604.0767268908048
TCCGTAACCACAATCC-1,0,20,16,1609.5304584559105,581.8618259622335
GAATGCCGAAATGACC-1,0,21,17,1596.9049921455573,604.319959824873
TATACTCATGCGGCAA-1,0,20,18,1583.8563005299275,582.1050588962999
TAGTGTCAGAAACGGC-1,0,21,19,1571.2308342195743,604.5631927589393
CGTCATACCATATCCA-1,0,20,20,1558.1821426039444,582.3482918303671
TAGTACCTTAGTGGTC-1,0,21,21,1545.556676293591,604.8064256930056
CTGGCGGGAATAAGTA-1,0,20,22,1532.5079846779613,582.5915247644343
AGTGTGGTCTATTGTG-1,0,21,23,1519.8825183676079,605.0496586270738
GCTATCGCGGCGCAAC-1,0,20,24,1506.8338267519782,582.8347576985007
CAGTAATCCCTCCCAG-1,0,21,25,1494.2083604416248,605.2928915611401
GTATTAAGGCGTCTAA-1,0,20,26,1481.1596688259951,583.0779906325679
CTAATTTCAACAACAC-1,0,21,27,1468.5342025156417,605.5361244952064
TTAGCAACATGGATGT-1,0,20,28,1455.4855109000118,583.3212235666351
ATGCTCAGTGTTGCAT-1,0,21,29,1442.8600445896586,605.7793574292746
GATGTTTGTGCGAGAT-1,0,20,30,1429.8113529740288,583.5644565007015
CACTTCGCCACAGGCT-1,0,21,31,1417.1858866636755,606.0225903633409
CTGTATGGTGTAGAAA-1,0,20,32,1404.1371950480457,583.8076894347687
TACGTGCACTATGCTG-1,0,21,33,1391.5117287376925,606.2658232974072
GTATCAGCTTGGGTTC-1,0,20,34,1378.4630371220626,584.0509223688359
TAACAAAGGGAGAAGC-1,0,21,35,1365.8375708117094,606.5090562314754
TTACATCGTGGCCTGG-1,0,20,36,1352.7888791960795,584.2941553029032
TCTGAACCGGTCGGCT-1,0,21,37,1340.163412885726,606.7522891655417
GGCTCGTGCCACCAGC-1,0,20,38,1327.1147212700964,584.5373882369695
TATAAGTGAGGATAGC-1,0,21,39,1314.489254959743,606.995522099608
GCCCGCGCGTTTGACA-1,0,20,40,1301.4405633441133,584.7806211710367
TGCTGGTTGGACAATT-1,0,21,41,1288.81509703376,607.2387550336762
GCCTAGCGATCTGACC-1,0,20,42,1275.7664054181303,585.023854105104
CCATGCTCTGCAGGAA-1,0,21,43,1263.1409391077768,607.4819879677425
TATAAATCCACAAGCT-1,0,20,44,1250.092247492147,585.2670870391703
CGCTCGACATAATGAT-1,0,21,45,1237.4667811817937,607.7252209018088
CCAATTGAATGTTAAT-1,0,20,46,1224.4180895661639,585.5103199732375
GCTAATACCGAATGCC-1,1,21,47,1211.7926232558107,607.968453835877
TTCAACGACCCGACCG-1,1,20,48,1198.7439316401808,585.7535529073048
TTCCTCGAGGGTGTCT-1,1,21,49,1186.1184653298276,608.2116867699433
CAACGACCCGTTTACA-1,1,20,50,1173.0697737141977,585.9967858413711
CTTGTACTTGTTGACT-1,1,21,51,1160.4443074038445,608.4549197040096
TCTCTAATAGCTGGTA-1,1,20,52,1147.3956157882146,586.2400187754383
ATTATGCCATAGGGAG-1,1,21,53,1134.7701494778612,608.6981526380778
GACAACGCAGCTTACG-1,1,20,54,1121.7214578622315,586.4832517095056
AGATGACTCGCCCACG-1,1,21,55,1109.0959915518781,608.9413855721441
GTGCGGGTCTCCAAAT-1,1,20,56,1096.0472999362485,586.7264846435719
GTACGAGATTGCGACA-1,1,21,57,1083.421833625895,609.1846185062104
GTATAGGACTCAGTAG-1,1,20,58,1070.3731420102654,586.9697175776391
TTGCACGGAGCAGCAC-1,1,21,59,1057.747675699912,609.4278514402786
CACAGCTAGGGAGTGA-1,1,20,60,1044.698984084282,587.2129505117064
ATACTAGCATGACCCT-1,0,21,61,1032.0735177739289,609.6710843743449
CCAAGACTTCTGCGAA-1,1,20,62,1019.024826158299,587.4561834457727
ACATAATAAGGCGGTG-1,1,21,63,1006.3993598479458,609.9143173084112
TAATACACAGTAGTAT-1,1,20,64,993.3506682323159,587.6994163798399
TCTTGGTAACACCAAA-1,1,21,65,980.7252019219625,610.1575502424794
AACTGGGTCCCGACGT-1,1,20,66,967.6765103063331,587.9426493139072
ATCACTTCATCCTCGC-1,1,21,67,955.0510439959796,610.4007831765457
TGGAAGGATAAAGATG-1,1,20,68,942.0023523803497,588.1858822479744
CATGATGCACAATTCT-1,1,21,69,929.3768860699963,610.644016110612
TGCCTGATCAAACGAT-1,1,20,70,916.3281944543664,588.4291151820407
ATAGGGATATCCTTGA-1,1,21,71,903.7027281440132,610.8872490446802
CACCTAATCAGTTTAC-1,1,20,72,890.6540365283836,588.672348116108
TGTGACTACGCCAGTC-1,1,21,73,878.0285702180299,611.1304819787465
CCCGACCATAGTCCGC-1,1,20,74,864.9798786024003,588.9155810501752
CGCGCCCGACTTAATA-1,1,21,75,852.3544122920471,611.3737149128128
TGCCACCTGGCGAAAC-1,1,20,76,839.3057206764174,589.1588139842415
CTGCCAAGGTTGGAAG-1,1,21,77,826.6802543660638,611.616947846881
TCTCCAACGTAGGTTA-1,0,20,78,813.6315627504341,589.4020469183088
TTCTTGGAGTAATGAG-1,1,21,79,801.0060964400805,611.8601807809473
GTCTCGATCTGCTTTC-1,0,20,80,787.9574048244513,589.645279852376
TACTCTCCGAACAAAT-1,0,21,81,775.3319385140976,612.1034137150136
ATCACATTAGAATATC-1,0,20,82,762.283246898468,589.8885127864423
TACGGGATGCTAGCAG-1,0,21,83,749.6577805881143,612.3466466490818
AGCTGAAGTAAACCAA-1,0,20,84,736.6090889724846,590.1317457205096
CATGGGTCGGGTGTGG-1,0,21,85,723.9836226621314,612.5898795831481
CACCCACGAGGCAATT-1,0,20,86,710.9349310465018,590.3749786545768
TGCCATTACTAAAGAA-1,0,21,87,698.3094647361481,612.8331125172163
CCGTTACGTTAGAACA-1,0,20,88,685.2607731205185,590.6182115886431
GCCAGGAGTAACCGAT-1,0,21,89,672.6353068101653,613.0763454512826
GGAAAGTGCCCATGCC-1,0,20,90,659.5866151945356,590.8614445227104
TCTTACCGGAACTCGT-1,0,21,91,646.961148884182,613.3195783853489
TATGTCAAGACCGACT-1,0,20,92,633.9124572685523,591.1046774567776
CCTAACTAAGGCTCTA-1,0,21,93,621.2869909581987,613.562811319417
GCGGTGAACTGCGCTC-1,0,20,94,608.2382993425695,591.3479103908439
CCTCGCGCGATATAGG-1,0,21,95,595.6128330322158,613.8060442534834
ATCGGCAAGCAGTCCA-1,0,20,96,582.5641414165862,591.5911433249112
AGATCGTGCATAAGAT-1,0,21,97,569.9386751062325,614.0492771875497
ATTCAGGACCTATTTC-1,0,20,98,556.8899834906033,591.8343762589784
AGCTAGAAGCAGAAGT-1,0,21,99,544.2645171802496,614.2925101216179
TTCGCTATCTGACGTG-1,0,20,100,531.21582556462,592.0776091930456
TTCCGCAGAGAAATAT-1,0,21,101,518.5903592542663,614.5357430556842
CAGTACATTCTCTAAA-1,0,20,102,505.5416676386367,592.320842127112
GTGAAGATTTCAAGTG-1,0,21,103,492.9162013282835,614.7789759897505
AACGCATGATCTGGGT-1,0,20,104,479.8675097126538,592.5640750611792
CCCAGAGGAGGGCGTA-1,0,21,105,467.24204340230017,615.0222089238187
GGAAACCTTGTTGAAT-1,0,20,106,454.1933517866705,592.8073079952455
GTGAAGCCGTATAGTC-1,0,21,107,441.5678854763173,615.265441857885
GAGCTGTCGTCTCGGA-1,0,20,108,428.51919386068766,593.0505409293137
TGTCATTTGTTGGGAA-1,0,21,109,415.893727550334,615.5086747919513
ACCAACACCACACACT-1,0,20,110,402.84503593470436,593.29377386338
AAATGATTCGATCAGC-1,0,21,111,390.2195696243507,615.7519077260195
CTGCTTTATGTCCGCG-1,0,20,112,377.1708780087215,593.5370067974463
GCGAGAGGCCATGTAA-1,0,21,113,364.54541169836784,615.9951406600858
ATTGACCGGCGATGAC-1,0,20,114,351.4967200827382,593.7802397315145
ACCCTGGTAACGCCCT-1,0,21,115,338.87125377238453,616.2383735941521
GTTGGACCGCATCAGG-1,0,20,116,325.8225621567549,594.0234726655808
CGTTTACAAGGCAGCT-1,0,21,117,313.1970958464017,616.4816065282203
CGGTCCATGAGACTCC-1,0,20,118,300.14840423077203,594.2667055996471
GTTCGTCTGGGTCCCT-1,0,21,119,287.52293792041837,616.7248394622866
TGTACTACTCTCACGG-1,0,20,120,274.4742463047887,594.5099385337153
AGTGAAGATGGTGTCC-1,0,21,121,261.8487799944355,616.9680723963529
GAGGGCCATAATATTA-1,0,20,122,248.80008837880587,594.7531714677816
ACTCCCGTAGACTAGG-1,0,21,123,236.1746220684522,617.211305330421
CGTCAAATGGTCGCAG-1,0,20,124,223.12593045282256,594.9964044018479
AAGTCTAGTAGCTGCC-1,0,21,125,210.5004641424689,617.4545382644874
AAGAAATCACCAGATT-1,0,20,126,197.4517725268397,595.2396373359161
GAGTGCACGGACAACA-1,0,21,127,184.82630621648605,617.6977711985537
GTTCAAATCAGATGTC-1,0,22,0,1815.3469471690519,624.58899728091
CATGGCTCCCTATGTC-1,0,23,1,1802.7214808586987,647.0471311435476
GGCCACACGAAAGCCT-1,0,22,2,1789.6727892430688,624.8322302149763
GAAGCCGGGTAAGCTC-1,0,23,3,1777.0473229327156,647.290364077614
TTGCGCTCTCTCGCTT-1,0,22,4,1763.9986313170857,625.0754631490427
TACATGACCTTATCCG-1,0,23,5,1751.3731650067323,647.5335970116803
GTCCTTCTACAACCCA-1,0,22,6,1738.3244733911026,625.3186960831108
TATATGCTGGGTTGCC-1,0,23,7,1725.6990070807492,647.7768299457484
GTTTATGGGATTTAGA-1,0,22,8,1712.6503154651195,625.5619290171771
GGAACCCGAACAAGAA-1,0,23,9,1700.0248491547661,648.0200628798148
AACGTTATCAGCACCT-1,0,22,10,1686.9761575391365,625.8051619512435
CATCGTCCGGTTACTA-1,0,23,11,1674.350691228783,648.2632958138811
AGACAGCTCAGAATCC-1,0,22,12,1661.3019996131532,626.0483948853116
GCAGATCCTCGCAAAT-1,0,23,13,1648.6765333028,648.5065287479492
GGGTCATGCGTACCAT-1,0,22,14,1635.62784168717,626.2916278193779
CTGGTCATTCCAATCC-1,0,23,15,1623.0023753768169,648.7497616820156
TCAGGGCGCAAACTCG-1,0,22,16,1609.953683761187,626.5348607534443
GATGCCAGCAGAAGGC-1,0,23,17,1597.3282174508338,648.9929946160837
GTTATTAACGTGGGAG-1,0,22,18,1584.279525835204,626.7780936875124
AATACAATGTTTCAGG-1,0,23,19,1571.6540595248507,649.23622755015
TTGCTGCACCTATCCA-1,0,22,20,1558.6053679092208,627.0213266215787
CCAGAGACAAAGCCGG-1,0,23,21,1545.9799015988674,649.4794604842164
CCGAAGTATATTGTTC-1,0,22,22,1532.9312099832377,627.2645595556451
GCTAAACCTGAGGTGA-1,0,23,23,1520.3057436728843,649.7226934182845
TCATACTTACAGATCC-1,0,22,24,1507.2570520572547,627.5077924897132
CGAGCACTTCAAGTTT-1,0,23,25,1494.6315857469012,649.9659263523508
TAGCAACCTGTCACAA-1,0,22,26,1481.5828941312716,627.7510254237795
TGGGAAATGCCTTTCC-1,0,23,27,1468.9574278209182,650.2091592864172
AGACCATGGGATACAA-1,0,22,28,1455.9087362052883,627.9942583578459
TAAATGAATCCGTTTC-1,0,23,29,1443.283269894935,650.4523922204853
ACAACGGTCCCTGCGA-1,0,22,30,1430.2345782793052,628.237491291914
GTCACTCTCCAAATCT-1,0,23,31,1417.609111968952,650.6956251545516
TTCTACTTGCGAGGGC-1,0,22,32,1404.5604203533221,628.4807242259803
CGCAATTACTTTCGGT-1,0,23,33,1391.934954042969,650.938858088618
CTGTTCATCTCACGGG-1,0,22,34,1378.886262427339,628.7239571600467
TTCTTGTAACCTAATG-1,0,23,35,1366.2607961169858,651.1820910226861
GCTTGATGATAATCAG-1,0,22,36,1353.212104501356,628.9671900941148
TTGGCTCGCATGAGAC-1,0,23,37,1340.5866381910025,651.4253239567524
GCCCAGTTGGTATGCC-1,0,22,38,1327.5379465753729,629.2104230281811
ATTCCTCCGCCAGTGC-1,0,23,39,1314.9124802650194,651.6685568908188
TCGTCCGCTGGCGTCT-1,0,22,40,1301.8637886493898,629.4536559622475
GGAGAAGTCATTGGCA-1,0,23,41,1289.2383223390364,651.9117898248869
TTGTTAGCAAATTCGA-1,0,22,42,1276.1896307234067,629.6968888963156
TCTAGCATCTTCGATG-1,0,23,43,1263.5641644130533,652.1550227589532
TTCTAGGCCAATTGTG-1,0,22,44,1250.5154727974234,629.9401218303819
TCACGGTCATCGCACA-1,0,23,45,1237.8900064870702,652.3982556930196
ATGAAGCCAAGGAGCC-1,1,22,46,1224.8413148714403,630.1833547644483
AATGACTGTCAGCCGG-1,0,23,47,1212.2158485610871,652.6414886270877
CCAAACAGAACCCTCG-1,1,22,48,1199.1671569454572,630.4265876985164
TATCGATGATTAAACG-1,1,23,49,1186.541690635104,652.884721561154
GAACACACATCAACCA-1,1,22,50,1173.4929990194742,630.6698206325827
CCCGTCAGCGTCTGAC-1,1,23,51,1160.867532709121,653.1279544952204
AGCATCGTCGATAATT-1,1,22,52,1147.818841093491,630.9130535666509
GACTAAGATCATGCAC-1,1,23,53,1135.1933747831376,653.3711874292885
TAGGGTGTTTCAAGAG-1,1,22,54,1122.144683167508,631.1562865007172
TGGTTCGTAGCAAAGG-1,1,23,55,1109.5192168571546,653.6144203633548
CTGTTCACTGCCTGTG-1,1,22,56,1096.470525241525,631.3995194347835
ATGTGCATCCGACGCA-1,1,23,57,1083.8450589311715,653.8576532974212
TTGTCGTTCAGTTACC-1,1,22,58,1070.7963673155418,631.6427523688517
CGGGATCAATGTAAGA-1,1,23,59,1058.1709010051884,654.1008862314893
TTATCTGTATCATAAC-1,1,22,60,1045.1222093895585,631.885985302918
ATCGACTCTTTCCGTT-1,1,23,61,1032.4967430792053,654.3441191655556
CTCATTTGATGGGCGG-1,1,22,62,1019.4480514635754,632.1292182369843
GTAAGCGGGCAGTCAG-1,1,23,63,1006.8225851532222,654.587352099622
TCTATCGGTCGCAACA-1,1,22,64,993.7738935375924,632.3724511710525
AACGCGGTCTCCAGCC-1,1,23,65,981.1484272272389,654.8305850336901
ATTAATACTACGCGGG-1,1,22,66,968.0997356116095,632.6156841051188
CTTTAACTTTCAAAGG-1,1,23,67,955.4742693012561,655.0738179677564
CGTACCTGATAGGCCT-1,1,22,68,942.4255776856262,632.8589170391851
GAATGTTGGGTAATCT-1,1,23,69,929.8001113752728,655.3170509018228
TGCGGAGTAAAGGTGC-1,1,22,70,916.7514197596429,633.1021499732533
CCTGAATATTTACATA-1,1,23,71,904.1259534492901,655.5602838358909
TTGCTCCCATACCGGA-1,1,22,72,891.07726183366,633.3453829073196
CCTCTAATCTGCCAAG-1,1,23,73,878.4517955233068,655.8035167699572
AGGTTGAGGCACGCTT-1,1,22,74,865.4031039076767,633.588615841386
TCCCGTCAGTCCCGCA-1,1,23,75,852.777637597324,656.0467497040236
TCCGATGACTGAGCTC-1,1,22,76,839.7289459816939,633.8318487754541
CAGCCTCCTGCAGAGG-1,1,23,77,827.1034796713407,656.2899826380917
CTTAGCCTTCCACATG-1,1,22,78,814.0547880557106,634.0750817095204
ATTAATGAACCAGTCG-1,1,23,79,801.4293217453574,656.533215572158
ACGATACATAGAACTA-1,1,22,80,788.3806301297277,634.3183146435867
AGCCACTCCCGTGCTT-1,1,23,81,775.7551638193745,656.7764485062244
ATACGGGTTTCGATTG-1,0,22,82,762.7064722037444,634.5615475776549
CTGTCAAATGGCTCGG-1,0,23,83,750.0810058933912,657.0196814402925
GCTCGGAATTTAAAGC-1,0,22,84,737.0323142777611,634.8047805117212
TAGGCATGTTACGCCA-1,0,23,85,724.4068479674083,657.2629143743588
TGGCAACTCGCGCGCC-1,0,22,86,711.3581563517782,635.0480134457875
ATCAGTAGGCAGGGAT-1,0,23,87,698.732690041425,657.506147308427
TATCGATCTATGCATA-1,0,22,88,685.6839984257949,635.2912463798557
CGACTCAGGATGTTAT-1,0,23,89,673.0585321154422,657.7493802424933
GCCATATTGCACACAG-1,0,22,90,660.0098404998121,635.534479313922
AATTCATAAGGGATCT-1,0,23,91,647.3843741894589,657.9926131765596
CGGTAGAGGTGCAGGT-1,0,22,92,634.3356825738288,635.7777122479883
AATGATGATACGCTAT-1,0,23,93,621.7102162634756,658.2358461106278
CTTGTGCTCACCGATT-1,0,22,94,608.6615246478459,636.0209451820565
TTCCAATCAGAGCTAG-1,0,23,95,596.0360583374927,658.4790790446941
CGATGGACCCTACGCC-1,0,22,96,582.9873667218626,636.2641781161228
GGTCGGATAAACGGCG-1,0,23,97,570.3619004115094,658.7223119787604
TTAGCTAATACGATCT-1,0,22,98,557.3132087958797,636.5074110501891
CTCGATATTTGCGAGC-1,0,23,99,544.6877424855265,658.9655449128286
ATTACTTACTGGGCAT-1,0,22,100,531.6390508698964,636.7506439842573
CTAGCCGATGTTATGA-1,0,23,101,519.0135845595432,659.2087778468949
TACTGCAATCAATTAC-1,0,22,102,505.9648929439131,636.9938769183236
TAGTCTGTGACGTTGC-1,0,23,103,493.3394266335604,659.4520107809612
CTCGTTTCTAATGTTT-1,0,22,104,480.2907350179303,637.23710985239
TTCGTTCAACGAAGTT-1,0,23,105,467.66526870757707,659.6952437150294
CTGAATTTATTGCCAG-1,0,22,106,454.61657709194697,637.4803427864581
TGGAATATCCTTGACC-1,0,23,107,441.9911107815942,659.9384766490957
CAGATCATTTAAAGTC-1,0,22,108,428.9424191659641,637.7235757205244
CTCCTTTACGCAAGTC-1,0,23,109,416.3169528556109,660.181709583162
TCCCAAACAGACAACG-1,0,22,110,403.2682612399808,637.9668086545907
ATCGCTGCGTGCAGCA-1,0,23,111,390.6427949296276,660.4249425172302
TTAGTTCAAGTGTTCG-1,0,22,112,377.59410331399795,638.2100415886589
AAACTCGTGATATAAG-1,0,23,113,364.96863700364474,660.6681754512965
TTAACGAACAAGCAGT-1,0,22,114,351.91994538801464,638.4532745227252
GTTATATCAGGAGCCA-1,0,23,115,339.29447907766144,660.9114083853628
CAAATTGGATTATGCC-1,0,22,116,326.24578746203133,638.6965074567934
CGAGGAGCTTCCATAT-1,0,23,117,313.6203211516786,661.154641319431
GGAGACCAATGTGCTT-1,0,22,118,300.5716295360485,638.9397403908597
CATTGATGAACACGCC-1,0,23,119,287.9461632256953,661.3978742534973
GTCAATGCTATAATTT-1,0,22,120,274.89747161006517,639.182973324926
ACCACCCTCTCTTCTA-1,0,23,121,262.2720052997124,661.6411071875636
TGGAGGGAAACACCTC-1,0,22,122,249.2233136840823,639.4262062589942
CACGGACGTGGATGGC-1,0,23,123,236.5978473737291,661.8843401216318
AACTTTCTCGATCATG-1,0,22,124,223.549155758099,639.6694391930605
CGTATTGTTTCCTAAT-1,0,23,125,210.9236894477458,662.1275730556981
CCTACTGCGGCGGCCA-1,0,22,126,197.87499783211615,639.9126721271268
CTTAGGTCCCAATCGT-1,0,23,127,185.24953152176295,662.3708059897644
CGCAATCGATCATTAG-1,0,24,0,1815.7701724743283,669.2620320721189
TGGTTATGCTTGCGGT-1,0,25,1,1803.1447061639751,691.7201659347584
GGCTTGGCTCTCACCT-1,0,24,2,1790.0960145483452,669.5052650061853
ATTGGTAGGATCCGCT-1,0,25,3,1777.470548237992,691.9633988688247
TCAGGGCGACTTCCTT-1,0,24,4,1764.4218566223622,669.7484979402516
TCTGCAGATTCGAGTC-1,0,25,5,1751.7963903120087,692.206631802891
CTCTCGCTGTACTATG-1,0,24,6,1738.747698696379,669.9917308743197
AATAGTCGCGAGTCGG-1,0,25,7,1726.1222323860256,692.4498647369592
AGTTACCCTTAAGACT-1,0,24,8,1713.073540770396,670.234963808386
CTTAAATAAGACCCAT-1,0,25,9,1700.4480744600426,692.6930976710255
GGTTGTGCTCTTGTCC-1,0,24,10,1687.399382844413,670.4781967424524
GTGAGTCTAAGACGGA-1,0,25,11,1674.7739165340595,692.9363306050918
CGCGACACTGCGCAGC-1,0,24,12,1661.7252249184296,670.7214296765205
GCTCGCGGTTCCGCTC-1,0,25,13,1649.0997586080764,693.17956353916
TTAACTCACGCGTGGA-1,0,24,14,1636.0510669924465,670.9646626105869
GGAACGGCCTGCAGCC-1,0,25,15,1623.4256006820933,693.4227964732263
GTAGAAACGGGTGGAG-1,0,24,16,1610.3769090664634,671.2078955446532
TAATGAAAGACCCTTG-1,0,25,17,1597.7514427561102,693.6660294072944
AGGCTTGCTAGACACC-1,0,24,18,1584.7027511404804,671.4511284787213
TTGCGTAGTTTGAGGA-1,0,25,19,1572.0772848301272,693.9092623413608
CGCCCTTGAAGGCTGA-1,0,24,20,1559.0285932144973,671.6943614127877
CCCGGTGGAAGAACCT-1,0,25,21,1546.4031269041438,694.1524952754271
TTAACACCTCGAACAT-1,0,24,22,1533.3544352885142,671.937594346854
GATTCCTATACGGCGC-1,0,25,23,1520.7289689781608,694.3957282094952
TTACCCTAACAGTCCT-1,0,24,24,1507.6802773625311,672.1808272809221
ACCCACCTACATGCTC-1,0,25,25,1495.0548110521777,694.6389611435616
AAAGGGCAGCTTGAAT-1,0,24,26,1482.006119436548,672.4240602149885
CACACAGGGATAGATT-1,0,25,27,1469.3806531261946,694.8821940776279
AGAGCGTACAAGCTCG-1,0,24,28,1456.3319615105647,672.6672931490548
TCTTACGGCATCCGAC-1,0,25,29,1443.7064952002115,695.125427011696
GCCTATTCCGATATAG-1,0,24,30,1430.6578035845816,672.9105260831229
GAAAGTGACTAACTGC-1,0,25,31,1418.0323372742284,695.3686599457624
CCGGAATGGTTTCAGT-1,0,24,32,1404.9836456585986,673.1537590171893
AGTATAATACTAGGCA-1,0,25,33,1392.3581793482454,695.6118928798287
TAACTATCGAAGGTCC-1,0,24,34,1379.3094877326155,673.3969919512556
ATGAGGAGTGTTAATC-1,0,25,35,1366.6840214222623,695.8551258138968
TGTGTCGCGAGTTGCA-1,0,24,36,1353.6353298066324,673.6402248853237
ATCCAACGCAGTCATA-1,0,25,37,1341.009863496279,696.0983587479632
AAGGCGCGTAAAGCTT-1,0,24,38,1327.9611718806493,673.8834578193901
AGTCGGCCCAAACGAC-1,0,25,39,1315.3357055702959,696.3415916820295
AACGTCAGACTAGTGG-1,0,24,40,1302.2870139546662,674.1266907534564
ACTACCAGCTCTCTGG-1,0,25,41,1289.6615476443128,696.5848246160976
GCAAGTGCACAGAGAA-1,0,24,42,1276.6128560286832,674.3699236875245
ACACCTTAAGTAGGGC-1,0,25,43,1263.9873897183297,696.828057550164
TTCGACGGGAAGGGCG-1,0,24,44,1250.9386981026998,674.6131566215909
TTCGCACTCGCGTGCT-1,0,25,45,1238.3132317923466,697.0712904842303
TATTTGTTACCCTTTA-1,0,24,46,1225.2645401767168,674.8563895556572
CGCTGTGACGCCGCAC-1,1,25,47,1212.6390738663636,697.3145234182984
GTTGCACGGAGTTTCG-1,0,24,48,1199.5903822507337,675.0996224897253
GTTTCCTGGAGGGTGA-1,1,25,49,1186.9649159403805,697.5577563523648
ACACCCAGCATGCAGC-1,1,24,50,1173.9162243247506,675.3428554237917
TCAACCATGTTCGGGC-1,1,25,51,1161.2907580143974,697.8009892864311
TTACAACTACGCATCC-1,1,24,52,1148.2420663987675,675.5860883578598
TCCGATGGTGCGACAT-1,1,25,53,1135.616600088414,698.0442222204993
GGGCGTACATTTATAT-1,1,24,54,1122.5679084727844,675.8293212919261
AGCGACCAACGATATT-1,1,25,55,1109.942442162431,698.2874551545656
ACACAAAGACGGGTGG-1,1,24,56,1096.8937505468014,676.0725542259925
ATCGCACGCCGGGAGA-1,1,25,57,1084.268284236448,698.5306880886319
GCTCTAAACCCTGACG-1,1,24,58,1071.2195926208183,676.3157871600606
AATGCAACCGGGTACC-1,1,25,59,1058.5941263104648,698.7739210227
TCAAACAACCGCGTCG-1,1,24,60,1045.545434694835,676.5590200941269
TATGCTCCCTACTTAC-1,1,25,61,1032.9199683844818,699.0171539567664
AAAGGGATGTAGCAAG-1,1,24,62,1019.8712767688519,676.8022530281933
ACGATCATACATAGAG-1,1,25,63,1007.2458104584987,699.2603868908327
TTGTTCAGTGTGCTAC-1,1,24,64,994.1971188428688,677.0454859622614
ATGCATGATCCAGGAT-1,1,25,65,981.5716525325154,699.5036198249009
AGTCTTCTCCTCAAAT-1,1,24,66,968.522960916886,677.2887188963277
GATTCCCTTGTCGCAG-1,1,25,67,955.8974946065325,699.7468527589672
CTCGCACCTATATAGT-1,1,24,68,942.8488029909026,677.5319518303941
ACTCAATAAAGGCACG-1,1,25,69,930.2233366805492,699.9900856930335
AACCGAGCTTGGTCAT-1,1,24,70,917.1746450649193,677.7751847644622
TAAGGCAACATAAGAT-1,1,25,71,904.5491787545666,700.2333186271017
CACGCACAGCGCAGCT-1,1,24,72,891.5004871389365,678.0184176985285
GGTTTACAATCTCAAT-1,1,25,73,878.8750208285833,700.476551561168
TGCAGGATCGGCAAAG-1,1,24,74,865.8263292129532,678.2616506325949
ATAACGGAGTCCAACG-1,1,25,75,853.2008629026004,700.7197844952343
AACGATATGTCAACTG-1,1,24,76,840.1521712869703,678.504883566663
GACAACGACCATTGAA-1,1,25,77,827.5267049766171,700.9630174293025
TTGACCATGTTCTCCG-1,1,24,78,814.478013360987,678.7481165007293
AGTACGGGCACCTGGC-1,1,25,79,801.8525470506338,701.2062503633688
CGCCATCCGATTATGA-1,1,24,80,788.8038554350042,678.9913494347957
AAGGTATCCTAATATA-1,1,25,81,776.178389124651,701.4494832974351
TGTTGTCAAGAAGTCT-1,0,24,82,763.1296975090208,679.2345823688638
CAGTGAATAAATGACT-1,0,25,83,750.5042311986676,701.6927162315033
CACCTTGCGAAACTCG-1,0,24,84,737.4555395830375,679.4778153029301
CATTTAGCGGACCATG-1,0,25,85,724.8300732726848,701.9359491655696
CCAGTCTAGACGGCGC-1,0,24,86,711.7813816570547,679.7210482369965
TCGCTTTAAACGTTTG-1,0,25,87,699.1559153467015,702.1791820996377
GTGAAACGGCGCCACC-1,0,24,88,686.1072237310714,679.9642811710646
GGGCTCATCGAACCCA-1,0,25,89,673.4817574207186,702.422415033704
TTGATGTGTAGTCCCG-1,0,24,90,660.4330658050885,680.2075141051309
CAGTAGCCCACGCGGT-1,0,25,91,647.8075994947353,702.6656479677704
AGCGCGGGTGCCAATG-1,0,24,92,634.7589078791052,680.4507470391973
TAATCGATCCGTACGT-1,0,25,93,622.133441568752,702.9088809018385
AGTGGCGGCAATTTGA-1,0,24,94,609.0847499531224,680.6939799732654
CCTTTCAATGAAGAAA-1,0,25,95,596.4592836427692,703.1521138359049
CTCAGTCACGACAAAT-1,0,24,96,583.410592027139,680.9372129073317
ATAGGCTAGCTTCGCA-1,0,25,97,570.7851257167858,703.3953467699712
CGGTTCAAGTAGGTGT-1,0,24,98,557.7364341011562,681.1804458413981
CAGTCGAGGATGCAAT-1,0,25,99,545.110967790803,703.6385797040393
TATCACCCAACCGACC-1,0,24,100,532.0622761751729,681.4236787754662
AATGATGCGACTCCTG-1,0,25,101,519.4368098648197,703.8818126381057
TGGAACCACTGACACA-1,0,24,102,506.3881182491896,681.6669117095325
GCCAATAGGGCATCTC-1,0,25,103,493.7626519388368,704.125045572172
TTCTTTGGTCGCGACG-1,0,24,104,480.7139603232067,681.9101446435989
ATTAGATTCCTCAGCA-1,0,25,105,468.0884940128535,704.3682785062401
CCGTGGAACGATCCAA-1,0,24,106,455.0398023972234,682.153377577667
GGGTCGTGGCAAGTGT-1,0,25,107,442.41433608687066,704.6115114403065
TCGCTCGGCACCAGCG-1,0,24,108,429.36564447124056,682.3966105117333
ACGCAATCACTACAGC-1,0,25,109,416.74017816088735,704.8547443743728
CTCTAATGCATTGATC-1,0,24,110,403.69148654525725,682.6398434457997
GTCTCGACTAAGTTTG-1,0,25,111,391.06602023490404,705.0979773084409
TGGTTTAAACGTGGGT-1,0,24,112,378.0173286192744,682.8830763798678
CGCAGATCTTCACCCG-1,0,25,113,365.3918623089212,705.3412102425073
TCCAGATGTACGCCAA-1,0,24,114,352.3431706932911,683.1263093139341
CATTGCGGGTCAATTC-1,0,25,115,339.7177043829379,705.5844431765736
GACGTTCGTAAATACA-1,0,24,116,326.6690127673078,683.3695422480023
TACACCGTCGTTAGTC-1,0,25,117,314.043546456955,705.8276761106417
ACGGGCGTATGCGACA-1,0,24,118,300.9948548413249,683.6127751820686
GAAGGCTACCATTGTT-1,0,25,119,288.3693885309717,706.0709090447081
TAAATCTTTACACCTC-1,1,24,120,275.3206969153416,683.856008116135
AGTTTATGTAAAGACA-1,0,25,121,262.69523060498886,706.3141419787744
AGGAGACATCCACAGT-1,0,24,122,249.64653898935876,684.0992410502031
CAACCTGAACCTGCCA-1,0,25,123,237.02107267900556,706.5573749128425
AGTCCCTCGCAGAAAG-1,0,24,124,223.97238106337545,684.3424739842694
TGTATACGGATGATGA-1,0,25,125,211.34691475302225,706.8006078469089
TTGTGGTATAGGTATG-1,0,24,126,198.2982231373926,684.5857069183357
TCTGCACCATTAGTAA-1,0,25,127,185.6727568270394,707.0438407809752
AAATGTATCTTATCCC-1,0,26,0,1816.1933977796048,713.9350668633297
ACTCTAAACCTGGGAT-1,0,27,1,1803.5679314692516,736.3932007259691
GCTGGCAGGTGCCGTG-1,0,26,2,1790.5192398536217,714.178299797396
CTCATTCGTGAACATC-1,0,27,3,1777.8937735432687,736.6364336600354
TCGCCGGATGGGCAAG-1,0,26,4,1764.8450819276386,714.4215327314623
GGACTAAGTCAGGAGT-1,0,27,5,1752.2196156172854,736.8796665941018
TATCAAAGGTCTGTAA-1,0,26,6,1739.1709240016555,714.6647656655305
TTCAGTTTGTGGCAGC-1,0,27,7,1726.545457691302,737.1228995281699
TGTTCATAAATGTGCT-1,0,26,8,1713.4967660756724,714.9079985995968
CTTAGCCCGGATAGTG-1,0,27,9,1700.8712997653192,737.3661324622362
GATGCGAATGGTATTA-1,0,26,10,1687.8226081496894,715.1512315336631
TCTAACTGTATGTAAA-1,0,27,11,1675.197141839336,737.6093653963026
TTAAACCTGGTTCCTT-1,0,26,12,1662.148450223706,715.3944644677313
GCTAAGTAAAGGCGAT-1,0,27,13,1649.522983913353,737.8525983303707
AGTTACCGCACATGGT-1,0,26,14,1636.474292297723,715.6376974017976
GACTGCGGCACGTGTA-1,0,27,15,1623.8488259873698,738.095831264437
TGGTGATCGTATTTGT-1,0,26,16,1610.80013437174,715.8809303358639
TTATCGCCTGCGAAGC-1,0,27,17,1598.174668061387,738.3390641985052
TGGAATTAGACGCTTT-1,0,26,18,1585.1259764457568,716.1241632699321
TCGTCACACTGTTAGC-1,0,27,19,1572.5005101354036,738.5822971325715
TTATGTTTGCGATAGA-1,0,26,20,1559.4518185197737,716.3673962039984
GGTGCTGATCACAAAG-1,0,27,21,1546.8263522094203,738.8255300666378
CATAGCCGCCCGGGAT-1,0,26,22,1533.7776605937906,716.6106291380647
GGTTAGTTACGGCGCC-1,0,27,23,1521.1521942834374,739.068763000706
ATTCCCACATAAACAA-1,0,26,24,1508.1035026678076,716.8538620721329
ATTCAGTAGCAGGGTC-1,0,27,25,1495.4780363574541,739.3119959347723
CAGTTCCGCGGGTCGA-1,0,26,26,1482.4293447418245,717.0970950061992
AAGAGATGAATCGGTA-1,0,27,27,1469.8038784314713,739.5552288688386
CGCAATTCTACAATAA-1,0,26,28,1456.7551868158412,717.3403279402655
TAACGCTTTGAGAGCG-1,0,27,29,1444.129720505488,739.7984618029068
AGGCTATGGTTAGCTT-1,0,26,30,1431.081028889858,717.5835608743337
GAGGAATGGAGAGGTT-1,0,27,31,1418.455562579505,740.0416947369731
TCCTCTACGAGATGGC-1,0,26,32,1405.406870963875,717.8267938084
TTGATTATGCAGATGA-1,0,27,33,1392.7814046535218,740.2849276710394
TCAGTACTGACCCGCG-1,0,26,34,1379.732713037892,718.0700267424663
TTATGACAAACTGGAT-1,0,27,35,1367.107246727539,740.5281606051076
GTAAGTAGGGTATACC-1,0,26,36,1354.0585551119088,718.3132596765345
CGCAAACACGAGTTAC-1,0,27,37,1341.4330888015556,740.7713935391739
TGGCCGTATATTGACC-1,0,26,38,1328.3843971859258,718.5564926106008
ACTGTAGCACTTTGGA-1,0,27,39,1315.7589308755723,741.0146264732402
GCTCTATGTTACGTGC-1,0,26,40,1302.7102392599427,718.7997255446671
TGCGCGATTAACGGAG-1,0,27,41,1290.0847729495895,741.2578594073084
GAATCGACATGGTCAC-1,0,26,42,1277.0360813339596,719.0429584787353
GACTAAGTAGGCTCAC-1,0,27,43,1264.4106150236062,741.5010923413747
ATCTTGACCTGCAACG-1,0,26,44,1251.3619234079763,719.2861914128016
ATGCACTACCGCATTG-1,0,27,45,1238.7364570976233,741.744325275441
CAGATACTAACATAGT-1,0,26,46,1225.6877654819932,719.5294243468679
GATCGACACTATCTGA-1,0,27,47,1213.06229917164,741.9875582095092
ATAGAGTACTGGGACA-1,0,26,48,1200.0136075560101,719.7726572809361
CCTACTGCTTACACTT-1,1,27,49,1187.3881412456572,742.2307911435755
CCTGCTATTTGAGAAG-1,1,26,50,1174.339449630027,720.0158902150024
CGCGTTCATGAAATAC-1,1,27,51,1161.7139833196738,742.4740240776418
CATTATGCTTGTTGTG-1,1,26,52,1148.665291704044,720.2591231490705
CCAGGGACGTGGCCTC-1,1,27,53,1136.0398253936905,742.71725701171
TATGGATGTGCTACGC-1,1,26,54,1122.9911337780609,720.5023560831369
GTACTAAGATTTGGAG-1,1,27,55,1110.3656674677077,742.9604899457763
AGACCCGCCCTCCTCG-1,1,26,56,1097.3169758520778,720.7455890172032
CGCATTAGCTAATAGG-1,1,27,57,1084.6915095417244,743.2037228798426
GCTCTCGGGTACCGAA-1,1,26,58,1071.6428179260947,720.9888219512713
CACCGCCAGAAGGTTT-1,1,27,59,1059.0173516157415,743.4469558139108
TCCCAAAGACGAAGGA-1,1,26,60,1045.9686600001114,721.2320548853377
ATGGATTGACCAAACG-1,1,27,61,1033.3431936897582,743.6901887479771
GTCATGGACATGACTA-1,1,26,62,1020.2945020741283,721.475287819404
CTACTGCCACCTGACC-1,1,27,63,1007.6690357637754,743.9334216820434
TTATATTTGGCAATCC-1,1,26,64,994.6203441481453,721.7185207534721
AGCACCAGTACTCACG-1,1,27,65,981.994877837792,744.1766546161116
CATGGTCTAGATACCG-1,1,26,66,968.9461862221624,721.9617536875385
TCTACCGTCCACAAGC-1,1,27,67,956.3207199118092,744.4198875501779
CTAGTTGGGCCCGGTA-1,1,26,68,943.2720282961791,722.2049866216048
TCCCGCGTACTCCTGG-1,1,27,69,930.6465619858259,744.6631204842442
CAGAGCATGAGCTTGC-1,1,26,70,917.5978703701958,722.448219555673
ACACGGGAACTTAGGG-1,1,27,71,904.972404059843,744.9063534183124
GGCTCTGCTCCAACGC-1,1,26,72,891.9237124442129,722.6914524897393
AGAACGTGGTACATTC-1,1,27,73,879.2982461338597,745.1495863523787
CAATAAACCTTGGCCC-1,1,26,74,866.2495545182296,722.9346854238056
ACTTCGCCATACGCAC-1,1,27,75,853.6240882078769,745.392819286445
ATCTGGTTAAGACTGT-1,1,26,76,840.5753965922468,723.1779183578738
TCGTAAGACGACATTG-1,1,27,77,827.9499302818936,745.6360522205132
GTGTACCTTGGCTACG-1,1,26,78,814.9012386662635,723.4211512919401
GCCCGTAATACCTTCT-1,1,27,79,802.2757723559102,745.8792851545795
CGGTCAAGTGGGAACC-1,1,26,80,789.2270807402806,723.6643842260064
TTGTAAGGCCAGTTGG-1,1,27,81,776.6016144299274,746.1225180886458
GGAGCACCAAGAACTA-1,1,26,82,763.5529228142973,723.9076171600746
TAATAGTGACGACCAG-1,1,27,83,750.9274565039441,746.365751022714
CTAAATCCTATTCCGG-1,1,26,84,737.878764888314,724.1508500941409
CGAGTTCTGTCCCACC-1,1,27,85,725.2532985779612,746.6089839567803
AGGCAGATGCGTAAAC-1,0,26,86,712.2046069623311,724.3940830282072
AAGGATGAGGGACCTC-1,0,27,87,699.5791406519779,746.8522168908485
AGAGAACCGTCTAGGA-1,0,26,88,686.5304490363478,724.6373159622754
GAGGGCGCAGCTCTGC-1,0,27,89,673.9049827259951,747.0954498249148
AAGATTGGCGGAACGT-1,0,26,90,660.856291110365,724.8805488963417
CCAGTAGTCTGATCCA-1,0,27,91,648.2308248000118,747.3386827589811
AAGGGACAGATTCTGT-1,0,26,92,635.1821331843817,725.123781830408
ATAGAGTTATCAACTT-1,0,27,93,622.5566668740285,747.5819156930493
AAATTACCTATCGATG-1,0,26,94,609.5079752583988,725.3670147644762
GATCCTAAATCGGGAC-1,0,27,95,596.8825089480456,747.8251486271156
TTACAGACCTAAATGA-1,0,26,96,583.8338173324155,725.6102476985425
CCTCACCTTAGCATCG-1,0,27,97,571.2083510220623,748.0683815611819
CATGCGACCAGTTTAA-1,0,26,98,558.1596594064326,725.8534806326088
AACATATCAACTGGTG-1,0,27,99,545.5341930960794,748.3116144952501
CTATAAGAGCCAATCG-1,0,26,100,532.4855014804493,726.096713566677
AATATCGAGGGTTCTC-1,0,27,101,519.8600351700961,748.5548474293164
GTACTCCTGGGTATGC-1,0,26,102,506.811343554466,726.3399465007433
ATAAGTAGGATTCAGA-1,0,27,103,494.18587724411327,748.7980803633827
AGGTCGCGGAGTTACT-1,0,26,104,481.13718562848317,726.5831794348096
CTAATTCTCAGATATT-1,0,27,105,468.51171931812996,749.0413132974509
GCCAACCATTTCCGGA-1,0,26,106,455.46302770249986,726.8264123688778
TGATCCCAGCATTAGT-1,0,27,107,442.8375613921471,749.2845462315172
CGTTGTAAGATTGATT-1,0,26,108,429.788869776517,727.0696453029441
GAAACCATGGTGCGCT-1,0,27,109,417.1634034661638,749.5277791655835
AATCTATGCCGGAGCC-1,0,26,110,404.1147118505337,727.3128782370104
GACTCCCAGAATAAGG-1,0,27,111,391.4892455401805,749.7710120996517
TATGATCCGGCACGCC-1,0,26,112,378.44055392455084,727.5561111710786
CCGCTTGCTGACATGG-1,0,27,113,365.81508761419764,750.014245033718
TGGTTAAGGGCGCTGG-1,0,26,114,352.76639599856753,727.7993441051449
TTGATAGTCAATACAT-1,0,27,115,340.1409296882143,750.2574779677843
GGTTTAATTGAGCAGG-1,0,26,116,327.0922380725842,728.042577039213
CATTACATAGATTGTG-1,0,27,117,314.4667717622315,750.5007109018525
GGTACACCAGATTTAT-1,0,26,118,301.41808014660137,728.2858099732794
GGCCCGTATACCATGC-1,0,27,119,288.79261383624817,750.7439438359188
ATCTTTCGTATAACCA-1,0,26,120,275.74392222061806,728.5290429073457
GAGATGACAATCCTTA-1,0,27,121,263.1184559102653,750.9871767699851
AAAGCTTGCCTACATA-1,0,26,122,250.0697642946352,728.7722758414138
GAACGATAAGTTAAAG-1,0,27,123,237.444297984282,751.2304097040533
TAATAGCTAAATGATG-1,0,26,124,224.3956063686519,729.0155087754802
TATGGCTAGGCTAATT-1,0,27,125,211.7701400582987,751.4736426381196
AGGAGAGTCTGGCTAC-1,0,26,126,198.72144844266904,729.2587417095465
TGCTCTGCCGGTTCAC-1,0,27,127,186.09598213231584,751.7168755721859
CCAATAGATTTCATCT-1,0,28,0,1816.6166230848814,758.6081016545404
GGGCACGAATTGGCCG-1,0,29,1,1803.9911567745282,781.0662355171798
TCGTTGACAGGGTCCC-1,0,28,2,1790.9424651588984,758.8513345886067
ATCGTATTCCGAGAAC-1,0,29,3,1778.3169988485452,781.3094684512462
GGGAATTCTGTCCAGT-1,0,28,4,1765.2683072329153,759.0945675226731
ACGCGTTTCTTAAGAG-1,0,29,5,1752.6428409225618,781.5527013853125
GAGAGCGCAGTCCCTG-1,0,28,6,1739.5941493069322,759.3378004567412
GTCCTATTGTTGTGGT-1,0,29,7,1726.9686829965788,781.7959343193806
CATCTGCAGGATCATT-1,0,28,8,1713.919991380949,759.5810333908075
GAGTCGACAGACCCTC-1,0,29,9,1701.2945250705957,782.039167253447
AAGTGCAAAGGTAGAC-1,0,28,10,1688.245833454966,759.8242663248739
AGGGTGGATAGTGCAT-1,0,29,11,1675.6203671446126,782.2824001875133
TGATAGCGGGATTCTA-1,0,28,12,1662.5716755289827,760.067499258942
GTCAGTTTGGTAGTCG-1,0,29,13,1649.9462092186295,782.5256331215814
GCATTCGAAATGAACA-1,0,28,14,1636.8975176029996,760.3107321930083
AAAGACTGGGCGCTTT-1,0,29,15,1624.2720512926464,782.7688660556478
TAACAATATTTGTTGC-1,0,28,16,1611.2233596770166,760.5539651270747
CCAGCTTCCGCCCGCA-1,0,29,17,1598.5978933666634,783.0120989897159
GATATGGATTACGCGG-1,0,28,18,1585.5492017510335,760.7971980611428
AGAGCAGTTATGAGAC-1,0,29,19,1572.9237354406803,783.2553319237823
TCACATCTTATCTGAT-1,0,28,20,1559.8750438250504,761.0404309952091
TATGAAGACAGGTGCG-1,0,29,21,1547.249577514697,783.4985648578486
TACCTGCTGCACTGTG-1,0,28,22,1534.2008858990673,761.2836639292755
TAGGTCCAAGTAAGGA-1,0,29,23,1521.5754195887139,783.7417977919167
GAAACTCGTGCGATGC-1,0,28,24,1508.5267279730842,761.5268968633436
AACAATTACTCTACGC-1,0,29,25,1495.9012616627308,783.985030725983
CCGCACGTGACCTCGG-1,0,28,26,1482.8525700471012,761.7701297974099
AACTTGCCCGTATGCA-1,0,29,27,1470.2271037367477,784.2282636600494
GGGTATGTATGCACTT-1,0,28,28,1457.1784121211178,762.0133627314763
TTCGTACTCCAGAACG-1,0,29,29,1444.5529458107646,784.4714965941175
GAATTTCTCGCTGCAG-1,0,28,30,1431.5042541951348,762.2565956655444
AACAGGATGGGCCGCG-1,0,29,31,1418.8787878847816,784.7147295281839
GACGTGTAGGGATTAT-1,0,28,32,1405.8300962691517,762.4998285996107
TAGGTGAGCCCTACTC-1,0,29,33,1393.2046299587985,784.9579624622502
CTAATTCGCACGCGCT-1,0,28,34,1380.1559383431686,762.7430615336771
GAAGCTTGCTGACCGC-1,0,29,35,1367.5304720328154,785.2011953963183
GGTTAGGCTTGGAGAA-1,0,28,36,1354.4817804171855,762.9862944677452
ACAAGGACAAGAGGTT-1,0,29,37,1341.856314106832,785.4444283303847
AGGCCACCCGTTATGA-1,0,28,38,1328.8076224912024,763.2295274018115
GTGGGCTTAGACACAC-1,0,29,39,1316.182156180849,785.687661264451
CGTGTCCCATTCGCGA-1,0,28,40,1303.1334645652194,763.4727603358779
TGGAGTGATGCGATGA-1,0,29,41,1290.507998254866,785.9308941985191
AACAACTGGTAGTTGC-1,0,28,42,1277.4593066392363,763.715993269946
CCTGGCTAGACCCGCC-1,0,29,43,1264.8338403288828,786.1741271325855
CGCAATTAGGGTAATA-1,0,28,44,1251.785148713253,763.9592262040123
TCGAAATTTAGGACCA-1,0,29,45,1239.1596824028998,786.4173600666518
AGACTAGCCTTCCAGA-1,0,28,46,1226.1109907872699,764.2024591380787
TTGATCTAACTTTGTC-1,0,29,47,1213.4855244769167,786.6605930007199
AAGGAGCGGTTGGTGC-1,0,28,48,1200.4368328612868,764.4456920721468
ACTTGGGACCCGGTGG-1,1,29,49,1187.8113665509336,786.9038259347863
TGATCTCCGGCGCCAG-1,1,28,50,1174.7626749353037,764.6889250062131
CAGTTCAAATTGACAC-1,1,29,51,1162.1372086249505,787.1470588688526
GTCCGGCTGAATTGCG-1,1,28,52,1149.0885170093206,764.9321579402813
CTGGAAATGGATGCTT-1,1,29,53,1136.4630506989672,787.3902918029207
TGATCGGTTTGACCCT-1,1,28,54,1123.4143590833376,765.1753908743476
TAGAGTCTAAGCGAAC-1,1,29,55,1110.7888927729841,787.633524736987
GAGACTGATGGGTAGA-1,1,28,56,1097.7402011573545,765.4186238084139
TAGCTAAGTCCGGGAG-1,1,29,57,1085.114734847001,787.8767576710534
GGGCGATATGTGTGAA-1,1,28,58,1072.0660432313714,765.6618567424821
CTCGAGGTCGAACAGT-1,1,29,59,1059.440576921018,788.1199906051215
GATCCCTTTATACTGC-1,1,28,60,1046.391885305388,765.9050896765484
GTCATGCACCTCCGTT-1,1,29,61,1033.7664189950349,788.3632235391879
ACTTTCCTATAGCTTC-1,1,28,62,1020.717727379405,766.1483226106147
TCGCTCGATATATTCC-1,1,29,63,1008.0922610690518,788.6064564732542
ATAGGTTGGGCAGATG-1,1,28,64,995.0435694534219,766.3915555446829
CAATTAAGGGTGATGA-1,1,29,65,982.4181031430685,788.8496894073223
ACCGACTGAGTCCCAC-1,1,28,66,969.3694115274391,766.6347884787492
CCTGTCACCCGGGCTC-1,1,29,67,956.7439452170856,789.0929223413887
GATCGGTGGCCATAAC-1,1,28,68,943.6952536014558,766.8780214128155
CCTATGGGTTACCGTC-1,1,29,69,931.0697872911023,789.336155275455
TTGGGACACTGCCCGC-1,1,28,70,918.0210956754722,767.1212543468837
CGAGGCTAAATATGGC-1,1,29,71,905.3956293651195,789.5793882095231
TCAGGGTGTAACGTAA-1,1,28,72,892.3469377494894,767.36448728095
CGAGAGATGTGAACCT-1,1,29,73,879.7214714391362,789.8226211435895
TCGCTGGGCGGATTGT-1,1,28,74,866.6727798235061,767.6077202150163
AGATCTCAGGTGTGAT-1,1,29,75,854.0473135131533,790.0658540776558
TGGCCAAACTGAAGTA-1,1,28,76,840.9986218975232,767.8509531490845
GCTTCCGTCCCTAGAC-1,1,29,77,828.37315558717,790.3090870117239
CAGCAGCCCGTTCCTT-1,1,28,78,815.3244639715399,768.0941860831508
TGTATAACAGATCCTG-1,1,29,79,802.6989976611867,790.5523199457903
CGCGGGAATTAGGCAG-1,1,28,80,789.650306045557,768.3374190172171
TGCATGTGGTAATCTA-1,1,29,81,777.0248397352038,790.7955528798566
ACAATTTGAGCAGTGG-1,1,28,82,763.9761481195737,768.5806519512853
GAGCTAAGGGCATATC-1,1,29,83,751.3506818092205,791.0387858139247
CCAGATAGTTGAGTGA-1,1,28,84,738.3019901935904,768.8238848853516
CCACAATGTACGTCTT-1,1,29,85,725.6765238832377,791.2820187479911
CAATGGATCTCTACCA-1,1,28,86,712.6278322676076,769.067117819418
TGTGGCAAAGCGTATG-1,0,29,87,700.0023659572544,791.5252516820592
TAAAGCGTTAGGAGAA-1,0,28,88,686.9536743416243,769.3103507534861
TCCGTTTAGCCTTGAA-1,0,29,89,674.3282080312715,791.7684846161255
CAGCTCGACAAGTTAA-1,0,28,90,661.2795164156414,769.5535836875524
GCCTATAGTGTCAGGG-1,0,29,91,648.6540501052882,792.0117175501919
ATAGACAACGGGACCT-1,0,28,92,635.6053584896581,769.7968166216187
CTACTATCTTTCAGAG-1,0,29,93,622.9798921793049,792.25495048426
GCGCTGCTTTGCATTT-1,0,28,94,609.9312005636752,770.0400495556869
GCGCATCCAGTCAGCA-1,0,29,95,597.305734253322,792.4981834183263
GACTCGCGGGAATGAC-1,0,28,96,584.2570426376919,770.2832824897532
CTGGTAACGAGCTCTT-1,0,29,97,571.6315763273387,792.7414163523927
TCCGGCCTAGCGTACA-1,0,28,98,558.5828847117091,770.5265154238195
TCTAGGTGGCGACGCT-1,0,29,99,545.9574184013559,792.9846492864608
ACGCTAGTGATACACT-1,0,28,100,532.9087267857258,770.7697483578877
ATCTGCACCTCTGCGA-1,0,29,101,520.2832604753726,793.2278822205271
CCTCACCTGAGGGAGC-1,0,28,102,507.23456885974247,771.012981291954
AGTGAGCCTCGCCGCC-1,0,29,103,494.6091025493897,793.4711151545935
ACGAGTACGGATGCCC-1,0,28,104,481.5604109337596,771.2562142260203
GGTACCATTAAGACGG-1,0,29,105,468.9349446234064,793.7143480886616
TTCTGCTAGACTCCAA-1,0,28,106,455.8862530077763,771.4994471600885
TAACTATTACGCCAAA-1,0,29,107,443.26078669742355,793.9575810227279
GCATTCAAGGCAACGC-1,0,28,108,430.21209508179345,771.7426800941548
AGTACATCATTTATCA-1,0,29,109,417.58662877144025,794.2008139567943
GTCGTGTCTGGTCATC-1,0,28,110,404.53793715581014,771.9859130282211
AGTCTAAAGTATACTC-1,0,29,111,391.91247084545694,794.4440468908624
CGGCCCAACCTGTAGT-1,0,28,112,378.8637792298273,772.2291459622893
AGGGAGACATACTTCG-1,0,29,113,366.2383129194741,794.6872798249287
TCCCTAGATCAATAGG-1,0,28,114,353.189621303844,772.4723788963556
TCCCGTCGCGTCATAG-1,0,29,115,340.5641549934908,794.9305127589951
CGCATCCATCAGCCAG-1,0,28,116,327.51546337786067,772.7156118304238
CTGCACCTAGTCCACA-1,0,29,117,314.8899970675079,795.1737456930632
CGAGGATCGGGAACGA-1,0,28,118,301.8413054518778,772.9588447644901
CAATGAGGTTCGACTA-1,0,29,119,289.2158391415246,795.4169786271295
TCTGACGGGCTAACCC-1,0,28,120,276.1671475258945,773.2020776985564
TTCTATGCCTTTCGCA-1,0,29,121,263.54168121554176,795.6602115611959
AGAGTATAGTGTTACG-1,0,28,122,250.49298959991165,773.4453106326246
CCATTGTTTCCTCCAT-1,0,29,123,237.86752328955845,795.903444495264
CTCATCACTTAGTGAT-1,0,28,124,224.81883167392834,773.6885435666909
CCGAAGGGCGTACCGC-1,0,29,125,212.19336536357514,796.1466774293303
TCAAGCTGCCTTGAAA-1,0,28,126,199.1446737479455,773.9317765007572
CTCATTAACGTTGCCC-1,0,29,127,186.51920743759229,796.3899103633967
GTCTTCCTCACCTAAG-1,0,30,0,1817.0398483901579,803.2811364457511
GGTGATGAAGGAAGTG-1,0,31,1,1804.4143820798047,825.7392703083906
TCAATACAATTGCTGC-1,0,30,2,1791.3656904641748,803.5243693798175
GCAACCCAAGTTGTTT-1,0,31,3,1778.7402241538216,825.9825032424569
ATGAAGTGGACCCAGC-1,0,30,4,1765.6915325381917,803.7676023138838
GAGAATCTCACGATCA-1,0,31,5,1753.0660662278383,826.2257361765232
TATATCATTGATCAGT-1,0,30,6,1740.0173746122086,804.010835247952
AACTTTACGGGAGCTT-1,0,31,7,1727.3919083018552,826.4689691105914
TTCTTGTGTCCATCAG-1,0,30,8,1714.3432166862256,804.2540681820183
ACAATTTAGGAGGCTC-1,0,31,9,1701.7177503758721,826.7122020446577
ATACTTGTTCTCGAGC-1,0,30,10,1688.6690587602425,804.4973011160846
CACGGGATTGAGGGTT-1,0,31,11,1676.043592449889,826.955434978724
GTTAATGTCTATCTTA-1,0,30,12,1662.9949008342592,804.7405340501527
GCGTTATATTTGGAAC-1,0,31,13,1650.369434523906,827.1986679127922
CGTCAAGGCTATAAAT-1,0,30,14,1637.320742908276,804.9837669842191
TTAGCTCTGTAATCCG-1,0,31,15,1624.6952765979229,827.4419008468585
AATGGTCCACCGTTCA-1,0,30,16,1611.646584982293,805.2269999182854
GTCATTGCATTGACCC-1,0,31,17,1599.0211186719398,827.6851337809267
TGTCCGTGGCGCCTTT-1,0,30,18,1585.97242705631,805.4702328523535
TCAACTAACGTATAAC-1,0,31,19,1573.3469607459567,827.928366714993
TCCTCTCCAGTTGTCC-1,0,30,20,1560.2982691303268,805.7134657864199
TGTGTTCGTATCCAAG-1,0,31,21,1547.6728028199734,828.1715996490593
CCGCGTAGGTAAGGGC-1,0,30,22,1534.6241112043438,805.9566987204862
CTGCGGGTGAAATGTT-1,0,31,23,1521.9986448939903,828.4148325831275
TATCTACAGAGGTAAT-1,0,30,24,1508.9499532783607,806.1999316545543
CTACTCTAGGCCCGGC-1,0,31,25,1496.3244869680072,828.6580655171938
ACAAGCAGTGCCTAGC-1,0,30,26,1483.2757953523776,806.4431645886207
TACAAGTCTCGTGCAT-1,0,31,27,1470.6503290420242,828.9012984512601
TCGGAATGCGCTCTGA-1,0,30,28,1457.6016374263943,806.686397522687
TCGCGTCCAGAAGGTC-1,0,31,29,1444.976171116041,829.1445313853283
TATGGCCCGGCCTCGC-1,0,30,30,1431.9274795004112,806.9296304567551
GCTGGCATATTCACCT-1,0,31,31,1419.302013190058,829.3877643193946
GTCAGAATAGTCTATG-1,0,30,32,1406.2533215744281,807.1728633908215
GGCGTCCTATCCGCTG-1,0,31,33,1393.627855264075,829.6309972534609
CGGAGTTTGAGAGACA-1,0,30,34,1380.579163648445,807.4160963248878
AGCACTTAAGGACGCC-1,0,31,35,1367.9536973380918,829.8742301875291
TCCACAATGGTTTACG-1,0,30,36,1354.905005722462,807.659329258956
CCAACGATGCACTGAT-1,0,31,37,1342.2795394121085,830.1174631215954
ATTTACAGTTTACTGG-1,0,30,38,1329.2308477964789,807.9025621930223
CCCTGAAATGAGTTGA-1,0,31,39,1316.6053814861255,830.3606960556617
CAAACGGTCGCACTTT-1,0,30,40,1303.5566898704958,808.1457951270886
TGATTCGTCTATCACT-1,0,31,41,1290.9312235601424,830.6039289897299
TCAGGTTCTTTGAGAA-1,0,30,42,1277.8825319445127,808.3890280611568
CACGCAGCGAGGCTTT-1,0,31,43,1265.2570656341593,830.8471619237962
TTAAGCGCCTGACCCA-1,0,30,44,1252.2083740185294,808.6322609952231
CTTACACGGTATTCCA-1,0,31,45,1239.5829077081762,831.0903948578625
AAGGCTGTGCTCATCG-1,0,30,46,1226.5342160925463,808.8754939292894
GACCAGAGCCCTGTAG-1,0,31,47,1213.9087497821931,831.3336277919307
TCCCAGGCTTAGCTAA-1,1,30,48,1200.8600581665632,809.1187268633576
ATTGAAGATCTTAGTG-1,1,31,49,1188.23459185621,831.576860725997
AGTTCCTACAGAATTA-1,1,30,50,1175.1859002405802,809.3619597974239
GGGCTGGTTAGTCGCG-1,1,31,51,1162.560433930227,831.8200936600633
GAAATGGCGGTGTTAG-1,1,30,52,1149.511742314597,809.605192731492
TACGAACACGACTTCA-1,1,31,53,1136.8862760042437,832.0633265941315
ACCACAAGTTTCTATC-1,1,30,54,1123.837584388614,809.8484256655584
ATATTTAACCCTCAAG-1,1,31,55,1111.2121180782606,832.3065595281978
GATCATTCCAAACATT-1,1,30,56,1098.163426462631,810.0916585996247
TCCAGGCGAGTACGGT-1,1,31,57,1085.5379601522775,832.5497924622641
GTTTGACCAAATCCTA-1,1,30,58,1072.4892685366478,810.3348915336928
CACAGCACCCACGGCA-1,1,31,59,1059.8638022262944,832.7930253963323
TGCAAGAATGACGTAA-1,1,30,60,1046.8151106106645,810.5781244677592
GCGAAGCCATACCCGT-1,1,31,61,1034.1896443003113,833.0362583303986
TCCTTTCTTACGCTTA-1,1,30,62,1021.1409526846815,810.8213574018255
GCTGCTCTCCGGACAC-1,1,31,63,1008.5154863743282,833.2794912644649
ACTGTCTTCTTTAGAA-1,1,30,64,995.4667947586984,811.0645903358936
TCAAACTTAGATTGTT-1,1,31,65,982.8413284483449,833.5227241985331
CTATGTCACTAGCCCA-1,1,30,66,969.7926368327155,811.30782326996
TGCGCAAAGCATTTGG-1,1,31,67,957.1671705223621,833.7659571325994
TTAATGTAGACCAGGT-1,1,30,68,944.1184789067322,811.5510562040263
GGCGGTAGGATCATTG-1,1,31,69,931.4930125963788,834.0091900666657
GGCAATAGTCAATGAG-1,1,30,70,918.4443209807487,811.7942891380944
ACACGAGACTCCTTCT-1,1,31,71,905.8188546703959,834.2524230007339
GACACAAGGGAAGAAA-1,1,30,72,892.7701630547658,812.0375220721608
TCAGCAAATGCATCTC-1,1,31,73,880.1446967444126,834.4956559348002
GAGATCTGTCACTCCG-1,1,30,74,867.0960051287825,812.2807550062271
ATGCCGGTCTTGCATA-1,1,31,75,854.4705388184298,834.7388888688665
TTGGGCGGCGGTTGCC-1,1,30,76,841.4218472027997,812.5239879402952
TTGTTGTGTGTCAAGA-1,1,31,77,828.7963808924465,834.9821218029347
ACTGTACGATACACAT-1,1,30,78,815.7476892768163,812.7672208743616
TCCACTTTATCTAGGT-1,1,31,79,803.1222229664631,835.225354737001
GGTCTGAGAATCTGGA-1,1,30,80,790.0735313508335,813.0104538084279
TAGAAAGGTGGCGCTA-1,1,31,81,777.4480650404803,835.4685876710673
TATGTCTCATTGTGCC-1,1,30,82,764.3993734248502,813.253686742496
GGATTTCACTTCTATA-1,1,31,83,751.773907114497,835.7118206051355
TGAGTGGTCCGTGACG-1,1,30,84,738.7252154988669,813.4969196765624
CGCTTTCTTGCATTCG-1,1,31,85,726.0997491885141,835.9550535392018
ACCCAACGCCCGTGGC-1,0,30,86,713.051057572884,813.7401526106287
GAACGTCTCATGGTCG-1,1,31,87,700.4255912625308,836.19828647327
AGGGTTCCCTTTGGTT-1,0,30,88,687.3768996469007,813.9833855446968
GTAGCTTCCTCTTGTT-1,1,31,89,674.751433336548,836.4415194073363
GCATGAGGGACGCGGC-1,0,30,90,661.7027417209179,814.2266184787632
CTACCCTAAGGTCATA-1,0,31,91,649.0772754105647,836.6847523414026
TCACCGCTCGGCACTC-1,0,30,92,636.0285837949345,814.4698514128295
GGCTCGCGTTGAGGTA-1,0,31,93,623.4031174845813,836.9279852754707
CTAACGAAACTTGCTG-1,0,30,94,610.3544258689517,814.7130843468976
TTAAACTCGAATTCAT-1,0,31,95,597.7289595585985,837.1712182095371
TACTTTACTGAGCCGG-1,0,30,96,584.6802679429684,814.956317280964
GCTTGGATCGATTAGG-1,0,31,97,572.0548016326152,837.4144511436034
CGGTTATCCAACAGTG-1,1,30,98,559.0061100169855,815.1995502150303
CAGACCTGTAAGTGTT-1,0,31,99,546.3806437066323,837.6576840776715
GACGGTCAATAGAAGC-1,0,30,100,533.3319520910022,815.4427831490984
CTGACTGCGCAGCTCG-1,1,31,101,520.706485780649,837.9009170117379
CCATACCTTTACTTGT-1,0,30,102,507.6577941650189,815.6860160831648
GTAATAAAGGGCTCCC-1,1,31,103,495.03232785466616,838.1441499458042
GTGAACTCCCATTCGA-1,0,30,104,481.98363623903606,815.9292490172311
GTGGTTACTTCTTTCG-1,0,31,105,469.35816992868286,838.3873828798723
TCAGAACCTCCACAGG-1,0,30,106,456.30947831305275,816.1724819512992
TCCCACTCTCTTCCGG-1,0,31,107,443.6840120027,838.6306158139387
ATCTTGACTTGTCCAA-1,0,30,108,430.6353203870699,816.4157148853656
TCGGGAACGTGCCTAG-1,0,31,109,418.0098540767167,838.873848748005
GTTAGCCGTAAATCAA-1,0,30,110,404.9611624610866,816.6589478194319
ATTTACTAAGTCCATT-1,0,31,111,392.3356961507334,839.1170816820731
GGGTGCATATGAAAGC-1,0,30,112,379.28700453510373,816.9021807535
TCCGAATGGTCCTGAG-1,0,31,113,366.66153822475053,839.3603146161395
TGATGGCTGTTTCTGA-1,0,30,114,353.6128466091204,817.1454136875664
AAATAAGGTAGTGCCC-1,0,31,115,340.9873802987672,839.6035475502058
CCACTATCCGGGTCAC-1,0,30,116,327.9386886831371,817.3886466216345
ACACCACATAATTAGC-1,0,31,117,315.31322237278437,839.846780484274
CGCGGTAAGTCTAGCT-1,0,30,118,302.26453075715426,817.6318795557008
GCGGGCATTACGATGC-1,0,31,119,289.63906444680106,840.0900134183403
AGGATTGCTTACGACA-1,0,30,120,276.59037283117095,817.8751124897672
CTCGGGATAACACCTA-1,0,31,121,263.9649065208182,840.3332463524066
GTCGTCTGGTTGGCTA-1,0,30,122,250.9162149051881,818.1183454238353
GCAATTAGTCGCACCG-1,0,31,123,238.2907485948349,840.5764792864748
GTGACCTAAAGAATAA-1,0,30,124,225.2420569792048,818.3615783579016
CTGAGCGAGACTTATT-1,0,31,125,212.6165906688516,840.8197122205411
CAAGACTCAGAAGCGC-1,0,30,126,199.56789905322194,818.604811291968
ACTTCGCTAGCGAGTG-1,0,31,127,186.94243274286873,841.0629451546074
CCATACTCGCCTCTCC-1,0,32,0,1817.4630736954343,847.9541712369619
ACGATACCTATCCTGA-1,0,33,1,1804.8376073850811,870.4123050996013
CTCACCAGTACAAGTG-1,0,32,2,1791.7889157694513,848.1974041710282
CGAAGACGGTGAGTGC-1,0,33,3,1779.163449459098,870.6555380336677
AAATTAATAAGCGCGA-1,0,32,4,1766.1147578434682,848.4406371050945
GGGCCCTTATCTATAC-1,0,33,5,1753.4892915331147,870.898770967734
CTGCCCACGAAGCGTT-1,0,32,6,1740.440599917485,848.6838700391627
GGACAAGTTGCAGTGA-1,0,33,7,1727.8151336071317,871.1420039018021
GTCCGAGAGCAATCAT-1,0,32,8,1714.766441991502,848.927102973229
ATGGCAGCCGAGAAAC-1,0,33,9,1702.1409756811486,871.3852368358685
CCTCGGATGCTACCTG-1,0,32,10,1689.092284065519,849.1703359072953
ATACGGTGAAGATGCA-1,0,33,11,1676.4668177551655,871.6284697699348
ACATCAGCTGGGACGC-1,0,32,12,1663.4181261395356,849.4135688413635
GGTTGTGTAGCCTGGC-1,0,33,13,1650.7926598291824,871.8717027040029
CCTGCGTTCTACGCTT-1,0,32,14,1637.7439682135525,849.6568017754298
GAACGTTAGGAAGACG-1,0,33,15,1625.1185019031993,872.1149356380693
CTGATAGTGTATCTCA-1,0,32,16,1612.0698102875695,849.9000347094961
TTCTGCGAGCGCCCTT-1,0,33,17,1599.4443439772162,872.3581685721374
CTTTGGCGCTTTATAC-1,0,32,18,1586.3956523615864,850.1432676435643
TCCGAACTTGGCTTAC-1,0,33,19,1573.7701860512332,872.6014015062037
TAGATTCCTGGTTATT-1,0,32,20,1560.7214944356033,850.3865005776306
CCGACAAAGGGAGTGC-1,0,33,21,1548.0960281252499,872.84463444027
CCATGGCCCTTGTACC-1,0,32,22,1535.0473365096202,850.6297335116969
GAAATATCACCATCAG-1,0,33,23,1522.4218701992668,873.0878673743382
ACGAAATGGGCGGCAC-1,0,32,24,1509.3731785836371,850.8729664457651
GTGAGCGTGCTGCACT-1,0,33,25,1496.7477122732837,873.3311003084045
CCGCGGGTACGAAGAA-1,0,32,26,1483.699020657654,851.1161993798314
TCCCTGGCTCGCTGGA-1,0,33,27,1471.0735543473006,873.5743332424709
CAGCTTAGTAGGTAGC-1,0,32,28,1458.0248627316707,851.3594323138977
CACGAAAGTTAGTCCC-1,0,33,29,1445.3993964213175,873.817566176539
ACCTAATCGACTTCCT-1,0,32,30,1432.3507048056877,851.6026652479659
AAGTAGTGACGCGAGG-1,0,33,31,1419.7252384953345,874.0607991106053
TCCGATTACATTGCCG-1,0,32,32,1406.6765468797046,851.8458981820322
CCTCCGACAATTCAAG-1,0,33,33,1394.0510805693514,874.3040320446717
GTTCACAGGAGTCTAG-1,0,32,34,1381.0023889537215,852.0891311160985
CGAAGTTGCTCTGTGT-1,0,33,35,1368.3769226433683,874.5472649787398
GTCGGATATCTCAGAC-1,0,32,36,1355.3282310277384,852.3323640501667
CGCTCTCCGTAGATTA-1,0,33,37,1342.702764717385,874.7904979128061
CAAGCAACGTCGGAGT-1,0,32,38,1329.6540731017553,852.575596984233
CCATTCCCTGCCCACA-1,0,33,39,1317.028606791402,875.0337308468725
CTTTGGCTTTAGTAAA-1,0,32,40,1303.9799151757722,852.8188299182993
GGCTATTAAGTTGTAT-1,0,33,41,1291.3544488654188,875.2769637809406
CCATTAGCGATAATCC-1,0,32,42,1278.3057572497892,853.0620628523675
TGTTCTTCCATTGACT-1,0,33,43,1265.6802909394357,875.5201967150069
AGATAACTTCAGGGCC-1,0,32,44,1252.6315993238059,853.3052957864338
ATAGACGAAGAGAAAG-1,0,33,45,1240.0061330134527,875.7634296490733
GGCGGAGTAATATTAG-1,0,32,46,1226.9574413978228,853.5485287205001
TGACCCACGTTAGACA-1,0,33,47,1214.3319750874696,876.0066625831414
TCACAGGTTATTGGGC-1,0,32,48,1201.2832834718397,853.7917616545683
TCACGCATTGTAGATC-1,1,33,49,1188.6578171614865,876.2498955172077
TTGAAGAATTCCCAGG-1,1,32,50,1175.6091255458566,854.0349945886346
AAATGGTCAATGTGCC-1,1,33,51,1162.9836592355034,876.4931284512741
TAGTGCCCTCCAGAGT-1,1,32,52,1149.9349676198735,854.2782275227028
GGTATTGCCGAGTTTA-1,1,33,53,1137.30950130952,876.7363613853422
CGTATTAAGAGATCTA-1,1,32,54,1124.2608096938905,854.5214604567691
ACTGTCCAGGATTATA-1,1,33,55,1111.635343383537,876.9795943194085
CGGGCAGCTAAACCGC-1,1,32,56,1098.5866517679074,854.7646933908354
TTGCTGATCATGTTCG-1,1,33,57,1085.961185457554,877.2228272534749
TATGGGTACGTATCGT-1,1,32,58,1072.9124938419243,855.0079263249036
CAGCTCACTGAGACAT-1,1,33,59,1060.2870275315709,877.466060187543
GGGACTGCATAGATAG-1,1,32,60,1047.238335915941,855.2511592589699
ACGCATTCGTGAGTAC-1,1,33,61,1034.6128696055878,877.7092931216093
CTCTGGACGCCTGGTG-1,1,32,62,1021.5641779899579,855.4943921930362
AGGGTTTAGTTCGGGA-1,1,33,63,1008.9387116796047,877.9525260556757
GGGAGAACTCACAGTA-1,1,32,64,995.8900200639748,855.7376251271044
ATCAATCTGGGCTGCA-1,1,33,65,983.2645537536214,878.1957589897438
TCTTCGATACCAATAA-1,1,32,66,970.215862137992,855.9808580611707
ACGTAGATTGCTGATG-1,1,33,67,957.5903958276385,878.4389919238101
TCTTGATGCGTAGCGA-1,1,32,68,944.5417042120087,856.224090995237
GGGCTGCCTAGGGCGA-1,1,33,69,931.9162379016552,878.6822248578765
CTCTCACAATCGATGA-1,1,32,70,918.8675462860251,856.4673239293052
CCAAGCGTAACTCGTA-1,1,33,71,906.2420799756724,878.9254577919446
ACAACAGCATGAGCTA-1,1,32,72,893.1933883600423,856.7105568633715
GTCCCAACGTAAAGTA-1,1,33,73,880.5679220496891,879.1686907260109
TCGGAGTACATGAGTA-1,1,32,74,867.519230434059,856.9537897974378
GGGAGTTAATGAGGCG-1,1,33,75,854.8937641237062,879.4119236600773
CCGGGCGGTCTCGTCA-1,1,32,76,841.8450725080761,857.197022731506
CCGTAAGTTGGTCCCA-1,1,33,77,829.2196061977229,879.6551565941454
GGAGGGCTTGGTTGGC-1,1,32,78,816.1709145820928,857.4402556655723
TCGGACGCCCAGCCCA-1,1,33,79,803.5454482717396,879.8983895282117
TCTGTGCCATCATAGT-1,1,32,80,790.4967566561099,857.6834885996386
GTACTGGAGTTAGACC-1,1,33,81,777.8712903457567,880.1416224622781
GGAATGCGCTAGCGTG-1,1,32,82,764.8225987301266,857.9267215337068
GTGTGAATAACTTAGG-1,1,33,83,752.1971324197734,880.3848553963462
GGTCGGCCAGGAGCTT-1,1,32,84,739.1484408041433,858.1699544677731
TAGCCGGCGGTCAGCG-1,1,33,85,726.5229744937906,880.6280883304125
CGGGTGTACCCATTTA-1,1,32,86,713.4742828781605,858.4131874018394
AGTGATTCAAGCAGGA-1,1,33,87,700.8488165678073,880.8713212644807
GTTGGATTGAGAACAC-1,1,32,88,687.8001249521772,858.6564203359076
CACACGCGCTGTCTTA-1,1,33,89,675.1746586418244,881.114554198547
TAGACGCCCGTACCGG-1,1,32,90,662.1259670261943,858.8996532699739
GGTTTCAATCGGTCAG-1,1,33,91,649.5005007158411,881.3577871326133
AATCTGCGTTGGGACG-1,1,32,92,636.451809100211,859.1428862040402
TTACGGATGGTTCGAG-1,1,33,93,623.8263427898578,881.6010200666815
CGGCAGGGTCGGGTTG-1,1,32,94,610.7776511742281,859.3861191381084
GCTTTCAGAGGAGGTG-1,1,33,95,598.1521848638749,881.8442530007478
TCTTCCCATGGGCACA-1,1,32,96,585.1034932482448,859.6293520721747
TACCGCGGACTTGCAG-1,1,33,97,572.4780269378916,882.0874859348141
AGAATTATGGATTCGA-1,1,32,98,559.429335322262,859.872585006241
ATTGATGAGTCCTAAC-1,1,33,99,546.8038690119088,882.3307188688823
TAGGTCGCCGGAACTG-1,1,32,100,533.7551773962787,860.1158179403092
TAACCTACCGTCCGAG-1,1,33,101,521.1297110859255,882.5739518029486
CTTAGTAGGCCTACAG-1,1,32,102,508.08101947029536,860.3590508743755
CTAGATGTGAGTGTAA-1,1,33,103,495.4555531599426,882.8171847370149
ACTCCCGAATTCGTTT-1,1,32,104,482.4068615443125,860.6022838084418
GTTCATCGTTTGGCTG-1,1,33,105,469.7813952339593,883.0604176710831
ACTTTACCCTCATGAA-1,0,32,106,456.7327036183292,860.84551674251
GCGAGAGTTGCGTCCA-1,1,33,107,444.10723730797645,883.3036506051494
GTTCGGGCGTACCATT-1,0,32,108,431.05854569234634,861.0887496765763
CGACTTTGTATAGCCT-1,0,33,109,418.43307938199314,883.5468835392157
GCCATCGATGCTGCAT-1,0,32,110,405.38438776636303,861.3319826106426
GCATTTCCAAGGCTCC-1,0,33,111,392.75892145600983,883.7901164732839
ATGTAAGGCTGCTCTT-1,0,32,112,379.7102298403802,861.5752155447108
ACGTTCGCAATCAATT-1,0,33,113,367.084763530027,884.0333494073502
GTGACGAGGGTGACCC-1,0,32,114,354.03607191439687,861.8184484787771
ATTATAGCTACTTTAC-1,0,33,115,341.41060560404367,884.2765823414165
CGTGTGTTAAACCCTG-1,0,32,116,328.36191398841356,862.0616814128452
TTGGTATGGCTTGTGT-1,0,33,117,315.7364476780608,884.5198152754847
CATTCCCATTCCGTCG-1,0,32,118,302.6877560624307,862.3049143469116
TGCCGAAAGCGTATTC-1,0,33,119,290.0622897520775,884.763048209551
CAACACATCTCCTGCC-1,0,32,120,277.0135981364474,862.5481472809779
CTGCCTCATATGCAAC-1,0,33,121,264.38813182609465,885.0062811436173
TCCCGCCTATGTGCGT-1,0,32,122,251.33944021046455,862.791380215046
GGTTACCCGACACTTT-1,0,33,123,238.71397390011134,885.2495140776855
CCAGCGGGATCACCAG-1,0,32,124,225.66528228448124,863.0346131491124
ATGTTTCGGCCCGGAG-1,0,33,125,213.03981597412803,885.4927470117518
GCGTCTAACCTCCTAA-1,0,32,126,199.99112435849838,863.2778460831787
ATCAGGTAGCTGACAG-1,0,33,127,187.36565804814518,885.7359799458181
GGTATGAAAGAACTGA-1,0,34,0,1817.8862990007108,892.6272060281726
GTGGCCTAATATCATT-1,0,35,1,1805.2608326903576,915.0853398908121
CCTGTGAAACCGTAAC-1,0,34,2,1792.2121410747277,892.870438962239
GGCAGAGAGATCGGGA-1,0,35,3,1779.5866747643745,915.3285728248784
TAGCGTCGAATATTGA-1,0,34,4,1766.5379831487446,893.1136718963053
CGCCGACTATTCGCTA-1,0,35,5,1753.9125168383912,915.5718057589447
TCTGGCGCAAGCCGGG-1,0,34,6,1740.8638252227615,893.3569048303734
AGTGGTTGCGTATAGG-1,0,35,7,1728.238358912408,915.8150386930129
ATCGGTTACCTAGTAA-1,0,34,8,1715.1896672967785,893.6001377644398
CCTGCCCGTTGTCTAG-1,0,35,9,1702.564200986425,916.0582716270792
GCACACGCCCATGGTC-1,0,34,10,1689.5155093707954,893.8433706985061
AGTACGGCCCGTATCG-1,0,35,11,1676.890043060442,916.3015045611455
TATCTAGCCTAAAGGA-1,0,34,12,1663.841351444812,894.0866036325742
CACTCGGTTAGGAGGA-1,0,35,13,1651.2158851344589,916.5447374952137
ATGTTCGTCGACCCAC-1,0,34,14,1638.167193518829,894.3298365666406
TTCCTCTGCCCGAATA-1,0,35,15,1625.5417272084758,916.78797042928
TTACTATCGGCTTCTC-1,0,34,16,1612.493035592846,894.5730695007069
GCCGCATTAGTCCGGC-1,0,35,17,1599.8675692824927,917.0312033633481
TAAGGGCTGGGAGAGG-1,0,34,18,1586.8188776668628,894.816302434775
TAAGCAGGCGACACGC-1,0,35,19,1574.1934113565096,917.2744362974145
AGCACTACCGGCCTGT-1,0,34,20,1561.1447197408797,895.0595353688414
GAAAGCCCTTTGGACC-1,0,35,21,1548.5192534305263,917.5176692314808
GACCGACTGAAGCGTC-1,0,34,22,1535.4705618148967,895.3027683029077
CGGTGAAGACTAAAGT-1,0,35,23,1522.8450955045432,917.7609021655489
CCCTGCGCTACGCATA-1,0,34,24,1509.7964038889136,895.5460012369758
TACTGGACAGCTCGGC-1,0,35,25,1497.1709375785601,918.0041350996153
TTAGTAGGGCGGCGGG-1,0,34,26,1484.1222459629305,895.7892341710422
GAGGCTATCAAAGTCG-1,0,35,27,1471.496779652577,918.2473680336816
TTACCATTGATTACCC-1,0,34,28,1458.4480880369472,896.0324671051085
ATACCACGGGCAACTT-1,0,35,29,1445.822621726594,918.4906009677497
TGTCCTAAGTCACCGC-1,0,34,30,1432.773930110964,896.2757000391766
AGGTAGGTACAAAGCT-1,0,35,31,1420.148463800611,918.7338339018161
GGCATACAGGTAGCGG-1,0,34,32,1407.099772184981,896.518932973243
TGTAGTGATCTATAAT-1,0,35,33,1394.4743058746278,918.9770668358824
TCCCGGGTGTGCTGCT-1,0,34,34,1381.425614258998,896.7621659073093
TACGATGTTGATCATC-1,0,35,35,1368.8001479486447,919.2202997699505
CCTCTCTCCCATCTAG-1,0,34,36,1355.7514563330149,897.0053988413774
GCAGGACTATAGAATA-1,0,35,37,1343.1259900226614,919.4635327040169
CTAGTGAAGGACAGGA-1,0,34,38,1330.0772984070318,897.2486317754438
TACGAGAACTTCACGT-1,0,35,39,1317.4518320966783,919.7067656380832
CGTTGTTTCAATTCCC-1,0,34,40,1304.4031404810487,897.4918647095101
GCAAATATTACGCTTT-1,0,35,41,1291.7776741706953,919.9499985721513
CCAATAGTGCCGTCGA-1,0,34,42,1278.7289825550656,897.7350976435782
ATTGCTGCTCCTCCAT-1,0,35,43,1266.1035162447122,920.1932315062177
GAGATCTGCTTGGCAT-1,0,34,44,1253.0548246290823,897.9783305776446
GCCGAAATTCCTACGT-1,0,35,45,1240.429358318729,920.436464440284
GGCACTCCACTGGGCA-1,0,34,46,1227.3806667030992,898.2215635117109
GGGTCACCGTGACGGT-1,0,35,47,1214.755200392746,920.6796973743521
CACTTAATCAGACGGA-1,0,34,48,1201.7065087771161,898.464796445779
CGTTTCGCTCATTACA-1,1,35,49,1189.081042466763,920.9229303084185
ATAAAGGCTCGGTCGT-1,1,34,50,1176.032350851133,898.7080293798454
CACTAAAGTTGCCTAT-1,1,35,51,1163.4068845407799,921.1661632424848
GTGCTCAAGTACTGTC-1,0,34,52,1150.35819292515,898.9512623139135
CCATGCCTGTTTAGTA-1,0,35,53,1137.7327266147965,921.409396176553
TCTAGTTATCAGAAGA-1,0,34,54,1124.684034999167,899.1944952479798
TTGTAATCCGTACTCG-1,1,35,55,1112.0585686888135,921.6526291106193
TCCCAGCTTTAGTCTG-1,1,34,56,1099.0098770731838,899.4377281820462
CTACGCACGGAGTACC-1,1,35,57,1086.3844107628304,921.8958620446856
AAATTAACGGGTAGCT-1,1,34,58,1073.3357191472007,899.6809611161143
CGGCCACGCACAAAGT-1,1,35,59,1060.7102528368473,922.1390949787537
GAAGCGTGAGGAATTT-1,1,34,60,1047.6615612212174,899.9241940501806
ATATCTTAGGGCCTTC-1,1,35,61,1035.0360949108642,922.3823279128201
ACGCGGGCCAAGGACA-1,1,34,62,1021.9874032952343,900.167426984247
GCGAGTTCTGCAAAGA-1,1,35,63,1009.3619369848811,922.6255608468864
TATTCGTGCCAGAATA-1,1,34,64,996.3132453692513,900.4106599183151
AGGGCTGCAGTTACAG-1,1,35,65,983.6877790588978,922.8687937809545
CTAGCATAGTATAATG-1,1,34,66,970.6390874432684,900.6538928523814
TAGGTTCGAGTTCGTC-1,1,35,67,958.013621132915,923.1120267150209
GAATTATAGTGAAAGG-1,1,34,68,944.9649295172851,900.8971257864478
CTATCGGGTCTCAACA-1,1,35,69,932.3394632069317,923.3552596490872
GCGCTAATTGAATAGA-1,1,34,70,919.290771591302,901.1403587205159
ATGCGACAGTCCCATT-1,1,35,71,906.6653052809488,923.5984925831553
GGTAGTGCTCGCACCA-1,1,34,72,893.6166136653192,901.3835916545822
AAGCTCGTGCCAAGTC-1,1,35,73,880.9911473549655,923.8417255172217
TATTCAATTCTAATCC-1,1,34,74,867.9424557393359,901.6268245886486
TTCAAAGTCTCTAGCC-1,1,35,75,855.3169894289827,924.084958451288
TTGAATATGGACTTTC-1,1,34,76,842.268297813353,901.8700575227167
AAGAGCTCTTTATCGG-1,1,35,77,829.6428315029993,924.3281913853561
TTACTCCGGCCGGGAA-1,1,34,78,816.5941398873697,902.113290456783
AAACGAGACGGTTGAT-1,1,35,79,803.968673577016,924.5714243194225
GCTAAGTAGTTTCTCT-1,1,34,80,790.9199819613868,902.3565233908494
ATAACGCCGGAGGGTC-1,1,35,81,778.2945156510332,924.8146572534888
GGATCCGGAATATACT-1,1,34,82,765.2458240354035,902.5997563249175
TGAAAGGACCTGACTC-1,1,35,83,752.6203577250499,925.057890187557
TCCGCGGCAGCATCTG-1,1,34,84,739.5716661094202,902.8429892589838
TGCATATGTCTGTCAC-1,1,35,85,726.946199799067,925.3011231216233
TGTAGGAGAAATTTCC-1,1,34,86,713.8975081834374,903.0862221930502
AGTGAGACTTCCAGTA-1,1,35,87,701.2720418730837,925.5443560556914
CCCAAACATGCTGCTC-1,1,34,88,688.2233502574541,903.3294551271183
GCTTATGAAGCAGGAA-1,1,35,89,675.5978839471009,925.7875889897578
TTCTAACCGAAGCTTA-1,1,34,90,662.5491923314712,903.5726880611846
GGATGTCCTTACCGCA-1,1,35,91,649.9237260211175,926.0308219238241
AGGGTGCTCTCGAGGG-1,1,34,92,636.8750344054879,903.815920995251
AACTCTCAATAGAGCG-1,1,35,93,624.2495680951342,926.2740548578922
TCTGAATTCCGTACAA-1,1,34,94,611.200876479505,904.0591539293191
GCGTGGTACTGGGTTA-1,1,35,95,598.5754101691514,926.5172877919586
CGTCGGATAGTGTTGA-1,1,34,96,585.5267185535217,904.3023868633854
ATATGTCTCCCTAGCC-1,1,35,97,572.9012522431681,926.7605207260249
TCTTTAAGACTATGAA-1,1,34,98,559.8525606275389,904.5456197974518
TCATTTAAGTCTCCGA-1,1,35,99,547.2270943171852,927.003753660093
GATATTGAGATTGGCG-1,1,34,100,534.1784027015556,904.7888527315199
TGACATCGAGCGGACC-1,1,35,101,521.5529363912019,927.2469865941594
GCGTAAATGGCCATAA-1,1,34,102,508.50424477557226,905.0320856655862
ATTGTACAACTCGGCT-1,1,35,103,495.87877846521906,927.4902195282257
TACGCTATAGAAACCT-1,1,34,104,482.8300868495894,905.2753185996526
CACCCAAATCTTATGT-1,1,35,105,470.20462053923575,927.7334524622938
AGATGATGGAGTCTGG-1,1,34,106,457.1559289236061,905.5185515337207
CCACGGTGCCCGGTAG-1,1,35,107,444.5304626132529,927.9766853963602
TCAAGAAATACTAGCT-1,1,34,108,431.48177099762324,905.761784467787
AGGTATAATTGATAGT-1,1,35,109,418.8563046872696,928.2199183304265
CAAGGTCCTATAGGCT-1,0,34,110,405.80761307163993,906.0050174018534
CCGGCACGACCGTTTC-1,0,35,111,393.1821467612863,928.4631512644946
ACCTCCGTTATTCACC-1,0,34,112,380.1334551456571,906.2482503359215
GCAGCCTATATCACAT-1,0,35,113,367.5079888353034,928.706384198561
GGTATAGTGACACATA-1,0,34,114,354.4592972196738,906.4914832699878
AAATTCCAGGTCCAAA-1,0,35,115,341.8338309093201,928.9496171326273
TCTTTAGCAGGCGAAC-1,0,34,116,328.78513929369046,906.734716204056
TATTGACATTTCTGCC-1,0,35,117,316.15967298333726,929.1928500666954
TCTGATCGGGTGCTAG-1,0,34,118,303.1109813677076,906.9779491381223
GGCCCGGAGCATGTCT-1,0,35,119,290.48551505735395,929.4360830007618
GGGCGCAGCGTTACTC-1,0,34,120,277.4368234417243,907.2211820721886
TTGGCGATCCGAATAT-1,0,35,121,264.8113571313711,929.6793159348281
CCACGTAAATTAGACT-1,0,34,122,251.76266551574145,907.4644150062568
TCTGATTGGAAATGGA-1,0,35,123,239.1371992053878,929.9225488688962
ATGGCGGAATAGTCGC-1,0,34,124,226.08850758975814,907.7076479403231
ATCGCTTTACGTCTCA-1,0,35,125,213.46304127940448,930.1657818029626
TACGTGCAAGGTTCCT-1,0,34,126,200.41434966377528,907.9508808743894
CAGGACAGCTGCCCTT-1,0,35,127,187.78888335342162,930.4090147370289
CAAACCAGGTCTGCAT-1,0,36,0,1818.3095243059872,937.3002408193834
ACAAGCTATATGGAAG-1,0,37,1,1805.684057995634,959.7583746820228
TCGCCCACTGCGAGAG-1,0,36,2,1792.6353663800041,937.5434737534497
AGCCGCAAATTCAAAT-1,0,37,3,1780.009900069651,960.0016076160891
TTAACGTTAAAGCCTG-1,0,36,4,1766.961208454021,937.786706687516
CAGCGCCAACACGATA-1,0,37,5,1754.3357421436676,960.2448405501555
ATCCAATGGTACCGAA-1,0,36,6,1741.287050528038,938.0299396215842
GTGCTGCAGATAAGGA-1,0,37,7,1728.6615842176845,960.4880734842236
GGCCTTTGCAACTGGC-1,0,36,8,1715.612892602055,938.2731725556505
GTCGTACCTACGATTG-1,0,37,9,1702.9874262917015,960.7313064182899
TAGAAATTCACGTATA-1,0,36,10,1689.9387346760718,938.5164054897168
AGAATAAATCTTCAGG-1,0,37,11,1677.3132683657184,960.9745393523563
CATTGCGAAATGGGCG-1,0,36,12,1664.2645767500885,938.759638423785
GTCTACTCAATTACAA-1,0,37,13,1651.6391104397353,961.2177722864244
TGTAATGACCACAATA-1,0,36,14,1638.5904188241054,939.0028713578513
AAAGTCGACCCTCAGT-1,0,37,15,1625.9649525137522,961.4610052204907
TACTCGGCACGCCGGG-1,0,36,16,1612.9162608981223,939.2461042919176
AGGTGTATCGCCATGA-1,0,37,17,1600.2907945877691,961.7042381545589
TGTGCTTTACGTAAGA-1,0,36,18,1587.2421029721393,939.4893372259858
AAACCTCATGAAGTTG-1,0,37,19,1574.616636661786,961.9474710886252
TATAGGGTACTCATGA-1,0,36,20,1561.5679450461562,939.7325701600521
CCAGCTGATGGTACTT-1,0,37,21,1548.9424787358028,962.1907040226915
AATATTGGAGTATTGA-1,0,36,22,1535.893787120173,939.9758030941184
GGCCCTCACCCACTTA-1,0,37,23,1523.2683208098197,962.4339369567597
AACCAAGACTTCTCTG-1,0,36,24,1510.21962919419,940.2190360281866
TCGTATTACCCATTGC-1,0,37,25,1497.5941628838366,962.677169890826
ATTCGACGCCGGGCCT-1,0,36,26,1484.545471268207,940.4622689622529
GGCGCAGGACATCTTC-1,0,37,27,1471.9200049578535,962.9204028248923
GTACTCCCTTATCGCT-1,0,36,28,1458.8713133422236,940.7055018963192
TGGTCTGTTGGGCGTA-1,0,37,29,1446.2458470318704,963.1636357589605
AATAACAACGCTCGGC-1,0,36,30,1433.1971554162405,940.9487348303874
CATACCCGTACCCAGT-1,0,37,31,1420.5716891058873,963.4068686930268
ACAATCCATTTAAACC-1,0,36,32,1407.5229974902575,941.1919677644537
GTTACAATTGGTGACG-1,0,37,33,1394.8975311799043,963.6501016270931
TTGCCCTGATCACGGG-1,0,36,34,1381.8488395642744,941.43520069852
CTAACCGCGCGCCCGT-1,0,37,35,1369.2233732539212,963.8933345611613
CTAAAGAATGCCTACT-1,0,36,36,1356.1746816382913,941.6784336325882
ACCCATCTTGAGGGTA-1,0,37,37,1343.5492153279379,964.1365674952276
GATCTTTGCAGGGTAT-1,0,36,38,1330.5005237123082,941.9216665666545
GGGTACTTCATGAACT-1,0,37,39,1317.8750574019548,964.3798004292939
GCCGCTTGTGAGAAAC-1,0,36,40,1304.8263657863251,942.1648995007208
CCTGTAAGACATGATA-1,0,37,41,1292.2008994759717,964.6230333633621
CGACAGTTCGCGTTAT-1,0,36,42,1279.152207860342,942.408132434789
ACGATGCATATGTTAT-1,0,37,43,1266.5267415499886,964.8662662974284
TGTTCCGCTTCCATGA-1,0,36,44,1253.4780499343588,942.6513653688553
GGATGACGCGAGTTTA-1,0,37,45,1240.8525836240055,965.1094992314947
GAAGTTTCCACTCAAT-1,0,36,46,1227.8038920083757,942.8945983029216
GCGAGGCCCGAGCAGA-1,0,37,47,1215.1784256980225,965.3527321655629
CATACTATGTAATTGT-1,0,36,48,1202.1297340823926,943.1378312369898
CCAATGTCACAGCAAG-1,1,37,49,1189.5042677720394,965.5959650996292
GTTGGATTTGCGTTGG-1,1,36,50,1176.4555761564095,943.3810641710561
GGGAGGATGCCCGAAA-1,1,37,51,1163.8301098460563,965.8391980336955
GATCGCGGGCTCTCCA-1,1,36,52,1150.7814182304264,943.6242971051242
GTTCGCCATAAGTGCC-1,1,37,53,1138.155951920073,966.0824309677637
AGATTATAGGACGTTT-1,1,36,54,1125.1072603044433,943.8675300391906
TCGAGACCAACACCGT-1,1,37,55,1112.48179399409,966.32566390183
TATGGGACCGAGCAGG-1,1,36,56,1099.4331023784603,944.1107629732569
GATGCGTCCTGCATTC-1,1,37,57,1086.8076360681068,966.5688968358963
TATGGTCTGAGTAACA-1,1,36,58,1073.7589444524772,944.353995907325
GCATAGAGCACTCAGG-1,1,37,59,1061.1334781421237,966.8121297699645
CTTCATTGTCAGTGGA-1,1,36,60,1048.0847865264939,944.5972288413914
GCAGATTAGGGATATC-1,1,37,61,1035.4593202161407,967.0553627040308
CCTGTCGCCCGTAAAT-1,1,36,62,1022.4106286005108,944.8404617754577
CAATTTCGTATAAGGG-1,1,37,63,1009.7851622901576,967.2985956380971
GTACACTTACCTGAAG-1,1,36,64,996.7364706745277,945.0836947095258
CCAGCCTGGACCAATA-1,1,37,65,984.1110043641743,967.5418285721653
ATGGAGCAGGCCGTGA-1,1,36,66,971.0623127485449,945.3269276435922
GTCATTAGAGCGAACG-1,1,37,67,958.4368464381914,967.7850615062316
AAGACTGCAAGCTACT-1,1,36,68,945.3881548225615,945.5701605776585
CTAGTCACGTCTTAAG-1,1,37,69,932.7626885122081,968.0282944402979
ACTCTTGTATAGTAAC-1,1,36,70,919.7139968965785,945.8133935117266
ATTAGGCGATGCTTTC-1,1,37,71,907.0885305862253,968.2715273743661
TTCGGGACTAATCGCG-1,1,36,72,894.0398389705956,946.056626445793
TGGACTGTTCGCTCAA-1,1,37,73,881.414372660242,968.5147603084324
AACGTGCGAAAGTCTC-1,1,36,74,868.3656810446123,946.2998593798593
CCACCCAAGGAAAGTG-1,1,37,75,855.7402147342591,968.7579932424987
CCGCACAAAGACCAAC-1,1,36,76,842.6915231186294,946.5430923139274
GCGATTGTTAACGTTA-1,1,37,77,830.0660568082758,969.0012261765669
ACTCGTCAGTAATCCC-1,1,36,78,817.0173651926461,946.7863252479938
GGTGATAAGGAGCAGT-1,1,37,79,804.3918988822925,969.2444591106332
AAGAGGCATGGATCGC-1,1,36,80,791.3432072666633,947.0295581820601
CACGTTCGTGCTCTAG-1,1,37,81,778.7177409563096,969.4876920446995
CTATTTGGTTACGGAT-1,1,36,82,765.66904934068,947.2727911161282
GTACAGAGGCAAGGGT-1,1,37,83,753.0435830303263,969.7309249787677
GGGCCGGCCGAAGTAC-1,1,36,84,739.9948914146967,947.5160240501946
CCTGAACGATATATTC-1,1,37,85,727.3694251043435,969.974157912834
CCGGGCTGCTCCATAC-1,1,36,86,714.3207334887138,947.7592569842609
TACTTGTTAGTAGTCC-1,1,37,87,701.6952671783602,970.2173908469022
CCTAGGCGTAGCGATC-1,1,36,88,688.6465755627305,948.002489918329
CTGGCGCACAGGTCTG-1,1,37,89,676.0211092523773,970.4606237809685
ACTTATACTTACCCGG-1,1,36,90,662.9724176367477,948.2457228523954
GAAGTCTCCCTAGCGA-1,1,37,91,650.346951326394,970.7038567150348
ACCGATGGTAGCATCG-1,1,36,92,637.2982597107643,948.4889557864617
CGAGTTTATCGGACTG-1,1,37,93,624.6727934004107,970.947089649103
CATAACGGACAGTCGT-1,1,36,94,611.6241017847815,948.7321887205298
TGACGATGCACTAGAA-1,1,37,95,598.9986354744278,971.1903225831693
TAGGGAGCTTGGGATG-1,1,36,96,585.9499438587982,948.9754216545962
AGGGTCGATGCGAACT-1,1,37,97,573.3244775484445,971.4335555172356
TATATCCCTGGGAGGA-1,1,36,98,560.2757859328153,949.2186545886625
CATCTTACACCACCTC-1,1,37,99,547.6503196224617,971.6767884513038
GTGCGACAGGGAGTGT-1,1,36,100,534.601628006832,949.4618875227306
CCGATCTCAACCTTAT-1,1,37,101,521.9761616964784,971.9200213853701
ACGATCATCTTGTAAA-1,1,36,102,508.9274700808487,949.705120456797
GAAAGAACAGCGTTAT-1,1,37,103,496.3020037704955,972.1632543194364
CTAGGTCTGAAGGAAT-1,1,36,104,483.25331215486585,949.9483533908633
ATATCAACCTACAGAG-1,1,37,105,470.6278458445122,972.4064872535046
AAATAGCTTAGACTTT-1,1,36,106,457.57915422888254,950.1915863249314
GCGACATGTAAACATC-1,1,37,107,444.95368791852934,972.6497201875709
ATAAGTAGGGCGACTC-1,1,36,108,431.9049963028997,950.4348192589978
GCGAGCGCATGCTCCC-1,1,37,109,419.27952999254603,972.8929531216372
AGGGACCGGCTGCGTT-1,1,36,110,406.2308383769164,950.6780521930641
CCTATGAAGTGGTGCC-1,0,37,111,393.6053720665627,973.1361860557054
GCTTACGTAGTTAGTA-1,0,36,112,380.5566804509335,950.9212851271323
CATACTTAGGCAATAC-1,0,37,113,367.93121414057987,973.3794189897717
CCTGTCCCTCACGTTA-1,0,36,114,354.8825225249502,951.1645180611986
CAATGTGCCAACCCTT-1,0,37,115,342.25705621459656,973.622651923838
GTTAAGTTAGAGTGGG-1,0,36,116,329.2083645989669,951.4077509952667
CTGGGATACGCTACCC-1,0,37,117,316.5828982886137,973.8658848579062
AACCTGTCACGGAATT-1,0,36,118,303.53420667298406,951.650983929333
ACTGCGGACACACCGT-1,0,37,119,290.9087403626304,974.1091177919725
CCGTGAGGCATTCATG-1,0,36,120,277.86004874700075,951.8942168633994
GCCCAGATGCTGGAGA-1,0,37,121,265.23458243664754,974.3523507260388
TCTGGCCGTTCAAGTT-1,0,36,122,252.1858908210179,952.1374497974675
ATACGAAGGCTTTCCA-1,0,37,123,239.56042451066423,974.595583660107
GATCCGAATATAAGTG-1,0,36,124,226.51173289503458,952.3806827315339
GTGGAGCATGTCGGCC-1,0,37,125,213.88626658468093,974.8388165941733
ACTCTTCAGCTCCCGC-1,0,36,126,200.83757496905173,952.6239156656002
CCCGATAGCCTCGCCT-1,0,37,127,188.21210865869807,975.0820495282396
ACAGGTGTGTTGTTGC-1,0,38,0,1818.732749611264,981.9732756105941
TGAACTGCTATGACTT-1,0,39,1,1806.1072833009107,1004.4314094732335
TGACATATATGACGAT-1,0,38,2,1793.0585916852806,982.2165085446604
AAGTCTTCTGTGGCCT-1,0,39,3,1780.4331253749276,1004.6746424072999
ACCAGACCATAACAAC-1,0,38,4,1767.3844337592977,982.4597414787268
TGAGACGTACCTCTCA-1,0,39,5,1754.7589674489443,1004.9178753413662
GACCGTTACATGCGAC-1,0,38,6,1741.7102758333144,982.7029744127949
GGTTCGGATTATACTA-1,0,39,7,1729.0848095229612,1005.1611082754343
CCTCCTGAGCCCACAT-1,0,38,8,1716.0361179073316,982.9462073468612
CCGCGATTTGGTAGGT-1,0,39,9,1703.4106515969781,1005.4043412095007
AATCTCTACTGTGGTT-1,0,38,10,1690.3619599813483,983.1894402809276
ACTTTGACTGCATCCT-1,0,39,11,1677.736493670995,1005.647574143567
CCCTGACTAACAAATT-1,0,38,12,1664.687802055365,983.4326732149957
ACGCTGTGAGGCGTAG-1,0,39,13,1652.062335745012,1005.8908070776351
GCATACGAGGTCTTTA-1,0,38,14,1639.013644129382,983.675906149062
TCGGGATTCAAACATA-1,0,39,15,1626.388177819029,1006.1340400117015
GGGCCCTACGAAAGGG-1,0,38,16,1613.3394862033988,983.9191390831284
CGCCAAGAAGCCGAGT-1,0,39,17,1600.7140198930458,1006.3772729457696
GGTACATCTGGGACGA-1,0,38,18,1587.665328277416,984.1623720171965
GGATGCTGGCGTTCCT-1,0,39,19,1575.0398619670627,1006.620505879836
CCGATTCGAGGGACCC-1,0,38,20,1561.9911703514326,984.4056049512628
CCACTGGTGGCTGGTT-1,0,39,21,1549.3657040410794,1006.8637388139023
GACAGGCACACACTAT-1,0,38,22,1536.3170124254498,984.6488378853292
TCAACGCGACCGGCAG-1,0,39,23,1523.6915461150963,1007.1069717479704
CTACGACTAGCTATAA-1,0,38,24,1510.6428544994665,984.8920708193973
CGGTTGACCTGGCATA-1,0,39,25,1498.0173881891133,1007.3502046820367
ATCCTGAATCGCTGCG-1,0,38,26,1484.9686965734836,985.1353037534636
GTTTCATATCGTCGCT-1,0,39,27,1472.3432302631302,1007.5934376161031
ATAAATATTAGCAGCT-1,0,38,28,1459.2945386475003,985.37853668753
AAGAGGATGTACGCGA-1,0,39,29,1446.669072337147,1007.8366705501712
TCCTGCGTTGATACTC-1,0,38,30,1433.620380721517,985.6217696215981
CGTGCATTGTCGACGC-1,0,39,31,1420.994914411164,1008.0799034842375
CCGGGTTCGAGGTTAC-1,0,38,32,1407.9462227955341,985.8650025556644
CCCAATTTCACAACTT-1,0,39,33,1395.320756485181,1008.3231364183039
TGATTTATTAGCTGTG-1,0,38,34,1382.2720648695508,986.1082354897308
TGGAAGAAGGGAACGT-1,0,39,35,1369.6465985591979,1008.566369352372
GACGCTTGCTTCTAAA-1,0,38,36,1356.597906943568,986.3514684237989
GGGAACGGGAGGTTAG-1,0,39,37,1343.9724406332145,1008.8096022864383
GCGGCTCTGACGTACC-1,0,38,38,1330.9237490175847,986.5947013578652
ACGTTAGATTTGCCCG-1,0,39,39,1318.2982827072315,1009.0528352205047
GAGAGGGCGCGAGGTT-1,0,38,40,1305.2495910916018,986.8379342919316
GCGTCTCTGCATTGGG-1,0,39,41,1292.6241247812484,1009.2960681545728
GCAGCACACAGCCCAG-1,0,38,42,1279.5754331656185,987.0811672259997
CAGGCCGTTTGGGTGT-1,0,39,43,1266.9499668552653,1009.5393010886391
AACTCAAGTTAATTGC-1,0,38,44,1253.9012752396352,987.324400160066
CTTCGTAGATAGGTGA-1,0,39,45,1241.2758089292822,1009.7825340227055
TGCAGAGTACCGAGCA-1,0,38,46,1228.2271173136523,987.5676330941324
GAAGTGATTTATCGTG-1,0,39,47,1215.6016510032991,1010.0257669567736
CGCTACGGGACATTTA-1,1,38,48,1202.552959387669,987.8108660282005
CCACACTGAGATATTA-1,1,39,49,1189.927493077316,1010.26899989084
CGATCCGACCCAGTGC-1,1,38,50,1176.8788014616862,988.0540989622668
CTGTACTTCTTAGCAT-1,1,39,51,1164.253335151333,1010.5122328249063
ACTTATTAGGATCGGT-1,1,38,52,1151.2046435357029,988.297331896335
TAGTCCGCAGAGAATG-1,1,39,53,1138.5791772253497,1010.7554657589744
TTCACGAAAGGATCAC-1,1,38,54,1125.53048560972,988.5405648304013
TACATTTCTAACGTGC-1,1,39,55,1112.9050192993666,1010.9986986930408
ACCATATCCGCAATAA-1,1,38,56,1099.8563276837367,988.7837977644676
CACTCAAGAGCTATGG-1,1,39,57,1087.2308613733835,1011.2419316271071
TGTACGAACAAATCCG-1,1,38,58,1074.1821697577539,989.0270306985358
ATCATCCAATATTTGT-1,1,39,59,1061.5567034474004,1011.4851645611752
CGCTATTCTTAGGCTC-1,1,38,60,1048.5080118317705,989.2702636326021
TGGCAGCAGTAATAGT-1,1,39,61,1035.8825455214173,1011.7283974952416
TCACGTGCCCGATTCA-1,1,38,62,1022.8338539057872,989.5134965666684
CATACGGCGTCTGGGC-1,1,39,63,1010.2083875954343,1011.9716304293079
CACATGATTCAGCAAC-1,1,38,64,997.1596959798044,989.7567295007366
GCTAGTAGAGCTTGTA-1,1,39,65,984.534229669451,1012.214863363376
TGCTGTTGAAGAACTC-1,1,38,66,971.4855380538215,989.9999624348029
CGGAGCATGGCGATCC-1,1,39,67,958.8600717434681,1012.4580962974424
TAGCGTTGGGTCTTAC-1,1,38,68,945.8113801278382,990.2431953688692
GTAGCGGCTATACACT-1,1,39,69,933.1859138174848,1012.7013292315087
TAACATACAATGTGGG-1,1,38,70,920.1372222018549,990.4864283029374
TCTTCGAATAGACGTT-1,1,39,71,907.5117558915017,1012.9445621655768
GATCGTGACTGATATC-1,1,38,72,894.4630642758721,990.7296612370037
GATCCGGGAATTAACA-1,1,39,73,881.8375979655184,1013.1877950996432
TTATATACGCTGTCAC-1,1,38,74,868.7889063498887,990.97289417107
GTCGCGTAACCCGTTG-1,1,39,75,856.1634400395355,1013.4310280337095
AGCTCTAGACGTTCCA-1,1,38,76,843.1147484239059,991.2161271051382
GTCAAGCGGACTCGGG-1,1,39,77,830.4892821135522,1013.6742609677776
CGAGGGACTGCGGTCG-1,1,38,78,817.4405904979226,991.4593600392045
AATCGCCTCAGCGCCA-1,1,39,79,804.8151241875689,1013.917493901844
CTTGTTGCTGAGTCAA-1,1,38,80,791.7664325719397,991.7025929732708
GATATGAGACACTAAC-1,1,39,81,779.1409662615861,1014.1607268359103
TTATGATCTTAACGAA-1,1,38,82,766.0922746459564,991.945825907339
CGCCGCCCATGCCTGT-1,1,39,83,753.4668083356028,1014.4039597699784
CTGGGATAAATAATGG-1,1,38,84,740.4181167199731,992.1890588414053
GTGCCCGTTCGGATTC-1,1,39,85,727.7926504096199,1014.6471927040448
TTCAATACTCTGAATC-1,1,38,86,714.7439587939903,992.4322917754716
CGCACATGTCCACTAC-1,1,39,87,702.1184924836366,1014.8904256381129
AGAAGAGCGCCGTTCC-1,1,38,88,689.069800868007,992.6755247095398
GATAACTCGCACTGTG-1,1,39,89,676.4443345576537,1015.1336585721792
AGTCGACGGTCTCAAG-1,1,38,90,663.3956429420241,992.9187576436061
GTGACCGCACACTACG-1,1,39,91,650.7701766316704,1015.3768915062456
GTATGTGGGTCTAGTT-1,1,38,92,637.7214850160408,993.1619905776724
CTTGAGTTAGGGTAAT-1,1,39,93,625.0960187056871,1015.6201244403137
TTAGCTGATTTGCCGT-1,1,38,94,612.0473270900579,993.4052235117406
GCTGTTGCTACCGAAC-1,1,39,95,599.4218607797043,1015.86335737438
TATTACCATCCTGCTT-1,1,38,96,586.3731691640746,993.6484564458069
TTGAATTCACGTGAGG-1,1,39,97,573.747702853721,1016.1065903084464
CCATCTCACCAGTGAA-1,1,38,98,560.6990112380918,993.8916893798732
CGCACGTGCGCTATCA-1,1,39,99,548.0735449277381,1016.3498232425145
ACCCGGATGACGCATC-1,1,38,100,535.0248533121085,994.1349223139414
CGCTAGAGACCGCTGC-1,1,39,101,522.3993870017548,1016.5930561765808
ATAGTTCCACCCACTC-1,1,38,102,509.35069538612515,994.3781552480077
GCAGACCCAGCACGTA-1,1,39,103,496.72522907577195,1016.8362891106472
TAGACTACCTAGCGTT-1,1,38,104,483.6765374601423,994.621388182074
GGTTCTACTCGTCTGA-1,1,39,105,471.05107114978864,1017.0795220447153
GACTCACCCACGTGAG-1,1,38,106,458.002379534159,994.8646211161422
AGCTCTTCGTAACCTT-1,1,39,107,445.3769132238058,1017.3227549787816
ACTATCCAGGGCATGG-1,1,38,108,432.32822160817614,995.1078540502085
AAGGATCGATCGCTTG-1,1,39,109,419.7027552978225,1017.565987912848
ATATCGGTAGGGAGAT-1,0,38,110,406.6540636821928,995.3510869842748
TTCCAGACGAGATTTA-1,0,39,111,394.02859737183917,1017.8092208469161
GACCGACGTGAAAGCA-1,0,38,112,380.97990575621,995.594319918343
CCTGGAAACGTTCTGC-1,0,39,113,368.3544394458563,1018.0524537809824
CCGGTAATGGCTAGTC-1,0,38,114,355.30574783022666,995.8375528524093
GCCGTGGAAGAAATGT-1,0,39,115,342.680281519873,1018.2956867150488
GTCTTGAGGAGCAGTG-1,0,38,116,329.63158990424336,996.0807857864775
TCCCAAAGCCCTAAAT-1,0,39,117,317.00612359389015,1018.5389196491169
TTGAGCGCCACGTGAT-1,0,38,118,303.9574319782605,996.3240187205438
TTGAGTCCCGCTGCTG-1,0,39,119,291.33196566790684,1018.7821525831832
ATGGAACCTTTGCACA-1,0,38,120,278.2832740522772,996.5672516546101
GCTAGCACCTGGGCCA-1,0,39,121,265.657807741924,1019.0253855172496
CGCCGTCTACCCATCG-1,0,38,122,252.60911612629434,996.8104845886783
GATAGGTGTCCCGGGC-1,0,39,123,239.98364981594068,1019.2686184513177
AGGTATGCGGACATTA-1,0,38,124,226.93495820031103,997.0537175227446
TTGGTTCGCTCAAAGG-1,0,39,125,214.30949188995737,1019.511851385384
TCTGGAGCGTAAGAGT-1,0,38,126,201.26080027432818,997.2969504568109
TGCCTAAATTTAATAG-1,0,39,127,188.63533396397452,1019.7550843194504
TAATTTCCGTCCAGTA-1,0,40,0,1819.1559749165403,1026.6463104018048
TCCTTCAATCCCTACG-1,0,41,1,1806.5305086061871,1049.1044442644425
TACCTATCCCTAGAGG-1,0,40,2,1793.4818169905573,1026.8895433358712
GCATGGGTACTGACGC-1,0,41,3,1780.856350680204,1049.3476771985088
GTCGGGAACATGGTAG-1,0,40,4,1767.8076590645742,1027.1327762699375
GCAAATGAGGACACTT-1,0,41,5,1755.1821927542208,1049.5909101325751
GAATGGGCTTATCGAC-1,0,40,6,1742.133501138591,1027.3760092040056
TGGTCGTGCAAGGCAA-1,0,41,7,1729.5080348282377,1049.8341430666433
CACCACGCCACACAGA-1,0,40,8,1716.459343212608,1027.619242138072
GAACCTCGACCTACAC-1,0,41,9,1703.8338769022546,1050.0773760007096
CAATACGCTCTGAGGC-1,0,40,10,1690.785185286625,1027.8624750721383
TGGTAAGCAGGATTGA-1,0,41,11,1678.1597189762715,1050.320608934776
AGTGGCTCCGTCGGCC-1,0,40,12,1665.1110273606416,1028.1057080062064
GATCGGATAGAACCAT-1,0,41,13,1652.4855610502884,1050.563841868844
GCTACAGTACGGACCG-1,0,40,14,1639.4368694346585,1028.3489409402728
TCTATTACTAGAGGAT-1,0,41,15,1626.8114031243053,1050.8070748029104
TTCAGGCGTCAAAGCC-1,0,40,16,1613.7627115086755,1028.592173874339
AGACCGGGAAACCCTG-1,0,41,17,1601.1372451983223,1051.0503077369785
AGAGATCTCTAAAGCG-1,0,40,18,1588.0885535826924,1028.8354068084072
CCCTGCCCAATCCGCT-1,0,41,19,1575.4630872723392,1051.2935406710449
GTGGCGGTCCCAGCGT-1,0,40,20,1562.4143956567093,1029.0786397424736
GCATTGTAATTCATAT-1,0,41,21,1549.7889293463559,1051.5367736051112
CCGTTCCGAATCTCGG-1,0,40,22,1536.7402377307262,1029.32187267654
AGCTTGATCTTAACTT-1,0,41,23,1524.1147714203728,1051.7800065391793
CCTGTACTCACGCCCA-1,0,40,24,1511.0660798047431,1029.565105610608
AAGTGACGACCGAATT-1,0,41,25,1498.4406134943897,1052.0232394732457
CTCACTTGGCTGGTAA-1,0,40,26,1485.39192187876,1029.8083385446744
CGCCTGGCCTACGTAA-1,0,41,27,1472.7664555684066,1052.266472407312
CCCGTAAGTCTAGGCC-1,0,40,28,1459.7177639527767,1030.0515714787407
TTGGACATGTGGCTTA-1,0,41,29,1447.0922976424235,1052.5097053413801
ATTACGCGCTGGCAGG-1,0,40,30,1434.0436060267937,1030.2948044128088
ACGCGCTACACAGGGT-1,0,41,31,1421.4181397164405,1052.7529382754465
TACGTTTACCGGCAAT-1,0,40,32,1408.3694481008106,1030.5380373468752
CGAAACGCAATTCATG-1,0,41,33,1395.7439817904574,1052.9961712095128
TAGTCTAACAACGAGA-1,0,40,34,1382.6952901748275,1030.7812702809415
TTGCATGCTGATCACG-1,0,41,35,1370.0698238644743,1053.239404143581
TCTGGGTAGCGCTCAT-1,0,40,36,1357.0211322488444,1031.0245032150096
ACATCGGTCAGCCGCG-1,0,41,37,1344.395665938491,1053.4826370776473
AGATACCGGTGTTCAC-1,0,40,38,1331.3469743228613,1031.267736149076
GATTACTGAATTTGGG-1,0,41,39,1318.721508012508,1053.7258700117136
TCCAACTTTAAATTCT-1,0,40,40,1305.6728163968783,1031.5109690831423
TCCTAGCAAAGAAGCT-1,0,41,41,1293.0473500865248,1053.9691029457817
GTCTATCTGAGTTTCT-1,0,40,42,1279.9986584708952,1031.7542020172104
GATGTTCAATCCACGA-1,0,41,43,1267.3731921605417,1054.212335879848
AGTTAAACACTTGCGA-1,0,40,44,1254.3245005449119,1031.9974349512768
AGCTCTTTACTCAGTT-1,0,41,45,1241.6990342345587,1054.4555688139144
ATCCAGGATTCGTGAA-1,0,40,46,1228.6503426189288,1032.240667885343
AGTCAACACCACCATC-1,0,41,47,1216.0248763085756,1054.6988017479825
CGATACCTCGCGGACA-1,0,40,48,1202.9761846929457,1032.4839008194112
TACAACGCACAACTCA-1,0,41,49,1190.3507183825925,1054.9420346820489
AATTAAAGGTCGGCGT-1,1,40,50,1177.3020267669626,1032.7271337534776
TACGCAGTTCTTTCCT-1,1,41,51,1164.6765604566094,1055.1852676161152
GACCGTGCTGACGGTG-1,1,40,52,1151.6278688409795,1032.9703666875457
GGCAAATTACTTTACT-1,1,41,53,1139.0024025306261,1055.4285005501833
GGTACAAACATGCTAT-1,1,40,54,1125.9537109149965,1033.213599621612
CGGGCCTTCTTTGTAA-1,1,41,55,1113.328244604643,1055.6717334842497
CGTGAAGTTAATTCAC-1,1,40,56,1100.2795529890134,1033.4568325556784
ATAGTGAAGCGTTCTC-1,1,41,57,1087.65408667866,1055.914966418316
TACGCCATATTCTAAT-1,1,40,58,1074.6053950630303,1033.7000654897465
GCCGGGTTAGGGTCGC-1,1,41,59,1061.9799287526769,1056.1581993523841
TACATAGGCATACACC-1,1,40,60,1048.931237137047,1033.9432984238128
GCCGATTGGCCAAGCT-1,1,41,61,1036.3057708266938,1056.4014322864505
CTGCCATGCATCACAT-1,1,40,62,1023.2570792110639,1034.1865313578792
TTATGAATGAAAGGGA-1,1,41,63,1010.6316129007107,1056.6446652205168
GCTGAGGCGTGAGTAT-1,1,40,64,997.5829212850808,1034.4297642919473
GCGCCGTTCCACGATA-1,1,41,65,984.9574549747274,1056.887898154585
CGCATGGTGCGATGCT-1,1,40,66,971.908763359098,1034.6729972260136
AGGTTTCACACACCTT-1,1,41,67,959.2832970487445,1057.1311310886513
CAAGGATCGCATGTTC-1,1,40,68,946.2346054331147,1034.91623016008
ACGTTAATGTCGAAGA-1,1,41,69,933.6091391227612,1057.3743640227176
TCCAGAGCACCGGTTC-1,1,40,70,920.5604475071314,1035.1594630941481
GATTCGACGGTTCACG-1,1,41,71,907.9349811967782,1057.6175969567857
GTTTCTGCAGTCTCCC-1,1,40,72,894.8862895811485,1035.4026960282145
GCTGCACGGTTTCTTA-1,1,41,73,882.2608232707948,1057.860829890852
CGTGCAGACTGGGACA-1,1,40,74,869.2121316551652,1035.6459289622808
GTGTTACTATGCGTCC-1,1,41,75,856.586665344812,1058.1040628249184
TCCTCGGGCTGGGCTT-1,1,40,76,843.5379737291823,1035.889161896349
GTGAGGACACTTAAGG-1,1,41,77,830.9125074188287,1058.3472957589865
ATACGCCGGCGAAACC-1,1,40,78,817.863815803199,1036.1323948304153
TCTGCCAGAAACTGCA-1,1,41,79,805.2383494928454,1058.5905286930529
TTCTGCGGGTTAGCGG-1,1,40,80,792.1896578772162,1036.3756277644816
CTCGGTACCACTGCTC-1,1,41,81,779.5641915668625,1058.8337616271192
GTAAGTAACAGTCTGG-1,1,40,82,766.5154999512329,1036.6188606985497
GTGCGTGTATATGAGC-1,1,41,83,753.8900336408792,1059.0769945611873
ATTTGTCTTGGGAGCT-1,1,40,84,740.8413420252496,1036.862093632616
CCTCGGACCGGGATAG-1,1,41,85,728.2158757148964,1059.3202274952537
TAGGTGCTCGCCTAGC-1,1,40,86,715.1671840992667,1037.1053265666824
CTTTAGGAACACTGTT-1,1,41,87,702.541717788913,1059.5634604293218
TCGGGCCGTCGTGGTA-1,1,40,88,689.4930261732834,1037.3485595007505
AGTGCTTGCACGAATA-1,1,41,89,676.8675598629302,1059.8066933633881
TGCAGTTTCCTCCCAT-1,1,40,90,663.8188682473005,1037.5917924348169
TGAGAGATTTACCACG-1,1,41,91,651.1934019369469,1060.0499262974545
GAAACAGATGACCACC-1,1,40,92,638.1447103213172,1037.8350253688832
AGCAACATATCTTATT-1,1,41,93,625.5192440109636,1060.2931592315226
CAAGTGTGGTTGCAAA-1,1,40,94,612.4705523953344,1038.0782583029513
GCCTCATCTGGAAATA-1,1,41,95,599.8450860849807,1060.536392165589
AACCCTACTGTCAATA-1,1,40,96,586.7963944693511,1038.3214912370177
ACGTATTACTCCGATC-1,1,41,97,574.1709281589974,1060.7796250996553
TCTGGGAACCTTTGAA-1,1,40,98,561.1222365433682,1038.564724171084
GCTCGCTCATGTCCAA-1,1,41,99,548.4967702330146,1061.0228580337234
GCGCAAGAGCGCGCTG-1,1,40,100,535.4480786173849,1038.8079571051521
TTGACGCTCCATGAGC-1,1,41,101,522.8226123070312,1061.2660909677898
TATAGATGGTCGCAGT-1,1,40,102,509.7739206914016,1039.0511900392185
TTACATGCCACAACTA-1,1,41,103,497.1484543810484,1061.509323901856
ACATGGCGCCAAAGTA-1,1,40,104,484.09976276541875,1039.2944229732848
TATGGTTAGTGGGAGA-1,1,41,105,471.4742964550651,1061.7525568359242
CATGACTTCGCTGAAT-1,1,40,106,458.42560483943544,1039.537655907353
ACCACCAATGTAACAA-1,1,41,107,445.80013852908223,1061.9957897699906
TCTTAGAGCTCCAATT-1,1,40,108,432.7514469134526,1039.7808888414193
CCACGAATTTAACCTC-1,1,41,109,420.1259806030989,1062.2390227040569
TTCTTGCTAGCATCTC-1,0,40,110,407.0772889874693,1040.0241217754856
ACACCTTACTACTTGC-1,0,41,111,394.4518226771156,1062.482255638125
AGTCGGTTGCGTGAGA-1,0,40,112,381.4031310614864,1040.2673547095537
ACCTACAGTATGTGGT-1,0,41,113,368.77766475113276,1062.7254885721914
GAGGATAAACAGTGCT-1,0,40,114,355.7289731355031,1040.51058764362
TTCCGGTATCTGTGTC-1,0,41,115,343.10350682514945,1062.9687215062577
GGAGGCCGAAGTCGTC-1,0,40,116,330.0548152095198,1040.7538205776882
TTCGCTAGGAAGTTGT-1,0,41,117,317.4293488991666,1063.2119544403258
TAAAGACAACCCTTTA-1,0,40,118,304.38065728353695,1040.9970535117545
GTTGCGCTAACATTAC-1,0,41,119,291.7551909731833,1063.4551873743922
GCTGAACTCTCCAGGG-1,0,40,120,278.70649935755364,1041.2402864458209
AGCCCTGTCGCACCGT-1,0,41,121,266.08103304720044,1063.6984203084585
AGCGCTAGAGCGATGT-1,0,40,122,253.03234143157079,1041.483519379889
TGCGCCGTTAATAACG-1,0,41,123,240.40687512121713,1063.9416532425266
TGACAACGCATGTCGC-1,0,40,124,227.35818350558748,1041.7267523139553
CGTCTTGAGTGTGACG-1,0,41,125,214.73271719523382,1064.184886176593
GATAGGATTAATTACA-1,0,40,126,201.68402557960462,1041.9699852480217
GATACCGTGTCGGAGT-1,0,41,127,189.05855926925096,1064.4281191106593
TGTGTCGAAGTCGAGG-1,0,42,0,1819.5792002218168,1071.3193451930156
GGATCAGAGCCATCAG-1,0,43,1,1806.9537339114636,1093.7774790556532
GTCCCAATCATCCCGC-1,0,42,2,1793.9050422958337,1071.562578127082
TGCCACACTAGAGGAA-1,0,43,3,1781.2795759854805,1094.0207119897195
TGAATTTCACTTGCCT-1,0,42,4,1768.2308843698506,1071.8058110611482
CTCAGATTGTGATAAG-1,0,43,5,1755.6054180594972,1094.2639449237859
CGGACGTTACTTGAAG-1,0,42,6,1742.5567264438675,1072.0490439952164
CCGCCTTGCGATGTCG-1,0,43,7,1729.9312601335141,1094.507177857854
CCAGTCAAATCTCTTA-1,0,42,8,1716.8825685178845,1072.2922769292827
AAACAGCTTTCAGAAG-1,0,43,9,1704.257102207531,1094.7504107919203
TAGCTGATGTGAAGCG-1,0,42,10,1691.2084105919014,1072.535509863349
CTTATGCGCTCAGGGC-1,0,43,11,1678.582944281548,1094.9936437259867
TGGCTCTTGTCGCGTA-1,0,42,12,1665.534252665918,1072.7787427974172
TTGTGAGGCATGACGC-1,0,43,13,1652.9087863555649,1095.2368766600548
CATAAGCTCTCCGTCT-1,0,42,14,1639.860094739935,1073.0219757314835
CCTTCTCAGCGTTCCT-1,0,43,15,1627.2346284295818,1095.4801095941211
TGCAGCTACGTACTTC-1,0,42,16,1614.185936813952,1073.2652086655498
CTCTACACTGGCGATT-1,0,43,17,1601.5604705035987,1095.7233425281893
TGCAGATCGTCCTAGG-1,0,42,18,1588.5117788879688,1073.508441599618
TGCCAAAGTCAGACTT-1,0,43,19,1575.8863125776156,1095.9665754622556
ACAATAGTCGTACGTT-1,0,42,20,1562.8376209619857,1073.7516745336843
CATGCCAACTCGCAAA-1,0,43,21,1550.2121546516323,1096.209808396322
TGCAGAACTATATCGT-1,0,42,22,1537.1634630360027,1073.9949074677506
TCGTGTCACGCTGACA-1,0,43,23,1524.5379967256492,1096.45304133039
TGATCAGGGAACTGCT-1,0,42,24,1511.4893051100196,1074.2381404018188
CTTGCAACCGCCTCCT-1,0,43,25,1498.8638387996662,1096.6962742644564
AGCCCATACATGTAAG-1,0,42,26,1485.8151471840365,1074.481373335885
ATCCAATGGAGGGTCC-1,0,43,27,1473.189680873683,1096.9395071985227
AAACCGGGTAGGTACC-1,0,42,28,1460.1409892580532,1074.7246062699514
GCAACCACGGCCGCGT-1,0,43,29,1447.5155229477,1097.1827401325909
CGCTTATTCCCGGTCG-1,0,42,30,1434.4668313320701,1074.9678392040196
TTACTCTGGTACGTAC-1,0,43,31,1421.841365021717,1097.4259730666572
GTGGTTTCCGCCTTTC-1,0,42,32,1408.792673406087,1075.211072138086
ATAGGCGGCTATAGAA-1,0,43,33,1396.1672070957338,1097.6692060007235
GTGCCATCACACGGTG-1,0,42,34,1383.118515480104,1075.4543050721522
CCCAACATACGTCGCG-1,0,43,35,1370.4930491697507,1097.9124389347917
CGGTGCAGATAGAACG-1,0,42,36,1357.4443575541209,1075.6975380062204
GGGCGGGTTCCCTACG-1,0,43,37,1344.8188912437674,1098.155671868858
TGAGCCATACAGTCTC-1,0,42,38,1331.7701996281378,1075.9407709402867
CTCCGCCCACATGAGG-1,0,43,39,1319.1447333177844,1098.3989048029243
GTTGAACCGGTTCCAT-1,0,42,40,1306.0960417021547,1076.184003874353
TTGACTACCATATGGT-1,0,43,41,1293.4705753918013,1098.6421377369925
ACCATCGTATATGGTA-1,0,42,42,1280.4218837761716,1076.4272368084212
TGCGTAAGAACCTGAT-1,0,43,43,1267.7964174658182,1098.8853706710588
AGAAGGTTGCCGAATT-1,0,42,44,1254.7477258501883,1076.6704697424875
AGGACGACCCATTAGA-1,0,43,45,1242.122259539835,1099.1286036051251
GGTGCTGGTACACATT-1,0,42,46,1229.0735679242052,1076.9137026765538
GCGCTATGCCGAGGCA-1,0,43,47,1216.448101613852,1099.3718365391933
ACCCGGTTACACTTCC-1,0,42,48,1203.3994099982222,1077.156935610622
TAACTCATCCGCGCGG-1,0,43,49,1190.773943687869,1099.6150694732596
CACAATGAGCTGCTAT-1,0,42,50,1177.725252072239,1077.4001685446883
GTTACTTTGGGCCTAG-1,0,43,51,1165.0997857618859,1099.858302407326
GGGCCCGTCTTAAACA-1,0,42,52,1152.051094146256,1077.6434014787565
GAAATTGTCTCTATAA-1,0,43,53,1139.4256278359026,1100.101535341394
GGCGCATGAATTGATG-1,0,42,54,1126.376936220273,1077.8866344128228
CATATAGGTACAGTCA-1,0,43,55,1113.7514699099195,1100.3447682754604
TCAACGAGGAGACAAA-1,1,42,56,1100.7027782942898,1078.1298673468891
TTGCACAATTCAGAAA-1,0,43,57,1088.0773119839364,1100.5880012095267
CATCGGACGGGTTAAT-1,1,42,58,1075.0286203683067,1078.3731002809573
ATTAAACATGCGGACC-1,1,43,59,1062.4031540579533,1100.8312341435949
TATCTACCACAGCGGG-1,1,42,60,1049.3544624423234,1078.6163332150236
CGAGACCCTAGAGTGT-1,1,43,61,1036.7289961319702,1101.0744670776612
ACATCGATCGTTTACC-1,1,42,62,1023.6803045163404,1078.85956614909
ATCGACCCAATACAGA-1,1,43,63,1011.0548382059872,1101.3177000117275
GAATCTGAACATTCTC-1,1,42,64,998.0061465903573,1079.102799083158
AGTTCCTATTTATGTT-1,1,43,65,985.3806802800038,1101.5609329457957
CAGTCTGTATACTGGG-1,1,42,66,972.3319886643744,1079.3460320172244
GGAGACGACACCTTTG-1,1,43,67,959.706522354021,1101.804165879862
CCTAAATTAACGGTTC-1,1,42,68,946.6578307383911,1079.5892649512907
GCTACGACTTATTGGG-1,1,43,69,934.0323644280377,1102.0473988139283
CTGTGCAGGGTAGGTC-1,1,42,70,920.9836728124078,1079.8324978853589
ACGCCGCTAGACGACC-1,1,43,71,908.3582065020546,1102.2906317479965
ACTTGACTCCCTCTTT-1,1,42,72,895.309514886425,1080.0757308194252
CGCCTCCCTCCTCTAT-1,1,43,73,882.6840485760713,1102.5338646820628
CTAGATTTACGACGGC-1,1,42,74,869.6353569604416,1080.3189637534915
GATGCTGTATTTCATC-1,1,43,75,857.0098906500884,1102.7770976161291
TGCGTTTGTTGACACT-1,1,42,76,843.9611990344588,1080.5621966875597
CGTGCCCTCCCGAAGA-1,1,43,77,831.3357327241051,1103.0203305501973
ACTCTCTGACTTAGGT-1,1,42,78,818.2870411084755,1080.805429621626
CTGGGTAGGCAGTTAA-1,1,43,79,805.6615747981218,1103.2635634842636
GTTTGGCCCAAGTTAT-1,1,42,80,792.6128831824926,1081.0486625556923
GAATGTGGTCCGGATT-1,1,43,81,779.987416872139,1103.50679641833
CCCAGTTAAGGCGCCG-1,1,42,82,766.9387252565093,1081.2918954897605
CGGTACTAGAATCAAA-1,1,43,83,754.3132589461557,1103.750029352398
GCTTAATGTAACTAAC-1,1,42,84,741.264567330526,1081.5351284238268
AGGACAGTCGAATCCC-1,1,43,85,728.6391010201728,1103.9932622864644
GACAGCCAGACCTGAC-1,1,42,86,715.5904094045432,1081.7783613578931
GGCGAAATCTAACTTG-1,1,43,87,702.9649430941895,1104.2364952205326
CTGGTAACACATAGAA-1,1,42,88,689.9162514785598,1082.0215942919613
TAGCCATTTCAAAGTC-1,1,43,89,677.2907851682066,1104.479728154599
GGGATTTACCGCACCT-1,1,42,90,664.242093552577,1082.2648272260276
ATGCCATTTGCGACCA-1,1,43,91,651.6166272422233,1104.7229610886652
GAATAGACGCGACCCA-1,1,42,92,638.5679356265937,1082.508060160094
TGTATGGCGCAGACAG-1,1,43,93,625.94246931624,1104.9661940227334
GGATGAAGATCGCTGA-1,1,42,94,612.8937777006108,1082.751293094162
CGACAATTTGATCTAA-1,1,43,95,600.2683113902572,1105.2094269567997
AAAGTTGACTCCCGTA-1,1,42,96,587.2196197746275,1082.9945260282284
CGCGGCTCAACTTGAA-1,1,43,97,574.5941534642739,1105.452659890866
CACGCGGAACTGTTGC-1,1,42,98,561.5454618486447,1083.2377589622947
TCTTAGAGTGAACTCT-1,1,43,99,548.919995538291,1105.6958928249342
AGTCCATTGGCTGATG-1,1,42,100,535.8713039226614,1083.4809918963629
TTAAGATAGGATTGAC-1,1,43,101,523.2458376123077,1105.9391257590005
ACATCCTGGTAACTGT-1,1,42,102,510.19714599667805,1083.7242248304292
CACCTTGGCGCCTTTG-1,1,43,103,497.57167968632484,1106.1823586930668
GCTAGACCGTCTACTG-1,0,42,104,484.5229880706952,1083.9674577644955
CGGCCCAGGTATATCC-1,0,43,105,471.89752176034153,1106.425591627135
GTCCATTACTGCTACG-1,0,42,106,458.8488301447119,1084.2106906985637
GGGTTTAGGATAGGAT-1,0,43,107,446.2233638343587,1106.6688245612013
TAATTAGGACATCCGT-1,0,42,108,433.17467221872903,1084.45392363263
GCTCCCAGTCGGTCCA-1,0,43,109,420.54920590837537,1106.9120574952676
ATTCGTGCTATCTCTT-1,0,42,110,407.5005142927457,1084.6971565666963
GTTAACTATGTTGTCA-1,0,43,111,394.87504798239206,1107.1552904293358
GCTCCGCTCGCTTCAG-1,0,42,112,381.82635636676287,1084.9403895007645
GCAACGGCTAGTTATG-1,0,43,113,369.2008900564092,1107.398523363402
AATCGCGCAGAGGACT-1,0,42,114,356.15219844077956,1085.1836224348308
AGGTTACACCATGCCG-1,0,43,115,343.5267321304259,1107.6417562974684
CGAGATTTCGCTCGGG-1,0,42,116,330.47804051479625,1085.426855368899
CGATAATACTCAGGTT-1,0,43,117,317.85257420444304,1107.8849892315366
AAGGCAGGCTGTCTCC-1,0,42,118,304.8038825888134,1085.6700883029653
GTAAGTCCACACTCTA-1,0,43,119,292.17841627845974,1108.128222165603
ATGAGGGCAGCGGCTA-1,0,42,120,279.1297246628301,1085.9133212370316
GCCGCACTCCGTTTCA-1,0,43,121,266.5042583524769,1108.3714550996692
GAGCACGGCGCCTCTT-1,0,42,122,253.45556673684723,1086.1565541710997
ACAATTTGGCCATATT-1,0,43,123,240.83010042649357,1108.6146880337374
CTGGTTCGCGAGCTAC-1,0,42,124,227.78140881086392,1086.399787105166
GACGGTCCTAGGGTGT-1,0,43,125,215.15594250051026,1108.8579209678037
ACTCGCGATCTGACGC-1,0,42,126,202.10725088488107,1086.6430200392324
GTGTACGAACCGTTCC-1,0,43,127,189.4817845745274,1109.10115390187
CTTTGACGTCGCTTCT-1,0,44,0,1820.0024255270932,1115.9923799842263
CGTTATCATACTTCCA-1,0,45,1,1807.37695921674,1138.450513846864
GCTATGCCAGCTTATG-1,0,44,2,1794.3282676011102,1116.2356129182926
CAGTCGGCCTAGATAT-1,0,45,3,1781.702801290757,1138.6937467809303
CCCGTGAGGGCGGTGA-1,0,44,4,1768.654109675127,1116.478845852359
TCTCGTGTTACGAGGA-1,0,45,5,1756.0286433647736,1138.9369797149966
ACGTCTCGTTCCGGGA-1,0,44,6,1742.979951749144,1116.7220787864271
CGAGAGCGCGTAGATA-1,0,45,7,1730.3544854387906,1139.1802126490647
GACAGATTTCTGGCTC-1,0,44,8,1717.305793823161,1116.9653117204934
GGGCCTAAATGGGCTA-1,0,45,9,1704.6803275128075,1139.423445583131
ACTTGTAGTCCCTTCA-1,0,44,10,1691.6316358971778,1117.2085446545598
CCCGAAGTTTCGCGAA-1,0,45,11,1679.0061695868244,1139.6666785171974
ACCATCCGCCAACTAG-1,0,44,12,1665.9574779711945,1117.451777588628
TGCGAATATGGGATTT-1,0,45,13,1653.3320116608413,1139.9099114512655
TACATCCCTATCCCTG-1,0,44,14,1640.2833200452114,1117.6950105226942
GTGGGAAGACTGAATC-1,0,45,15,1627.6578537348582,1140.1531443853319
TCAACATCGACCGAGA-1,0,44,16,1614.6091621192284,1117.9382434567606
CTATGTGAGTCACGGC-1,0,45,17,1601.9836958088752,1140.3963773194
CCGAACACTGGGCCTC-1,0,44,18,1588.9350041932453,1118.1814763908287
AAACTTGCAAACGTAT-1,0,45,19,1576.309537882892,1140.6396102534663
AGGGCGAGCAGCTGAT-1,0,44,20,1563.2608462672622,1118.424709324895
AACACGAGACGCGGCC-1,0,45,21,1550.6353799569088,1140.8828431875327
TGACGAATATTTCCCT-1,0,44,22,1537.5866883412791,1118.6679422589614
TCGGAGAGTATCGGGA-1,0,45,23,1524.9612220309257,1141.1260761216008
CAAATCTCTCACAAGG-1,0,44,24,1511.912530415296,1118.9111751930295
AGGCCCTAGAACGCCA-1,0,45,25,1499.2870641049426,1141.3693090556671
TAGAGATCATGCAACT-1,0,44,26,1486.238372489313,1119.1544081270958
TTGTTTCCATACAACT-1,0,45,27,1473.6129061789595,1141.6125419897335
GAGAGGTGCATTCTGG-1,0,44,28,1460.5642145633296,1119.3976410611622
GTGGACCAACCCGATT-1,0,45,29,1447.9387482529764,1141.8557749238016
CTGGGCCTGCTATATC-1,0,44,30,1434.8900566373466,1119.6408739952303
CATAGTCCACAAGAAC-1,0,45,31,1422.2645903269934,1142.099007857868
TTGACATGAACGTGGA-1,0,44,32,1409.2158987113635,1119.8841069292966
GGTTACCACCCTCGGG-1,0,45,33,1396.5904324010103,1142.3422407919343
TACCGGTCGTTTCCAT-1,0,44,34,1383.5417407853804,1120.127339863363
CGAGTACTAAAGAGGA-1,0,45,35,1370.9162744750272,1142.5854737260024
GCAAGAATTCCTTGGC-1,0,44,36,1357.8675828593973,1120.3705727974311
TCGCCGAAGTTGCGTC-1,0,45,37,1345.2421165490439,1142.8287066600687
TTGAGAGTACTGCTAA-1,0,44,38,1332.1934249334142,1120.6138057314975
GCCACAATTTAAGGAC-1,0,45,39,1319.5679586230608,1143.071939594135
ATATTCAGTTAAACCT-1,0,44,40,1306.5192670074312,1120.8570386655638
TGAGTGCCTCTTAAAT-1,0,45,41,1293.8938006970777,1143.3151725282032
ATCAGACGGCACGCCG-1,0,44,42,1280.845109081448,1121.100271599632
GTGCGAAATCGAACAC-1,0,45,43,1268.2196427710946,1143.5584054622695
GTGCCGCTTCAAAGGT-1,0,44,44,1255.1709511554648,1121.3435045336983
GATACGATGGGAGTCA-1,0,45,45,1242.5454848451116,1143.8016383963359
GACACTGAGTTCAGTG-1,0,44,46,1229.4967932294817,1121.5867374677646
ATCCTGCGTGGAATGG-1,0,45,47,1216.8713269191285,1144.044871330404
ATCCTACCTAAGCTCT-1,0,44,48,1203.8226353034986,1121.8299704018327
AGTGATATGAGTAGTT-1,0,45,49,1191.1971689931454,1144.2881042644703
ATGATGCAATGGTACA-1,0,44,50,1178.1484773775155,1122.073203335899
GAAACCGAATTACCTT-1,0,45,51,1165.5230110671623,1144.5313371985367
AGTGACCTACTTTACG-1,0,44,52,1152.4743194515324,1122.3164362699672
CAAATGTCCTTCCGTG-1,0,45,53,1139.848853141179,1144.7745701326048
TTACTGGGATATTTCA-1,0,44,54,1126.8001615255494,1122.5596692040335
CTTGCCCAGGCTCTAC-1,0,45,55,1114.174695215196,1145.0178030666711
AAATCGTGTACCACAA-1,0,44,56,1101.1260035995663,1122.8029021380999
GTGATCATAGATCTGC-1,0,45,57,1088.5005372892128,1145.2610360007375
TGGCAGATTACGATCA-1,0,44,58,1075.4518456735832,1123.046135072168
TCACCCTCTTAAGATT-1,0,45,59,1062.8263793632298,1145.5042689348056
CAGGATATATCGTTGT-1,1,44,60,1049.7776877475999,1123.2893680062343
CCTGACCACCGATGGT-1,0,45,61,1037.1522214372467,1145.747501868872
CTAAAGGGAAATAGGA-1,1,44,62,1024.1035298216168,1123.5326009403007
CCGCTATCAGCACCAG-1,0,45,63,1011.4780635112636,1145.9907348029383
CTTTAGTGCTATTATT-1,0,44,64,998.4293718956337,1123.7758338743688
CGGGAATTTATGTAAA-1,0,45,65,985.8039055852803,1146.2339677370064
TACGACTGCCTCTTAG-1,1,44,66,972.7552139696509,1124.0190668084351
AAACTGCTGGCTCCAA-1,0,45,67,960.1297476592974,1146.4772006710728
GTACGTTTGCCCGTCA-1,1,44,68,947.0810560436676,1124.2622997425015
GGCAAGGCGAAATAGC-1,0,45,69,934.4555897333141,1146.720433605139
GATCTTGGAGGGCATA-1,1,44,70,921.4068981176842,1124.5055326765696
AGCGTGGTATTCTACT-1,0,45,71,908.7814318073315,1146.9636665392072
CTAAGGGAATGATTGG-1,0,44,72,895.7327401917014,1124.748765610636
CATGGTAAGTAGCGTT-1,0,45,73,883.1072738813482,1147.2068994732736
CGTTGAGCGACCGTCG-1,0,44,74,870.0585822657181,1124.9919985447023
TGCCCGTACCGTTAAA-1,0,45,75,857.4331159553653,1147.4501324073399
ACAAGGGCAGGCTCTG-1,1,44,76,844.3844243397352,1125.2352314787704
GAGATCTTCCATGACA-1,0,45,77,831.758958029382,1147.693365341408
AATGACGTAGGATGTC-1,1,44,78,818.7102664137519,1125.4784644128367
GTGGTGGCCAAGTGAA-1,1,45,79,806.0848001033987,1147.9365982754744
TCCCGTGTGCAATTTG-1,1,44,80,793.0361084877691,1125.721697346903
ACATCGTATGCAATGG-1,1,45,81,780.4106421774159,1148.1798312095407
GCGAAACTTAACTGGA-1,1,44,82,767.3619505617858,1125.9649302809712
AATTGAACGCTCTGGT-1,1,45,83,754.7364842514326,1148.4230641436088
ACAAATGGTAGTGTTT-1,1,44,84,741.6877926358025,1126.2081632150375
ATGGTCGCGTGGTTTC-1,1,45,85,729.0623263254497,1148.6662970776752
TGTTATTGTATGTGGC-1,1,44,86,716.0136347098196,1126.4513961491039
TTCCGGTTACCCACTT-1,1,45,87,703.3881683994664,1148.9095300117433
GAGTGTGCGGTACCCA-1,1,44,88,690.3394767838363,1126.694629083172
CAAGATATTATAACGT-1,1,45,89,677.7140104734835,1149.1527629458096
ACACACCAGGACCAGT-1,1,44,90,664.6653188578534,1126.9378620172383
ATGGGCCTCGGCCTCT-1,1,45,91,652.0398525475002,1149.395995879876
AAGGTGATAAACCAGC-1,1,44,92,638.9911609318701,1127.1810949513047
TCTTACTTATGCCTCT-1,1,45,93,626.3656946215169,1149.639228813944
AAAGTGTGATTTATCT-1,1,44,94,613.3170030058873,1127.4243278853728
TGCTCCACAGTTCTTA-1,1,45,95,600.6915366955341,1149.8824617480104
CTGGCTGATTCATCCT-1,1,44,96,587.642845079904,1127.6675608194391
TAAGGCTGAATCCCTC-1,1,45,97,575.0173787695508,1150.1256946820768
TCTAGTGATATCGTGG-1,1,44,98,561.9686871539211,1127.9107937535055
TCGAAGAACCGAGCAC-1,1,45,99,549.3432208435679,1150.368927616145
GACAAACATATGCAGG-1,1,44,100,536.2945292279378,1128.1540266875736
AAGTCAATTGTCGTCA-1,1,45,101,523.6690629175846,1150.6121605502112
AGTGAACAAACTTCTC-1,1,44,102,510.6203713019545,1128.39725962164
CATGATGGAAGTTAGC-1,1,45,103,497.99490499160174,1150.8553934842776
AAGTGCCTTGACTGTA-1,1,44,104,484.94621337597164,1128.6404925557063
ATCGCCAGTCAACATT-1,1,45,105,472.32074706561843,1151.0986264183457
ACCGCGGTGGAAGTCG-1,0,44,106,459.27205544998833,1128.8837254897744
TCTTCTATAACCCGCC-1,0,45,107,446.6465891396356,1151.341859352412
CACATTTCTTGTCAGA-1,0,44,108,433.5978975240055,1129.1269584238407
TAGCGTCCCTCGATTG-1,0,45,109,420.97243121365227,1151.5850922864784
GTTCGGATCGGGAACA-1,0,44,110,407.92373959802217,1129.370191357907
CAAACTCGCGACGCCG-1,0,45,111,395.29827328766896,1151.8283252205465
GTCTTGTAGCTATTCA-1,0,44,112,382.2495816720393,1129.6134242919752
TCTCGACGTATCGCCG-1,0,45,113,369.6241153616861,1152.0715581546128
TTGCCAAGCAGAACCC-1,0,44,114,356.575423746056,1129.8566572260415
AAACCCGAACGAAATC-1,0,45,115,343.9499574357028,1152.3147910886792
TTGAGCAGCCCACGGT-1,0,44,116,330.9012658200727,1130.0998901601097
CGCCTTTAGCATGCTC-1,0,45,117,318.27579950971995,1152.5580240227473
TGTGGCTCCCACCAAC-1,0,44,118,305.22710789408984,1130.343123094176
CCGCCGTTGAGGATAA-1,0,45,119,292.60164158373664,1152.8012569568136
CAATACGAGAGTCTGA-1,0,44,120,279.55294996810653,1130.5863560282423
CATCTAGTGAAGGGAA-1,0,45,121,266.9274836577538,1153.04448989088
GGTGGAGGTTGATACG-1,0,44,122,253.87879204212368,1130.8295889623105
CCGCACACGAACGTGT-1,0,45,123,241.25332573177047,1153.287722824948
AGAACCCAGCGTGACA-1,0,44,124,228.20463411614037,1131.0728218963768
GCGCTCGATCACCTGT-1,0,45,125,215.57916780578716,1153.5309557590144
ATCATGGACTACCGAC-1,0,44,126,202.53047619015751,1131.3160548304431
TACGCCGCCTCAGAAG-1,0,45,127,189.9050098798043,1153.7741886930808
CGACCTACTAGACAAT-1,0,46,0,1820.4256508323697,1160.665414775437
GAGTCTTGTAAAGGAC-1,0,47,1,1807.8001845220165,1183.1235486380747
AATATCCTAGCAAACT-1,0,46,2,1794.7514929063866,1160.9086477095034
CCCTAGGCAACAAGAG-1,0,47,3,1782.1260265960334,1183.366781572141
ACAAAGAAGGTAGGCC-1,0,46,4,1769.0773349804035,1161.1518806435697
CCCTGGCTGTTCCTTC-1,0,47,5,1756.45186867005,1183.6100145062073
TCGCCGCACCGCGTGA-1,0,46,6,1743.4031770544204,1161.3951135776379
TATAGCGCACGTTATC-1,0,47,7,1730.777710744067,1183.8532474402755
TTATCTGACATTAGGA-1,0,46,8,1717.7290191284374,1161.6383465117042
AGTGGTGTTACCCGTG-1,0,47,9,1705.103552818084,1184.0964803743418
GCCAAGAATACTTCTG-1,0,46,10,1692.0548612024543,1161.8815794457705
CCGGCGTGAGACTCTG-1,0,47,11,1679.4293948921008,1184.3397133084081
TTCCCGGCGCCAATAG-1,0,46,12,1666.380703276471,1162.1248123798387
AAACAGGGTCTATATT-1,0,47,13,1653.7552369661178,1184.5829462424763
ACAGTAATACAACTTG-1,0,46,14,1640.7065453504879,1162.368045313905
CGAACGGCCGGACAAC-1,0,47,15,1628.0810790401347,1184.8261791765426
GCAACACACTAGAACT-1,0,46,16,1615.0323874245048,1162.6112782479713
ACTCCCATTCCTAAAG-1,0,47,17,1602.4069211141516,1185.0694121106108
ACCTGCGTGTCATGTT-1,0,46,18,1589.3582294985217,1162.8545111820395
TACTTTCCGCACGCCA-1,0,47,19,1576.7327631881685,1185.312645044677
AGGTCAGGTGAGAGTG-1,0,46,20,1563.6840715725386,1163.0977441161058
TCCTCCTAAGACATTC-1,0,47,21,1551.0586052621852,1185.5558779787434
ATGTGAAAGCCTAATG-1,0,46,22,1538.0099136465556,1163.3409770501721
AGTCGGCTCAACTTTA-1,0,47,23,1525.3844473362021,1185.7991109128116
CGATCTGTTGGAGGAC-1,0,46,24,1512.3357557205725,1163.5842099842403
ACGGGAGTGTCGGCCC-1,0,47,25,1499.710289410219,1186.0423438468779
TTAACTTCAGGTAGGA-1,0,46,26,1486.6615977945894,1163.8274429183066
CCACGGAGCCATAAGA-1,0,47,27,1474.036131484236,1186.2855767809442
CTTCTATGTTGAAGTA-1,0,46,28,1460.987439868606,1164.070675852373
CACCGTTGCGCGATAT-1,0,47,29,1448.3619735582529,1186.5288097150124
TCTAGCAATCTCCGCC-1,0,46,30,1435.313281942623,1164.313908786441
AGTTTGGCCAGACCTA-1,0,47,31,1422.6878156322698,1186.7720426490787
TTGTAAGGACCTAAGT-1,0,46,32,1409.63912401664,1164.5571417205074
AAATTTGCGGGTGTGG-1,0,47,33,1397.0136577062867,1187.015275583145
AAGTTCGGCCAACAGG-1,0,46,34,1383.9649660906568,1164.8003746545737
CCGCTTACCTCACTCT-1,0,47,35,1371.3394997803036,1187.2585085172132
ATCACGTGCTAATTAA-1,0,46,36,1358.2908081646738,1165.0436075886419
GGTGAAGTACAGGGAT-1,0,47,37,1345.6653418543203,1187.5017414512795
GCTGTATTACTGGCCC-1,0,46,38,1332.6166502386907,1165.2868405227082
AACGGCCATCTCCGGT-1,0,47,39,1319.9911839283373,1187.7449743853458
TAAGTAACATCTTGAC-1,0,46,40,1306.9424923127076,1165.5300734567745
TTCTTGAGCCGCGCTA-1,0,47,41,1294.3170260023542,1187.988207319414
AGTGCGTAGCTCGTAA-1,0,46,42,1281.2683343867245,1165.7733063908427
GGGATGGTCGTAACCG-1,0,47,43,1268.642868076371,1188.2314402534803
GTCTGGGCGGTCGAGA-1,0,46,44,1255.5941764607412,1166.016539324909
CGGAACGTAAACATAG-1,0,47,45,1242.968710150388,1188.4746731875466
TGCGACACCCTAGTGC-1,0,46,46,1229.9200185347581,1166.2597722589753
CAAACGAGTATCGCAG-1,0,47,47,1217.294552224405,1188.7179061216148
TCAGTAGGGACTATAA-1,0,46,48,1204.245860608775,1166.5030051930435
GCGGTTCCCTATCATG-1,0,47,49,1191.6203942984218,1188.961139055681
GTGACTTCAGTAGTGC-1,0,46,50,1178.571702682792,1166.7462381271098
CGTCACGTCCATTGGT-1,0,47,51,1165.9462363724388,1189.2043719897474
ATAAGTTACCGCGACG-1,0,46,52,1152.8975447568089,1166.989471061178
CTGAATCCGAGACCTC-1,0,47,53,1140.2720784464555,1189.4476049238156
TACGACGCTTGCTGCG-1,0,46,54,1127.2233868308258,1167.2327039952443
GAATTCACCCGGGTGT-1,0,47,55,1114.5979205204724,1189.690837857882
GGGTGACACCTTAACT-1,0,46,56,1101.5492289048427,1167.4759369293106
TGAGTAAATTAGCGTA-1,0,47,57,1088.9237625944893,1189.9340707919482
GAGTCCGCTTACCGGA-1,0,46,58,1075.8750709788596,1167.7191698633787
GGCGCGTTCGAGTTTA-1,0,47,59,1063.2496046685062,1190.1773037260164
ATTCATATACTGTCCA-1,0,46,60,1050.2009130528763,1167.962402797445
ATAAACGGACCCGTAA-1,1,47,61,1037.5754467425231,1190.4205366600827
GTCGTACCATCTCGGG-1,0,46,62,1024.5267551268932,1168.2056357315114
ATAATAGCTGTTGAAT-1,1,47,63,1011.90128881654,1190.663769594149
TTCCGCGTGAGGCGAT-1,0,46,64,998.8525972009102,1168.4488686655795
TACCGGCTCACTGCCC-1,1,47,65,986.2271308905567,1190.9070025282172
GTATCTTTCATAACCA-1,0,46,66,973.1784392749273,1168.6921015996459
GTTACCTACAACTTGC-1,1,47,67,960.5529729645739,1191.1502354622835
TGACTATAATCCTTTC-1,1,46,68,947.504281348944,1168.9353345337122
AAATACCTATAAGCAT-1,1,47,69,934.8788150385906,1191.3934683963498
TTATTAGAGCGTGTTC-1,0,46,70,921.8301234229607,1169.1785674677803
ATGTGGACATCTTGAT-1,0,47,71,909.204657112608,1191.636701330418
GTACGCTTCATTGCAC-1,0,46,72,896.1559654969778,1169.4218004018467
CACATATTAGCAGGAT-1,1,47,73,883.5304991866246,1191.8799342644843
CAAGAGGGCGGAGTAC-1,0,46,74,870.4818075709945,1169.665033335913
TCGCAAAGATGCATTT-1,1,47,75,857.8563412606418,1192.1231671985506
GTCGTTATTCGCTTAT-1,0,46,76,844.8076496450117,1169.9082662699811
TCGTGTACTATGGATG-1,1,47,77,832.1821833346585,1192.3664001326188
GCGGAGAGGGAGAACG-1,1,46,78,819.1334917190284,1170.1514992040475
TCACAGGGAATCGCAA-1,1,47,79,806.5080254086752,1192.609633066685
GACTGCACCAGCCCAG-1,1,46,80,793.4593337930455,1170.3947321381138
TCCGCTGTCATCCCGG-1,1,47,81,780.8338674826923,1192.8528660007514
AGATACTCAAGATCGA-1,1,46,82,767.7851758670622,1170.637965072182
ACTGAATGGCGAAAGT-1,1,47,83,755.159709556709,1193.0960989348196
TCCTACATCCACGGCC-1,1,46,84,742.1110179410789,1170.8811980062483
TTCAGCCCTGGTCCAC-1,1,47,85,729.4855516307261,1193.339331868886
TTAGAGTTTAGAAGGA-1,1,46,86,716.436860015096,1171.1244309403146
GGTTAGCTATATGTCT-1,1,47,87,703.8113937047428,1193.582564802954
CTGGTTTCGAGCAAGA-1,1,46,88,690.7627020891127,1171.3676638743827
TGGGCCCATACTAATT-1,1,47,89,678.13723577876,1193.8257977370204
ACTTATTTATGTGCCA-1,1,46,90,665.0885441631299,1171.610896808449
TTAGTTATTCGTGGCA-1,1,47,91,652.4630778527767,1194.0690306710867
AACCGCTAAGGGATGC-1,1,46,92,639.4143862371466,1171.8541297425154
ATACGTCCACTCCTGT-1,1,47,93,626.7889199267934,1194.3122636051548
CGACACGCTCCGACAG-1,1,46,94,613.7402283111637,1172.0973626765835
TCTGAACTCGTACCCG-1,1,47,95,601.1147620008105,1194.5554965392212
AGGATATAGGGATTTA-1,1,46,96,588.0660703851804,1172.3405956106499
GTGATCACTAACGCCT-1,1,47,97,575.4406040748272,1194.7987294732875
ACCGGGCCTTTGTTGA-1,1,46,98,562.3919124591976,1172.5838285447162
TTGACAGGAGCTCCCG-1,1,47,99,549.7664461488444,1195.0419624073556
CTCTTCTATTGACTGG-1,1,46,100,536.7177545332142,1172.8270614787843
CGTGGCCGAATATCTA-1,1,47,101,524.092288222861,1195.285195341422
GGTTTAGCCTTTCTTG-1,1,46,102,511.04359660723094,1173.0702944128507
TCAAGGTTACTACACC-1,1,47,103,498.4181302968782,1195.5284282754883
TTGACTATTGTCCGGC-1,1,46,104,485.3694386812481,1173.313527346917
CGGGAATATAGTATAC-1,1,47,105,472.7439723708949,1195.7716612095564
GCAACAGCAGTATGCG-1,0,46,106,459.6952807552648,1173.5567602809851
ATCAAACACTGTTCCA-1,1,47,107,447.069814444912,1196.0148941436228
TGGGCAATAGTTGGGT-1,0,46,108,434.0211228292819,1173.7999932150515
TGAATGTCAGCCGGCC-1,0,47,109,421.3956565189287,1196.258127077689
CGGCTCTAAAGCTGCA-1,0,46,110,408.3469649032986,1174.0432261491178
GGACACAAGTTTACAC-1,0,47,111,395.7214985929454,1196.5013600117572
CCGAGAAGTCGCATAA-1,0,46,112,382.67280697731576,1174.286459083186
AACTACCCGTTTGTCA-1,0,47,113,370.04734066696255,1196.7445929458236
GCACAAACGAGGCGTG-1,0,46,114,356.99864905133245,1174.5296920172523
CACACAGCTTGCGCTC-1,0,47,115,344.37318274097925,1196.98782587989
GTGCTTACATCAGCGC-1,0,46,116,331.32449112534914,1174.7729249513204
GCAAACGTCGCCAGGT-1,0,47,117,318.6990248149964,1197.231058813958
GAATAGCATTTAGGGT-1,0,46,118,305.6503331993663,1175.0161578853867
TACTGTTTCTCTGGTA-1,0,47,119,293.0248668890131,1197.4742917480244
TCCTATCATAGGTAAC-1,0,46,120,279.976175273383,1175.259390819453
TTCGGTGGAGACGCCC-1,0,47,121,267.35070896303023,1197.7175246820907
TGTTGCCGTCGTCCCA-1,0,46,122,254.30201734740012,1175.5026237535212
CCAACTTGATAGATCC-1,0,47,123,241.67655103704692,1197.9607576161588
CAAAGGTCATCTGAAA-1,0,46,124,228.62785942141682,1175.7458566875875
CTAGCTTAATGGTCCC-1,0,47,125,216.0023931110636,1198.2039905502252
AGGCCACATTGGTTAC-1,0,46,126,202.95370149543396,1175.9890896216539
TTAGGATGGGAGGGTA-1,0,47,127,190.32823518508076,1198.4472234842915
TATGACCTTGCGCTGG-1,0,48,0,1820.8488761376461,1205.3384495666478
ATATACATGTATGGTA-1,0,49,1,1808.223409827293,1227.7965834292854
TGTGTGACCATGAATC-1,0,48,2,1795.174718211663,1205.5816825007141
CCCACTCCACGGTATC-1,0,49,3,1782.54925190131,1228.0398163633517
GGGCAGACGTCACTGC-1,0,48,4,1769.50056028568,1205.8249154347805
TCAAAGAGCTATCTGT-1,0,49,5,1756.8750939753268,1228.283049297418
AGATGCATCCTGTGTC-1,0,48,6,1743.8264023596969,1206.0681483688486
GTGAAGTCACGACTCG-1,0,49,7,1731.2009360493435,1228.5262822314862
TGATTCAGGTCCCGCG-1,0,48,8,1718.1522444337138,1206.311381302915
CGCCACAGGTCGCGAT-1,0,49,9,1705.5267781233606,1228.7695151655525
TTGAATCGTTGTATAA-1,0,48,10,1692.4780865077307,1206.5546142369813
TGGCCAATTTGGTACT-1,0,49,11,1679.8526201973773,1229.0127480996189
CGACCCTTAACGCCGG-1,0,48,12,1666.8039285817474,1206.7978471710494
TCGGCGTACTGCACAA-1,0,49,13,1654.1784622713944,1229.255981033687
GAGTAAGGCCACGGGA-1,0,48,14,1641.1297706557643,1207.0410801051157
ATCAGCTCGTCCACTA-1,0,49,15,1628.5043043454111,1229.4992139677533
AGGATCACGCGATCTG-1,0,48,16,1615.4556127297813,1207.284313039182
AAATGGCCCGTGCCCT-1,0,49,17,1602.8301464194283,1229.7424469018215
CAGTACCAGTTTACGT-1,0,48,18,1589.7814548037982,1207.5275459732502
GGTCGTAAGCTCGCAC-1,0,49,19,1577.155988493445,1229.9856798358878
CGTTCATGGTGCGCGT-1,0,48,20,1564.107296877815,1207.7707789073165
GACTACAAAGCGGTGG-1,0,49,21,1551.4818305674617,1230.2289127699541
CAGCTGGCGTAACCGT-1,0,48,22,1538.433138951832,1208.0140118413829
ACTCGTAACCCGTCCT-1,0,49,23,1525.8076726414788,1230.4721457040223
CATATGTCAGGCTACG-1,0,48,24,1512.758981025849,1208.257244775451
GCCCGACTTCTTCCCG-1,0,49,25,1500.1335147154955,1230.7153786380886
CTGGCATCCGAATGAG-1,0,48,26,1487.0848230998658,1208.5004777095173
AAGTGCGTTAGAATCT-1,0,49,27,1474.4593567895126,1230.958611572155
AGAAGTGATTCGTGAT-1,0,48,28,1461.4106651738825,1208.7437106435837
TACCTTAAGATTTCCC-1,0,49,29,1448.7851988635293,1231.201844506223
AATGACAGCAATGTCT-1,0,48,30,1435.7365072478995,1208.9869435776518
TCAACGCAGGAAATAA-1,0,49,31,1423.1110409375465,1231.4450774402894
TATTCCTCCGCCCACT-1,0,48,32,1410.0623493219164,1209.2301765117181
ATCAAACGAAGGTTTG-1,0,49,33,1397.4368830115632,1231.6883103743558
TTGATTAGCTGTTTCT-1,0,48,34,1384.3881913959333,1209.4734094457845
CTGCTGAGGCCACGAA-1,0,49,35,1371.7627250855803,1231.931543308424
CCGTGTTAAATTCCAT-1,0,48,36,1358.7140334699502,1209.7166423798526
CACGTCGGCAACCTCT-1,0,49,37,1346.088567159597,1232.1747762424902
GTATTCTGAGAAACGA-1,0,48,38,1333.0398755439671,1209.959875313919
CGGTGCGCGTTGGTCC-1,0,49,39,1320.4144092336137,1232.4180091765566
GTGATTCGCCGCTCAA-1,0,48,40,1307.365717617984,1210.2031082479853
GCCCGCGCGTAAACGG-1,0,49,41,1294.7402513076308,1232.6612421106247
AACGTACTGTGGGTAC-1,0,48,42,1281.691559692001,1210.4463411820534
GAGTATGCCCGCCTTG-1,0,49,43,1269.0660933816475,1232.904475044691
TGATTCTGTCGCCGGT-1,0,48,44,1256.0174017660177,1210.6895741161197
GGGCGGCAAATGAATT-1,0,49,45,1243.3919354556647,1233.1477079787574
TTCCAATCTGGCTATC-1,0,48,46,1230.3432438400346,1210.932807050186
GGAACCGTGTAAATTG-1,0,49,47,1217.7177775296814,1233.3909409128255
TTGGTCACACTCGTAA-1,0,48,48,1204.6690859140515,1211.1760399842542
CGAACCCGCATGCGTC-1,0,49,49,1192.0436196036985,1233.6341738468918
GGGCGTCACCACGTAA-1,0,48,50,1178.9949279880684,1211.4192729183205
TACCAGAAGTAGGTTC-1,0,49,51,1166.3694616777152,1233.8774067809582
TTGGATATCGTCTACG-1,0,48,52,1153.3207700620853,1211.6625058523887
TAGATATGGACTGGAA-1,0,49,53,1140.695303751732,1234.1206397150263
GCGACGATAGTTGTAC-1,0,48,54,1127.6466121361022,1211.905738786455
CTGGATTTACACTTGA-1,0,49,55,1115.021145825749,1234.3638726490926
GTTATATTATCTCCCT-1,0,48,56,1101.9724542101192,1212.1489717205213
TATTCCACTCAGCTCG-1,0,49,57,1089.3469878997657,1234.607105583159
CTGTTACCCAATCTAG-1,0,48,58,1076.298296284136,1212.3922046545895
ACGCGAAGTCAGACGA-1,1,49,59,1063.6728299737829,1234.850338517227
GATAGGTAACGTTGAC-1,0,48,60,1050.6241383581528,1212.6354375886558
TGTTCGTATTGCGGTG-1,1,49,61,1037.9986720477996,1235.0935714512934
GGTCAGTGGGTCCCAC-1,1,48,62,1024.9499804321697,1212.8786705227221
AATTCTAGAGTTAGGC-1,1,49,63,1012.3245141218167,1235.3368043853598
GTTTACGTTCCATCTG-1,1,48,64,999.2758225061866,1213.1219034567903
AGACCCACCGCTGATC-1,1,49,65,986.6503561958334,1235.580037319428
TCTAGCATGCCCAGAA-1,1,48,66,973.6016645802038,1213.3651363908566
CCCGCAGCGCGAACTA-1,1,49,67,960.9761982698506,1235.8232702534942
CTCTATTTGGCTGCAG-1,1,48,68,947.9275066542205,1213.608369324923
TTCTGCCGCGCCTAGA-1,1,49,69,935.3020403438672,1236.0665031875606
ACTCCCTAGAATAGTA-1,1,48,70,922.2533487282371,1213.851602258991
CCGAACCTTCCCGGCC-1,1,49,71,909.6278824178844,1236.3097361216287
TCAGACGCTATAGAAG-1,1,48,72,896.5791908022543,1214.0948351930574
CAGGCGCCATGCTAGG-1,1,49,73,883.9537244919011,1236.552969055695
CACTCGAGCTGAACAA-1,1,48,74,870.905032876271,1214.3380681271237
ACAAGGAAATCCGCCC-1,1,49,75,858.2795665659182,1236.7962019897614
ACCACGTGCAGCTATA-1,1,48,76,845.2308749502881,1214.5813010611919
ACGGCGACGATGGGAA-1,1,49,77,832.6054086399349,1237.0394349238295
TTACTAAAGGACTTTA-1,1,48,78,819.5567170243048,1214.8245339952582
GGCTGAAATAGCAAAG-1,1,49,79,806.9312507139516,1237.2826678578958
TTAGACGAGTCACCTC-1,1,48,80,793.882559098322,1215.0677669293245
GTAGTCGCGGGAATCA-1,1,49,81,781.2570927879688,1237.5259007919622
GCAAACCCTACATTAT-1,1,48,82,768.2084011723387,1215.3109998633927
GTTAAAGTAGGACTGG-1,1,49,83,755.5829348619854,1237.7691337260303
ACCCTCCCTTGCTATT-1,1,48,84,742.5342432463553,1215.554232797459
CATGTCTCATTTATGG-1,1,49,85,729.9087769360026,1238.0123666600966
AATAGAATCTGTTTCA-1,1,48,86,716.8600853203725,1215.7974657315253
TCTCATGAGATAGGGT-1,1,49,87,704.2346190100193,1238.2555995941648
ATGACTATGCGACATT-1,1,48,88,691.1859273943892,1216.0406986655935
CCTAACCCAAACAAGT-1,1,49,89,678.5604610840364,1238.498832528231
AGTCAAGATGACACTT-1,1,48,90,665.5117694684063,1216.2839315996598
CGGGAGCTTCAGTGTA-1,1,49,91,652.8863031580531,1238.7420654622974
CCACAGTACCCATCCT-1,1,48,92,639.837611542423,1216.5271645337261
GAGCGCGCACGAGTAG-1,1,49,93,627.2121452320698,1238.9852983963656
ACCAGTGCGGGAGACG-1,1,48,94,614.1634536164402,1216.7703974677943
TCCTTACGACGGTCCG-1,1,49,95,601.537987306087,1239.228531330432
TAGTCGATCACGGGTT-1,1,48,96,588.4892956904569,1217.0136304018606
AGACGAAGTGCCGGTC-1,1,49,97,575.8638293801037,1239.4717642644982
CGCTGGTGACTACCCT-1,1,48,98,562.815137764474,1217.256863335927
AGGCATTGTCGTAGGG-1,1,49,99,550.1896714541208,1239.7149971985664
TGGTAGAATATATGGG-1,1,48,100,537.1409798384907,1217.500096269995
TTCTTATCCGCTGGGT-1,1,49,101,524.5155135281375,1239.9582301326327
AGTTTGGCACGGGTTG-1,0,48,102,511.4668219125074,1217.7433292040614
GCATCGGCCGTGTAGG-1,0,49,103,498.84135560215464,1240.201463066699
ATGCGAGTCCCACCAC-1,1,48,104,485.79266398652453,1217.9865621381277
TCGGCGAACCCAAACC-1,1,49,105,473.1671976761713,1240.4446960007672
AGAGTAAACTTCACTA-1,1,48,106,460.1185060605412,1218.2297950721959
AAGCCGAAGCGGTTTA-1,0,49,107,447.4930397501885,1240.6879289348335
CCCGAGTTTCTCCGTA-1,0,48,108,434.44434813455837,1218.4730280062622
AATATCGAATCAATGC-1,0,49,109,421.81888182420516,1240.9311618688998
GCGCCTCCCACTCCGA-1,0,48,110,408.77019020857506,1218.7162609403285
CGTTAAACTAGTTAGG-1,0,49,111,396.14472389822186,1241.174394802968
TGAGTTAAAGACATTC-1,0,48,112,383.0960322825922,1218.9594938743967
AACAGGTAGTATGGAT-1,0,49,113,370.470565972239,1241.4176277370343
GAACGCGGGTCACACG-1,0,48,114,357.4218743566089,1219.202726808463
TGTTTGAGATCGTCAG-1,0,49,115,344.7964080462557,1241.6608606711006
ATCTCGTGAGCGAAAC-1,0,48,116,331.7477164306256,1219.4459597425312
CTGAGAAAGTTCGGCG-1,0,49,117,319.12225012027284,1241.9040936051688
ATTACCACACTGCCTG-1,0,48,118,306.07355850464273,1219.6891926765975
CTGCTGTCTAACGAGC-1,0,49,119,293.44809219428953,1242.147326539235
CGTGGAAGCCTCGTAC-1,0,48,120,280.3994005786594,1219.9324256106638
GGACTCACAAATTAGG-1,0,49,121,267.7739342683067,1242.3905594733014
CTTTGCTGTCATGGAT-1,0,48,122,254.72524265267657,1220.175658544732
GGTGTTGGGCGTCTTA-1,0,49,123,242.09977634232337,1242.6337924073696
TACCATGTATTGATTT-1,0,48,124,229.05108472669326,1220.4188914787983
GGTCTCCAAGTAGTGC-1,0,49,125,216.42561841634006,1242.877025341436
ATCCTTCTGAAAGAAC-1,0,48,126,203.3769268007104,1220.6621244128646
CCGGAAGTTATCAGTC-1,0,49,127,190.7514604903572,1243.1202582755022
TTAGAGGGATATACAG-1,0,50,0,1821.2721014429228,1250.0114843578585
TTGTACACCTCGAACA-1,0,51,1,1808.6466351325696,1272.4696182204962
GTGGGTACTGAGCGTA-1,0,50,2,1795.5979435169397,1250.2547172919249
CTTAAGCAGCGAGCCG-1,0,51,3,1782.9724772065865,1272.7128511545625
GCATTGACTTGCGGAA-1,0,50,4,1769.9237855909566,1250.4979502259912
CCATAACCTGTGCAGT-1,0,51,5,1757.2983192806032,1272.9560840886288
GGGCTACTATTTCGTG-1,0,50,6,1744.2496276649736,1250.7411831600593
GGCGAGCGAAACGGCA-1,0,51,7,1731.6241613546201,1273.199317022697
GGAGACCATCTACATA-1,0,50,8,1718.5754697389905,1250.9844160941257
AGACCAAACCACACCT-1,0,51,9,1705.950003428637,1273.4425499567633
CGACGCATCCGTACCT-1,0,50,10,1692.9013118130074,1251.227649028192
CCTAGGTAAAGGTAGC-1,0,51,11,1680.275845502654,1273.6857828908296
AGCGGCGGTTAGCGGT-1,0,50,12,1667.227153887024,1251.4708819622601
CTGGACGCAGTCCGGC-1,0,51,13,1654.6016875766709,1273.9290158248978
AGCCTAATACCCACGT-1,0,50,14,1641.552995961041,1251.7141148963265
AATCTGGCTTTCTAGT-1,0,51,15,1628.9275296506878,1274.172248758964
CACCCTTGGTGAGACC-1,0,50,16,1615.878838035058,1251.9573478303928
GGATCTTGACTCAACC-1,0,51,17,1603.2533717247047,1274.4154816930322
ACGAGGATACCACTCT-1,0,50,18,1590.2046801090748,1252.200580764461
GAGTTGATGGCAATTT-1,0,51,19,1577.5792137987216,1274.6587146270986
GTGGCAAACAGCGGCA-1,0,50,20,1564.5305221830918,1252.4438136985273
GATGTAACGAACCACC-1,0,51,21,1551.9050558727383,1274.901947561165
AGCCGTGGCTAAATGT-1,0,50,22,1538.8563642571087,1252.6870466325936
CTCCCTCCTTTCGATC-1,0,51,23,1526.2308979467552,1275.145180495233
TTGGAAGAATACAGTC-1,0,50,24,1513.1822063311256,1252.9302795666617
AGTTAAGTCAACCGCT-1,0,51,25,1500.5567400207722,1275.3884134292994
CTCATGGTAATTTGCG-1,0,50,26,1487.5080484051425,1253.173512500728
AAAGTAGCATTGCTCA-1,0,51,27,1474.882582094789,1275.6316463633657
TTGTGGTAGGAGGGAT-1,0,50,28,1461.8338904791592,1253.4167454347944
AGTCGTGGGCATTACG-1,0,51,29,1449.208424168806,1275.8748792974338
ACCTAAGTACCTTTCA-1,0,50,30,1436.1597325531761,1253.6599783688625
GTAGAGGGAGACAAGT-1,0,51,31,1423.534266242823,1276.1181122315002
GATCCTCGACACTGGC-1,0,50,32,1410.485574627193,1253.9032113029289
CCTACATTCACAGACG-1,0,51,33,1397.8601083168398,1276.3613451655665
TTGACCGTGTTAATGA-1,0,50,34,1384.81141670121,1254.1464442369952
TCTGTTACCCAGCATA-1,0,51,35,1372.1859503908568,1276.6045780996346
CTAACTGGTCCGGTTC-1,0,50,36,1359.1372587752269,1254.3896771710633
AGCGACAGGAACGGTC-1,0,51,37,1346.5117924648735,1276.847811033701
TAATAGAACAGAGTTA-1,0,50,38,1333.4631008492438,1254.6329101051297
ACAGGTGGAGGTGAGG-1,0,51,39,1320.8376345388904,1277.0910439677673
TGCGAGAATATTACCC-1,0,50,40,1307.7889429232607,1254.876143039196
TTGCGTCGGCCAACCG-1,0,51,41,1295.1634766129073,1277.3342769018354
AGGCTTCCCGAAGAAG-1,0,50,42,1282.1147849972776,1255.1193759732641
GCGGACCGCGTTGTGG-1,0,51,43,1269.4893186869242,1277.5775098359018
GTAATCTGATTCTTCG-1,0,50,44,1256.4406270712943,1255.3626089073305
CCGCGGAATGCGTCAC-1,0,51,45,1243.8151607609411,1277.820742769968
TTCCACACAGATTTGA-1,0,50,46,1230.7664691453112,1255.6058418413968
CTTCTATTAATGCTAG-1,0,51,47,1218.141002834958,1278.0639757040362
CATTTGAGTGGTACGT-1,0,50,48,1205.0923112193282,1255.849074775465
TCACAGCAAACTCGAA-1,0,51,49,1192.466844908975,1278.3072086381026
CAGACGAACCTGATAC-1,0,50,50,1179.418153293345,1256.0923077095313
TAGCTAGAAGGCATGA-1,0,51,51,1166.7926869829919,1278.550441572169
ATCCAGAGCAACAACC-1,0,50,52,1153.743995367362,1256.3355406435994
TCCGGTTCGTCCGGTC-1,0,51,53,1141.1185290570086,1278.793674506237
CGCGCATGTTTGATTG-1,0,50,54,1128.069837441379,1256.5787735776657
TGGCGATCAAGTTATG-1,0,51,55,1115.4443711310255,1279.0369074403034
CCCTTTGACAGGTCTT-1,0,50,56,1102.3956795153958,1256.822006511732
CAGAGACGGTCACCCA-1,0,51,57,1089.7702132050424,1279.2801403743697
TAGCTCGCCTGATAAC-1,1,50,58,1076.7215215894128,1257.0652394458002
TTGTGTTTCCCGAAAG-1,1,51,59,1064.0960552790593,1279.5233733084378
TATACACAGACGCCTT-1,1,50,60,1051.0473636634295,1257.3084723798665
ACATTAGTTTATATCC-1,1,51,61,1038.4218973530762,1279.7666062425042
CCATCGCAGTTAAACT-1,1,50,62,1025.3732057374464,1257.5517053139329
AATTAGCGCTGCAGCG-1,1,51,63,1012.7477394270932,1280.0098391765705
TCCGCTTATCCCATTA-1,1,50,64,999.6990478114633,1257.794938248001
GTTTGGGCTTGTGAGC-1,1,51,65,987.0735815011099,1280.2530721106386
CTTGTCAACATTCGAG-1,1,50,66,974.0248898854804,1258.0381711820673
GGACCAACAGGATAAC-1,1,51,67,961.399423575127,1280.496305044705
AAGCTAGATCGAGTAA-1,1,50,68,948.3507319594971,1258.2814041161337
TACCGTGCCTCGGACC-1,1,51,69,935.7252656491437,1280.7395379787713
GTAGCCAAACATGGGA-1,1,50,70,922.6765740335136,1258.5246370502018
TGCCAGTACGTGGAGA-1,1,51,71,910.0511077231608,1280.9827709128394
ATAAGGTGGAGAACAT-1,1,50,72,897.0024161075307,1258.7678699842681
CTTTAATATTGGTCGA-1,1,51,73,884.3769497971775,1281.2260038469058
TGGTTCAACGGGTAAT-1,1,50,74,871.3282581815474,1259.0111029183345
GCTGCTACTGCGTAGC-1,1,51,75,858.7027918711947,1281.469236780972
CTGCACAACTACATAT-1,1,50,76,845.6541002555646,1259.2543358524026
ATATTCCACATAGTGA-1,1,51,77,833.0286339452114,1281.7124697150402
TGGCAAACTAAATTAC-1,1,50,78,819.9799423295813,1259.497568786469
ACCGCAATAACTGCCT-1,1,51,79,807.3544760192281,1281.9557026491066
TCGCACCAGGAGGCAG-1,1,50,80,794.3057844035984,1259.7408017205353
ACTTCAGGCTGATCCC-1,1,51,81,781.6803180932452,1282.198935583173
ACAAATCGCACCGAAT-1,1,50,82,768.6316264776151,1259.9840346546034
TCTGATGTATTCTGTC-1,1,51,83,756.0061601672619,1282.442168517241
CTTTACCGAATAGTAG-1,1,50,84,742.9574685516318,1260.2272675886697
GCAGATCCATAAGACT-1,1,51,85,730.332002241279,1282.6854014513074
TTCCTCGGACTAACCA-1,1,50,86,717.2833106256489,1260.470500522736
TTATCCGGGATCTATA-1,1,51,87,704.6578443152957,1282.9286343853755
CTGGAAGACACGGTGG-1,1,50,88,691.6091526996656,1260.7137334568042
GTTCGTCTAAAGAACT-1,1,51,89,678.9836863893129,1283.1718673194418
GTCTATTGGTTCCGGT-1,1,50,90,665.9349947736828,1260.9569663908705
CTAGGCGCCCTATCAG-1,1,51,91,653.3095284633296,1283.4151002535082
AACGGACGTACGTATA-1,1,50,92,640.2608368476995,1261.2001993249369
AACACACGCTCGCCGC-1,1,51,93,627.6353705373463,1283.6583331875763
GCTACTATAGTAGAGT-1,1,50,94,614.5866789217166,1261.443432259005
AGCATATCAATATGCT-1,1,51,95,601.9612126113634,1283.9015661216426
CGAACAGTATGGGCGT-1,1,50,96,588.9125209957333,1261.6866651930713
ACAATTGTGTCTCTTT-1,1,51,97,576.2870546853801,1284.144799055709
GATCGCTACCCGATTT-1,1,50,98,563.2383630697504,1261.9298981271377
ATTGCGATCAGTAACT-1,1,51,99,550.6128967593972,1284.3880319897771
CAGCAGTCCAGACTAT-1,1,50,100,537.5642051437671,1262.1731310612058
AGAGGCTTCGGAAACC-1,1,51,101,524.9387388334139,1284.6312649238434
AAACAAGTATCTCCCA-1,1,50,102,511.89004721778383,1262.4163639952721
GGCAGCAAACCTATGC-1,1,51,103,499.2645809074311,1284.8744978579098
ACTAGTTGCGATCGTC-1,1,50,104,486.215889291801,1262.6595969293385
TTGGACCATCTGGCAA-1,0,51,105,473.5904229814478,1285.117730791978
CCCTCCTCGCTCGTAT-1,0,50,106,460.54173136581767,1262.9028298634066
GAGCGCAAATACTCCG-1,0,51,107,447.9162650554649,1285.3609637260442
ATTACATGTCAGTCTT-1,0,50,108,434.8675734398348,1263.146062797473
TTGGGACGTAAGAGTT-1,0,51,109,422.2421071294816,1285.6041966601106
CTTCGGCCAATTGTTT-1,0,50,110,409.1934155138515,1263.3892957315393
AGACCGCTCCGCGGTT-1,0,51,111,396.5679492034983,1285.8474295941787
GACCGCGTCTGACGTG-1,0,50,112,383.51925758786865,1263.6325286656074
CCAAATAACAAGATTC-1,0,51,113,370.89379127751545,1286.090662528245
TCTTTAGAGTCTAACA-1,0,50,114,357.84509966188534,1263.8757615996738
CTCCCAATGAGTCGCG-1,0,51,115,345.21963335153214,1286.3338954623114
TAGTCTTTCCGAATTG-1,0,50,116,332.17094173590203,1264.118994533742
GAGTAAACCGGAAAGT-1,0,51,117,319.5454754255493,1286.5771283963795
GATCTCGACGCTGTGG-1,0,50,118,306.4967838099192,1264.3622274678082
CTGACATAGAAATAGA-1,0,51,119,293.871317499566,1286.8203613304458
TATACCGAGTGCCACA-1,0,50,120,280.82262588393587,1264.6054604018746
TCCGAACGTTGCCGCT-1,0,51,121,268.1971595735831,1287.0635942645122
GCAGAAGGTAATCTCC-1,0,50,122,255.14846795795302,1264.8486933359427
GGTACTAAGTGCTTTG-1,0,51,123,242.5230016475998,1287.3068271985803
CAGAATATTCGTTATC-1,0,50,124,229.4743100319697,1265.091926270009
TAATCAACCAAATGGG-1,0,51,125,216.8488437216165,1287.5500601326466
TCTGCTTAGAACAAGC-1,0,50,126,203.80015210598685,1265.3351592040754
AACTGAGTTATACTGA-1,0,51,127,191.17468579563365,1287.793293066713
CCTCAACGATCGCTGT-1,0,52,0,1821.6953267481992,1294.6845191490693
CGGTACGGCAAACCCA-1,0,53,1,1809.069860437846,1317.142653011707
CAGATGTTTGTCCCAA-1,0,52,2,1796.0211688222162,1294.9277520831356
GTTTGTTAGCCAAGTA-1,0,53,3,1783.395702511863,1317.3858859457732
ACGTGACAAAGTAAGT-1,0,52,4,1770.347010896233,1295.170985017202
TTGTCACCGCGGTATC-1,0,53,5,1757.7215445858797,1317.6291188798396
GATCTAACCGTATTCA-1,0,52,6,1744.67285297025,1295.41421795127
ATGGAAATTTAAGGAG-1,0,53,7,1732.0473866598966,1317.8723518139077
ATTGATCACCACATTT-1,0,52,8,1718.998695044267,1295.6574508853364
ACTGCTCGGAAGGATG-1,0,53,9,1706.3732287339135,1318.115584747974
TCTAAAGAACAGTCTC-1,0,52,10,1693.3245371182838,1295.9006838194027
CTGGGTTGAGTTAAAG-1,0,53,11,1680.6990708079304,1318.3588176820404
CCCAGTAAACTTGGGA-1,0,52,12,1667.6503791923005,1296.1439167534709
AGATTCACAACCGATA-1,0,53,13,1655.0249128819473,1318.6020506161085
AGAAGGTACACTTCAC-1,0,52,14,1641.9762212663175,1296.3871496875372
GCAGGAACTTAGATCT-1,0,53,15,1629.3507549559642,1318.8452835501748
AATCTAGGTTTACTTG-1,0,52,16,1616.3020633403344,1296.6303826216035
CCCGGTGTATCGGAAT-1,0,53,17,1603.6765970299812,1319.088516484243
TTATCCTCAAGGAATA-1,0,52,18,1590.6279054143513,1296.8736155556717
AGCATCATTTCGAAAG-1,0,53,19,1578.002439103998,1319.3317494183093
CGCGAGTCTGCCGGGT-1,0,52,20,1564.9537474883682,1297.116848489738
TGCGTCATGACTGAGC-1,0,53,21,1552.3282811780148,1319.5749823523756
GTATGAAATTTCACTC-1,0,52,22,1539.2795895623851,1297.3600814238043
TTGGTTGCGGTGCGCG-1,0,53,23,1526.6541232520317,1319.8182152864438
ACAGAACTGAGAACAA-1,0,52,24,1513.605431636402,1297.6033143578725
CTACTATCATAGGTTT-1,0,53,25,1500.9799653260486,1320.06144822051
CCTCTATCGATTAGCA-1,0,52,26,1487.931273710419,1297.8465472919388
CCGTATCTCGTCGTAG-1,0,53,27,1475.3058074000655,1320.3046811545764
TCACGATGTCCGTGGA-1,0,52,28,1462.2571157844357,1298.0897802260051
TCAACAAAGATAATTC-1,0,53,29,1449.6316494740825,1320.5479140886446
ATGACGCGTTCTATCC-1,0,52,30,1436.5829578584526,1298.3330131600733
ATTTGCGCGAGTAGCT-1,0,53,31,1423.9574915480994,1320.791147022711
TTCTTGGACGATCTGC-1,0,52,32,1410.9087999324695,1298.5762460941396
AGACGACGATGCCGCT-1,0,53,33,1398.2833336221163,1321.0343799567772
GGTCTCTGAATGGACT-1,0,52,34,1385.2346420064864,1298.819479028206
GCTCAATCCGTTTATT-1,0,53,35,1372.6091756961332,1321.2776128908454
CCAGAAAGCAACTCAT-1,0,52,36,1359.5604840805033,1299.062711962274
CACCGTTAGGGATCAC-1,0,53,37,1346.93501777015,1321.5208458249117
AATAACACTAGAACAA-1,0,52,38,1333.8863261545202,1299.3059448963404
CACCCGGTTTGTGACT-1,0,53,39,1321.2608598441668,1321.764078758978
CCACCAACTTTACTGT-1,0,52,40,1308.2121682285372,1299.5491778304067
AACTCTCAGTGTGCTC-1,0,53,41,1295.5867019181837,1322.0073116930462
AAACCGTTCGTCCAGG-1,0,52,42,1282.538010302554,1299.7924107644749
CAGCGATTCCCTTCAA-1,0,53,43,1269.9125439922007,1322.2505446271125
GCTAGCTTGAATAGCT-1,0,52,44,1256.8638523765708,1300.0356436985412
TTGCGGCATCAGAAAG-1,0,53,45,1244.2383860662176,1322.4937775611788
AATAGAACAGAGTGGC-1,0,52,46,1231.1896944505877,1300.2788766326075
GCCATCGAGCTGCGTG-1,0,53,47,1218.5642281402345,1322.737010495247
ACACTGATCAAGGTGT-1,0,52,48,1205.5155365246046,1300.5221095666757
ACCAACGCTTATTTAT-1,0,53,49,1192.8900702142514,1322.9802434293133
GACATCGATTTATAAC-1,0,52,50,1179.8413785986215,1300.765342500742
CAGACACCGATCGCTG-1,0,53,51,1167.2159122882683,1323.2234763633796
CCAAGAAAGTGGGCGA-1,0,52,52,1154.1672206726385,1301.0085754348102
GGTAGACCGTTGGGCG-1,0,53,53,1141.541754362285,1323.4667092974478
TCGTTAGGAGTCCCTA-1,0,52,54,1128.4930627466554,1301.2518083688765
ACGGCCAACATGGACT-1,0,53,55,1115.867596436302,1323.709942231514
GTGAGTGGTACAACGC-1,0,52,56,1102.8189048206723,1301.4950413029428
GAGACTTCGCGACCGA-1,1,53,57,1090.1934385103189,1323.9531751655804
GAAGTCAGTTGCACTA-1,1,52,58,1077.1447468946892,1301.738274237011
GTTTGGTAGGGTCAAC-1,1,53,59,1064.5192805843358,1324.1964080996486
ACGGCACTTGCTTGGG-1,1,52,60,1051.470588968706,1301.9815071710773
CCTCTGTACTATTCTA-1,1,53,61,1038.8451226583527,1324.439641033715
CTATTCATGTGTCCCA-1,1,52,62,1025.7964310427228,1302.2247401051436
GCCCGATCTGTGGTCG-1,1,53,63,1013.1709647323696,1324.6828739677812
TTAGAAGAACATGACT-1,1,52,64,1000.1222731167397,1302.4679730392118
AGGATAAAGTCGGGAT-1,1,53,65,987.4968068063863,1324.9261069018494
CGGCAAACATCGTGCG-1,1,52,66,974.4481151907569,1302.711205973278
CTAGTTACAACCCGGT-1,1,53,67,961.8226488804034,1325.1693398359157
TTCGACAGAGCCCGTG-1,1,52,68,948.7739572647736,1302.9544389073444
AAGCATACTCTCCTGA-1,1,53,69,936.1484909544201,1325.412572769982
GACGACGATCCGCGTT-1,1,52,70,923.09979933879,1303.1976718414126
GGTAGAAGACCGCCTG-1,1,53,71,910.4743330284373,1325.6558057040502
GAGATGGGAGTCGACA-1,1,52,72,897.4256414128072,1303.4409047754789
AACGATAATGCCGTAG-1,1,53,73,884.800175102454,1325.8990386381165
TGGTCCCACGCTACGG-1,1,52,74,871.7514834868239,1303.6841377095452
CTGCTTGGCGATAGCT-1,1,53,75,859.1260171764711,1326.1422715721828
ATCGGAGACAGACGGC-1,1,52,76,846.077325560841,1303.9273706436134
TAGCGTCCGGTGTGGT-1,1,53,77,833.4518592504878,1326.385504506251
GTTGAGTCCCGCCGGT-1,1,52,78,820.4031676348577,1304.1706035776797
AAATAGGGTGCTATTG-1,1,53,79,807.7777013245045,1326.6287374403173
AAGTGTTTGGAGACGG-1,1,52,80,794.7290097088749,1304.413836511746
AGCACTACCTCACCAG-1,1,53,81,782.1035433985217,1326.8719703743836
TGCCTTGGCCAGGCAA-1,1,52,82,769.0548517828915,1304.6570694458142
TCGTCTTAGGCGTTAA-1,1,53,83,756.4293854725383,1327.1152033084518
TTCTGACCGGGCTCAA-1,1,52,84,743.3806938569082,1304.9003023798805
CAGAACTTAGCCCTCT-1,1,53,85,730.7552275465555,1327.358436242518
AGCTCCTTCGCACATC-1,1,52,86,717.7065359309254,1305.1435353139468
ACAGGCTTGCCCGACT-1,1,53,87,705.0810696205722,1327.6016691765863
GCTATACGTCTCGGAC-1,1,52,88,692.0323780049421,1305.386768248015
GAGCCAGCTACCTGTG-1,1,53,89,679.4069116945893,1327.8449021106526
TGCTAAGTGTCTATTT-1,1,52,90,666.3582200789592,1305.6300011820813
GTCCTACGAATAGTCT-1,1,53,91,653.732753768606,1328.088135044719
CAGTGTCGGCTGGCCC-1,1,52,92,640.6840621529759,1305.8732341161476
CTATCGACGAAATACA-1,1,53,93,628.0585958426227,1328.331367978787
CATCATTACCCTGAGG-1,1,52,94,615.0099042269931,1306.1164670502158
TAAGTTGCGACGTAGG-1,1,53,95,602.3844379166399,1328.5746009128534
AGTGCACGCTTAAGAA-1,1,52,96,589.3357463010097,1306.359699984282
TGTGCCGGTGCCGGAA-1,1,53,97,576.7102799906565,1328.8178338469197
AGGAGGCCTTCGCGCG-1,1,52,98,563.6615883750269,1306.6029329183484
TCCGCGGCCCAATGAA-1,1,53,99,551.0361220646737,1329.0610667809879
TCCGTTAAGCTAATAT-1,1,52,100,537.9874304490436,1306.8461658524166
AAATCTAGCCCTGCTA-1,1,53,101,525.3619641386904,1329.3042997150542
CGCAGGCGATCCAAAC-1,1,52,102,512.3132725230603,1307.089398786483
CCATATGGAAACTATA-1,1,53,103,499.6878062127075,1329.5475326491205
CACCGTATCCCATCCG-1,0,52,104,486.6391145970774,1307.3326317205492
GGTCAAGACTACTTCG-1,0,53,105,474.0136482867242,1329.7907655831887
CCCGTTTCGCAGATGT-1,0,52,106,460.9649566710941,1307.5758646546174
GTTATAATACGGTGAA-1,0,53,107,448.33949036074137,1330.033998517255
ACTTGTGGATGGAACG-1,0,52,108,435.29079874511126,1307.8190975886837
GTTCGCTGAGACGTCT-1,0,53,109,422.66533243475806,1330.2772314513213
GACACTGGAACCCGAT-1,0,52,110,409.61664081912795,1308.06233052275
CCCAGGTCTGAAGGCT-1,0,53,111,396.99117450877475,1330.5204643853895
TCTCGAGGAGGTTCGC-1,0,52,112,383.9424828931451,1308.3055634568182
ACTATCTGCCCGCGTA-1,0,53,113,371.3170165827919,1330.7636973194558
CCTAAATTGTATCCTA-1,0,52,114,358.2683249671618,1308.5487963908845
AGAAATTATGACTCGC-1,0,53,115,345.6428586568086,1331.0069302535221
TCCAGCGCTATAAGCG-1,0,52,116,332.5941670411785,1308.7920293249526
TCGTGTATTGGTCACG-1,0,53,117,319.96870073082573,1331.2501631875903
CCACATACTGCACCCA-1,0,52,118,306.9200091151956,1309.035262259019
GTTGCGGACGGTCAGG-1,0,53,119,294.2945428048424,1331.4933961216566
GTATTTAATGGCATAA-1,0,52,120,281.2458511892123,1309.2784951930853
GTCGATAGGTGACTTT-1,0,53,121,268.62038487885957,1331.736629055723
AATAATCTTCGTATCG-1,0,52,122,255.57169326322946,1309.5217281271534
ATTGTTCAACGATCCG-1,0,53,123,242.94622695287626,1331.979861989791
GTGCAGCGTAGAGTAG-1,0,52,124,229.89753533724615,1309.7649610612198
TGTGGTAGGGTGCCTT-1,0,53,125,217.27206902689295,1332.2230949238574
TGTGGACTATCTACGT-1,0,52,126,204.2233774112633,1310.008193995286
GGCGGGCTCTAAGAGT-1,0,53,127,191.5979111009101,1332.4663278579237
TGTGCCAGAGGCAAAG-1,0,54,0,1822.1185520534757,1339.35755394028
TGGCTTATGTATAATG-1,0,55,1,1809.4930857431225,1361.8156878029176
GCAAGCTGGAAACCGC-1,0,54,2,1796.4443941274926,1339.6007868743463
GATATCAAGCAGGAGC-1,0,55,3,1783.8189278171394,1362.058920736984
CACCAATCATCCGTCT-1,0,54,4,1770.7702362015095,1339.8440198084127
CCACATGGCTCTTTAT-1,0,55,5,1758.144769891156,1362.3021536710503
GTCCTACTCTACGGGC-1,0,54,6,1745.0960782755265,1340.0872527424808
CTCGAGACATACGATA-1,0,55,7,1732.470611965173,1362.5453866051184
TATCAGTGGCGTAGTC-1,0,54,8,1719.4219203495434,1340.3304856765471
TGACAGGACAAGTCCA-1,0,55,9,1706.79645403919,1362.7886195391848
TATTAACACCAAAGCA-1,0,54,10,1693.7477624235603,1340.5737186106135
TAGGCGATGAGGTCTC-1,0,55,11,1681.1222961132069,1363.031852473251
CCGCCGGAACTTCTCG-1,0,54,12,1668.073604497577,1340.8169515446816
GCCATTAGCCTCAAAC-1,0,55,13,1655.4481381872238,1363.2750854073192
GTTAGGCTACCCGTTT-1,0,54,14,1642.399446571594,1341.060184478748
GGGTATTCTAGCAAAC-1,0,55,15,1629.7739802612407,1363.5183183413856
GCCCTAGCCGTCGCGA-1,0,54,16,1616.7252886456108,1341.3034174128143
CAGATCCTGGTTTGAA-1,0,55,17,1604.0998223352576,1363.7615512754537
CTTCAGTGGTCGCCTA-1,0,54,18,1591.0511307196277,1341.5466503468824
GGGCAACCGCACGTGC-1,0,55,19,1578.4256644092745,1364.00478420952
GACCCAATTATGATAC-1,0,54,20,1565.3769727936447,1341.7898832809487
GAAGCTCGGACCCGTC-1,0,55,21,1552.7515064832912,1364.2480171435864
CGTCGGGTCTAAGCGC-1,0,54,22,1539.7028148676616,1342.033116215015
GAGGCCCGACTCCGCA-1,0,55,23,1527.0773485573081,1364.4912500776545
TTGCCATAGCCCGCTC-1,0,54,24,1514.0286569416785,1342.2763491490832
TAACATACACGCGATC-1,0,55,25,1501.403190631325,1364.7344830117208
CCGACGGGCATGAGGT-1,0,54,26,1488.3544990156954,1342.5195820831495
AATGTGCCCGAGGTGT-1,0,55,27,1475.729032705342,1364.9777159457872
AGCTGTAACCTCAATC-1,0,54,28,1462.680341089712,1342.7628150172159
CGAGTGAAGGTACCAG-1,0,55,29,1450.054874779359,1365.2209488798553
AGTCTCACAAGACTAC-1,0,54,30,1437.006183163729,1343.006047951284
AAATTGATAGTCCTTT-1,0,55,31,1424.3807168533758,1365.4641818139216
TAAGTCGCCGAGTATC-1,0,54,32,1411.332025237746,1343.2492808853503
GCGGAGAAACTTCGCA-1,0,55,33,1398.7065589273927,1365.707414747988
GGCAAAGGCGCCAATA-1,0,54,34,1385.6578673117629,1343.4925138194167
ATTTCCGGGTTCTGCG-1,0,55,35,1373.0324010014097,1365.9506476820561
TAAACCCAGGAGGGCA-1,0,54,36,1359.9837093857798,1343.7357467534848
TTCGGGCGCTAGTCTT-1,0,55,37,1347.3582430754263,1366.1938806161224
GTGGAGTCGGCGGTTG-1,0,54,38,1334.3095514597967,1343.9789796875511
GCACGCCTACTTAGAT-1,0,55,39,1321.6840851494433,1366.4371135501888
CAATATTCTTGACCTA-1,0,54,40,1308.6353935338136,1344.2222126216175
CGTTTGTGTAGAGGGT-1,0,55,41,1296.0099272234602,1366.680346484257
CATAGCGTTGCCCACC-1,0,54,42,1282.9612356078305,1344.4654455556856
TGATACATTTAGCCGT-1,0,55,43,1270.335769297477,1366.9235794183232
TTCCGGCCTTGAGGCT-1,0,54,44,1257.2870776818472,1344.708678489752
CCTATACCGTCCTGTC-1,0,55,45,1244.661611371494,1367.1668123523896
TCGTTGCTATCCGGTC-1,0,54,46,1231.6129197558641,1344.9519114238183
TGGCGACTGCTCCAAA-1,0,55,47,1218.987453445511,1367.4100452864577
CAGAGGCGATGCATGA-1,0,54,48,1205.938761829881,1345.1951443578864
TCACAGGAGAATAAGA-1,0,55,49,1193.3132955195279,1367.653278220524
GGGTTAACATTTGAGT-1,0,54,50,1180.264603903898,1345.4383772919527
GCGGGCGAGCCTTACC-1,0,55,51,1167.6391375935448,1367.8965111545904
TGCCAATGGGTACTCT-1,0,54,52,1154.590445977915,1345.681610226021
AGGGACTCTACGCGAC-1,0,55,53,1141.9649796675615,1368.1397440886585
GACGCCGTAAAGGCTA-1,0,54,54,1128.9162880519318,1345.9248431600872
AAAGGCTCTCGCGCCG-1,1,55,55,1116.2908217415784,1368.3829770227248
CTGGCTGGTTGTCAGT-1,1,54,56,1103.2421301259487,1346.1680760941535
ACATCCCGGCCATACG-1,0,55,57,1090.6166638155953,1368.6262099567912
CTCTTGTCCCGCTTGG-1,1,54,58,1077.5679721999657,1346.4113090282217
TACGCCTCCATTCCGA-1,1,55,59,1064.9425058896122,1368.8694428908593
CGGAGCAATTTAATCG-1,1,54,60,1051.8938142739823,1346.654541962288
AACTAGGCTTGGGTGT-1,1,55,61,1039.2683479636291,1369.1126758249256
GCGTCGCCAGGGTGAT-1,1,54,62,1026.2196563479993,1346.8977748963543
GTTGGTCATGCTATCC-1,1,55,63,1013.5941900376461,1369.355908758992
GCTGGCGGCGCATGCT-1,1,54,64,1000.5454984220162,1347.1410078304225
TGAGCGGAAAGTGTTC-1,1,55,65,987.9200321116627,1369.5991416930601
CTTTCTGTGCGGGCTT-1,1,54,66,974.8713404960333,1347.3842407644888
ATCTAATATCCTACGG-1,1,55,67,962.2458741856799,1369.8423746271264
AACCTTTAAATACGGT-1,1,54,68,949.19718257005,1347.6274736985551
TTCACTCGAGCACCTA-1,1,55,69,936.5717162596966,1370.0856075611928
CTGCACTCCAGTACAG-1,1,54,70,923.5230246440665,1347.8707066326233
CCATTTCTACCTATTA-1,1,55,71,910.8975583337137,1370.328840495261
CAAGCGGCACATAATT-1,1,54,72,897.8488667180836,1348.1139395666896
GTTAACATCACTTAAA-1,1,55,73,885.2234004077304,1370.5720734293272
ATATAAATGTAGCTGC-1,1,54,74,872.1747087921003,1348.357172500756
GCCTCTATACATAGCA-1,1,55,75,859.5492424817476,1370.8153063633936
GTGTCGTATAGCGTTC-1,1,54,76,846.5005508661175,1348.600405434824
ATACGTACTTAGCCAC-1,1,55,77,833.8750845557643,1371.0585392974617
GCTATCATACTCATGG-1,1,54,78,820.8263929401342,1348.8436383688904
TATCCAATTGGTTATC-1,1,55,79,808.200926629781,1371.301772231528
TCTCCCTGGGCAGCGT-1,1,54,80,795.1522350141513,1349.0868713029568
CCTATAATGAGTGCCC-1,1,55,81,782.5267687037981,1371.5450051655944
CAATGCGAGAAGTATC-1,1,54,82,769.478077088168,1349.330104237025
TACCAATAAAGTACCA-1,1,55,83,756.8526107778148,1371.7882380996625
GCTAGGCACCACGGAG-1,1,54,84,743.8039191621847,1349.5733371710912
GGTGGACTGCTCTGGC-1,1,55,85,731.1784528518319,1372.0314710337288
TATTCCGAGCTGTTAT-1,1,54,86,718.1297612362018,1349.8165701051576
TTGAGAAGTTTAGCAT-1,1,55,87,705.5042949258486,1372.274703967797
GTCCGGACCTGAAATT-1,1,54,88,692.4556033102185,1350.0598030392257
CTGTGGTCGGGAGATA-1,1,55,89,679.8301369998658,1372.5179369018633
CATGTAAGAGACATTT-1,1,54,90,666.7814453842357,1350.303035973292
CACGTTTCGTACACAC-1,1,55,91,654.1559790738825,1372.7611698359296
CATCCTCTCAAAGATC-1,1,54,92,641.1072874582524,1350.5462689073584
GATTAACCGAAAGCCC-1,1,55,93,628.4818211478992,1373.0044027699978
AACGCTGTTGCTGAAA-1,1,54,94,615.4331295322695,1350.7895018414265
TTCAGCTGGCGTGCCC-1,1,55,95,602.8076632219163,1373.2476357040641
TAGAGGTTCTACTTGT-1,1,54,96,589.7589716062862,1351.0327347754928
GTATCAAACGTTAGCT-1,1,55,97,577.133505295933,1373.4908686381305
AATCATGTAAAGACTC-1,1,54,98,564.0848136803033,1351.2759677095592
AGTCACTAGCTCTCGA-1,1,55,99,551.4593473699501,1373.7341015721986
GCGAAACGATCGGGAG-1,0,54,100,538.41065575432,1351.5192006436273
CATGGATTGTCTTCCG-1,0,55,101,525.7851894439668,1373.977334506265
ATTGGATTACAGCGTA-1,0,54,102,512.7364978283367,1351.7624335776936
CACACACGCTAACGAG-1,0,55,103,500.111031517984,1374.2205674403313
CTATGGGAAGCGGAAT-1,0,54,104,487.06233990235387,1352.00566651176
TGCCTAATTGAAGATT-1,0,55,105,474.43687359200067,1374.4638003743994
TGGCAATGGGACGGCG-1,0,54,106,461.38818197637056,1352.248899445828
ACCTCCGCCCTCGCTG-1,0,55,107,448.7627156660178,1374.7070333084657
CGGCAATAAGATCGCC-1,0,54,108,435.7140240503877,1352.4921323798944
CCTTGACCACTTTATT-1,0,55,109,423.0885577400345,1374.950266242532
TCATTTAGAAGTGTGA-1,0,54,110,410.0398661244044,1352.7353653139608
CAGAATAACACACGGA-1,0,55,111,397.4143998140512,1375.1934991766002
TCTGAGCAATTGACTG-1,0,54,112,384.36570819842154,1352.978598248029
CAACGTGGTGGAGTCT-1,0,55,113,371.74024188806834,1375.4367321106665
CACAGTTCGCTTCCCA-1,0,54,114,358.69155027243823,1353.2218311820952
TCTCTCGCCGCACATA-1,0,55,115,346.06608396208503,1375.6799650447329
TGGGCAGGCCACCGCA-1,0,54,116,333.0173923464549,1353.4650641161634
CTCCTGTTCAAGGCAG-1,0,55,117,320.3919260361022,1375.923197978801
TATTTGATTTGCACAG-1,0,54,118,307.3432344204721,1353.7082970502297
GCCACTCCTTACGGTA-1,0,55,119,294.71776811011887,1376.1664309128673
ACCGATATTTAATCAT-1,0,54,120,281.66907649448876,1353.951529984296
TTATTATCTGGAAGGC-1,0,55,121,269.043610184136,1376.4096638469337
TACATGCCGGAATTGT-1,0,54,122,255.9949185685059,1354.1947629183642
GGCACTCAGCCGACCC-1,0,55,123,243.3694522581527,1376.6528967810018
AAACCGGAAATGTTAA-1,0,54,124,230.3207606425226,1354.4379958524305
AGACAGGCATCTCAGC-1,0,55,125,217.6952943321694,1376.8961297150681
GTGGTGATGGTTTGTG-1,0,54,126,204.64660271653975,1354.6812287864968
CCGATATGACGTAAGG-1,0,55,127,192.02113640618654,1377.1393626491345
CATACACAAAGTCAGC-1,0,56,0,1822.5417773587521,1384.0305887314908
TGCCGTTCTTAATCGG-1,0,57,1,1809.916311048399,1406.4887225941284
TCGAGTCTACGATTCG-1,0,56,2,1796.867619432769,1384.273821665557
ACTTCCAGTGGAAGCT-1,0,57,3,1784.2421531224159,1406.7319555281947
CAATTGGGCCGCACTC-1,0,56,4,1771.193461506786,1384.5170545996234
AAATCGCGGAAGGAGT-1,0,57,5,1758.5679951964325,1406.975188462261
ATATCAATTCCAGCCT-1,0,56,6,1745.519303580803,1384.7602875336916
CTTTGTCGAATGCTCC-1,0,57,7,1732.8938372704495,1407.2184213963292
TGAGGCATGTACTGTG-1,0,56,8,1719.8451456548198,1385.0035204677579
TTCGCCGCTCGCGCTA-1,0,57,9,1707.2196793444664,1407.4616543303955
GACTCCTTCCAATTGA-1,0,56,10,1694.1709877288367,1385.2467534018242
ACCGAAGAGTCTGGTT-1,0,57,11,1681.5455214184833,1407.7048872644618
TGGCATGAAGTTTGGG-1,0,56,12,1668.4968298028534,1385.4899863358924
ACGAGGTTTACAACGT-1,0,57,13,1655.8713634925002,1407.94812019853
AACCCATCCCATGATC-1,0,56,14,1642.8226718768703,1385.7332192699587
TCGACAACTGAACCCG-1,0,57,15,1630.1972055665171,1408.1913531325963
TATCTTGCAATACAAC-1,0,56,16,1617.1485139508873,1385.976452204025
TATTATGTTTGCCTGC-1,0,57,17,1604.523047640534,1408.4345860666645
GTCAAAGAAGTGGTGT-1,0,56,18,1591.4743560249042,1386.2196851380932
GGGACAGAGTTACTCC-1,0,57,19,1578.848889714551,1408.6778190007308
AGCAACCGAAAGTAAT-1,0,56,20,1565.800198098921,1386.4629180721595
CTCTCTAACTGCCTAG-1,0,57,21,1553.1747317885677,1408.921051934797
ATACGGAACGTCGTTT-1,0,56,22,1540.126040172938,1386.7061510062258
TCGGTCCCGACAATAG-1,0,57,23,1527.5005738625846,1409.1642848688653
CGCGCAAATGTCCAGA-1,0,56,24,1514.451882246955,1386.949383940294
TCTAATACTGCCTCAG-1,0,57,25,1501.8264159366015,1409.4075178029316
CTCGGTTGTCGGCCCT-1,0,56,26,1488.7777243209719,1387.1926168743603
GGTAACCGGGAGGATA-1,0,57,27,1476.1522580106184,1409.650750736998
CAGGCGCACGGTGGTC-1,0,56,28,1463.1035663949885,1387.4358498084266
TCATCGATGGTCCCAA-1,0,57,29,1450.4781000846353,1409.893983671066
CAAAGATTATTGGGCC-1,0,56,30,1437.4294084690055,1387.6790827424948
ACAATGAATACGGAGA-1,0,57,31,1424.8039421586523,1410.1372166051324
GCTCCTGACATACTGG-1,0,56,32,1411.7552505430224,1387.922315676561
GATGACAAGTAGGGCA-1,0,57,33,1399.1297842326692,1410.3804495391987
TACGCCGAGGGTACCC-1,0,56,34,1386.0810926170393,1388.1655486106274
AAGCGTCCCTCATCGA-1,0,57,35,1373.455626306686,1410.6236824732669
CACTCCTATGTAAGAT-1,0,56,36,1360.4069346910562,1388.4087815446956
TCGAGCCAGGCAGGCC-1,0,57,37,1347.7814683807028,1410.8669154073332
TCGTCAAGTACGCGCA-1,0,56,38,1334.7327767650731,1388.6520144787619
CCCGTAGCTGGGAAGA-1,0,57,39,1322.1073104547197,1411.1101483413995
ACCCTATGCCATATCG-1,0,56,40,1309.05861883909,1388.8952474128282
GTGGTATAGTCTGCCG-1,0,57,41,1296.4331525287366,1411.3533812754677
CCGGTTTGTAATTGTG-1,0,56,42,1283.384460913107,1389.1384803468964
GTCGCCGTTGTGTGTT-1,0,57,43,1270.7589946027535,1411.596614209534
TACTGAACAGATTTAG-1,0,56,44,1257.7103029871237,1389.3817132809627
TATTAACCTGACCGCG-1,0,57,45,1245.0848366767705,1411.8398471436003
CTGTAGCCATCTCACT-1,0,56,46,1232.0361450611406,1389.624946215029
TACTATGGTTCCTCAG-1,0,57,47,1219.4106787507874,1412.0830800776685
GAGTCAGACCAGAATC-1,0,56,48,1206.3619871351575,1389.8681791490972
TAAGGCATAACATCAA-1,0,57,49,1193.7365208248043,1412.3263130117348
CTTCCGCTCCGTGAAG-1,0,56,50,1180.6878292091744,1390.1114120831635
GGGCTATGATCGATGG-1,0,57,51,1168.0623628988212,1412.569545945801
GGTCGGTCGTCCACAG-1,0,56,52,1155.0136712831913,1390.3546450172316
GGGACCCGTATATCTT-1,0,57,53,1142.388204972838,1412.8127788798693
GAAAGCAGTGCACTTT-1,0,56,54,1129.3395133572083,1390.597877951298
AGCGCATAATGAATCG-1,1,57,55,1116.7140470468548,1413.0560118139356
GCTGCTAAGTAGTCGA-1,1,56,56,1103.6653554312252,1390.8411108853643
AATAGTCCGTCCCGAC-1,1,57,57,1091.0398891208717,1413.299244748002
AGCAGCCAGATGAATA-1,1,56,58,1077.991197505242,1391.0843438194324
CCTCGCGCTGTGCGAT-1,1,57,59,1065.3657311948887,1413.54247768207
TTGTGTATGCCACCAA-1,1,56,60,1052.3170395792588,1391.3275767534988
TGCTCGGCGAAACCCA-1,1,57,61,1039.6915732689056,1413.7857106161364
CGATTAAATATCTCCT-1,1,56,62,1026.6428816532757,1391.570809687565
TGCCGTGGATCGTCCT-1,0,57,63,1014.0174153429225,1414.0289435502027
GTGGACGCATTTGTCC-1,1,56,64,1000.9687237272926,1391.8140426216332
ACCCGGAAACTCCCAG-1,1,57,65,988.3432574169392,1414.2721764842709
CCGCATGTGGTACGAT-1,1,56,66,975.2945658013098,1392.0572755556996
GCAAACCTTGGCCATA-1,1,57,67,962.6690994909563,1414.5154094183372
ATTCACTGATGTTGGA-1,1,56,68,949.6204078753265,1392.300508489766
ACTCCCTAATGCTAAA-1,1,57,69,936.994941564973,1414.7586423524035
TCCTAAATTGGGAAGC-1,1,56,70,923.9462499493434,1392.543741423834
GAACAGATTACTAAAT-1,1,57,71,911.3207836389902,1415.0018752864717
ATACAGGCCCTCCAAT-1,1,56,72,898.2720920233605,1392.7869743579004
CGATTCGCCTGGCTGC-1,1,57,73,885.6466257130069,1415.245108220538
TCCGCCTGTCTACAAG-1,1,56,74,872.5979340973772,1393.0302072919667
CACATCTCACCGACGA-1,1,57,75,859.972467787024,1415.4883411546043
CGTCGTCCTTCGCGAA-1,1,56,76,846.9237761713944,1393.2734402260348
CGTTGAATACCGCGCT-1,1,57,77,834.2983098610407,1415.7315740886725
ACCAATATGCAAGTTA-1,1,56,78,821.249618245411,1393.5166731601012
ACGGATGGTGCGGATA-1,1,57,79,808.6241519350574,1415.9748070227388
CACCCTAACAAGATCT-1,1,56,80,795.5754603194282,1393.7599060941675
AAGCTCTTTCATGGTG-1,1,57,81,782.9499940090745,1416.2180399568051
CATGGGTATGCCTTAT-1,1,56,82,769.9013023934449,1394.0031390282356
GCGCGTCATTGGTACA-1,1,57,83,757.2758360830912,1416.4612728908733
TCTGAAGCACGTGGTC-1,1,56,84,744.2271444674616,1394.246371962302
AAGTTCACTCCAAGCT-1,1,57,85,731.6016781571084,1416.7045058249396
TTGGACCTATAACAGT-1,1,56,86,718.5529865414787,1394.4896048963683
ATCAGCCTCATGCTGC-1,1,57,87,705.9275202311251,1416.9477387590077
AGTACTCTTATGCCCA-1,1,56,88,692.8788286154954,1394.7328378304364
GCGCTTAAATAATTGG-1,1,57,89,680.2533623051422,1417.190971693074
TTGTGAACCTAATCCG-1,1,56,90,667.2046706895126,1394.9760707645028
AGTCGTCGACCACCAA-1,1,57,91,654.5792043791589,1417.4342046271404
TCCTTTAAATCCGCTT-1,1,56,92,641.5305127635293,1395.219303698569
ACTGAAACGCCGTTAG-1,1,57,93,628.9050464531756,1417.6774375612085
GCACACACTGGTAGCC-1,1,56,94,615.8563548375464,1395.4625366326372
TAAGGGCCTGTCCGAT-1,1,57,95,603.2308885271927,1417.9206704952749
GCTAGAGTAGAGATGT-1,1,56,96,590.1821969115631,1395.7057695667036
CACAGGGCCATATAGT-1,1,57,97,577.5567306012094,1418.1639034293412
CCATGCCCTAGATTTC-1,1,56,98,564.5080389855802,1395.94900250077
TCGCGTAGCAGTGTCC-1,1,57,99,551.8825726752266,1418.4071363634093
GACGAGGCTAATAAAC-1,1,56,100,538.8338810595969,1396.192235434838
CTACACTCGCAGATGG-1,0,57,101,526.2084147492433,1418.6503692974757
ACGCATACGTTTACTA-1,0,56,102,513.1597231336136,1396.4354683689044
GGAGCAACATTTCAAG-1,0,57,103,500.5342568232604,1418.893602231542
CGAGAGGGTAGCCGCG-1,0,56,104,487.48556520763077,1396.6787013029707
TCGTGTTCGACCACAA-1,0,57,105,474.8600988972771,1419.1368351656101
TCTACCCAATAGAGAG-1,0,56,106,461.81140728164746,1396.9219342370388
ATAAACGTTGCACCAC-1,0,57,107,449.18594097129426,1419.3800680996765
TCAACTGCAGAGTCAG-1,0,56,108,436.1372493556646,1397.1651671711052
AGCTCCATATATGTTC-1,0,57,109,423.51178304531095,1419.6233010337428
GTAACATCTAAGATAA-1,0,56,110,410.4630914296813,1397.4084001051715
CCGACAATAGGCCGCC-1,0,57,111,397.83762511932764,1419.866533967811
ATGCTTAGGAGTTGAT-1,0,56,112,384.78893350369844,1397.6516330392396
AACCCGAGCAGAATCG-1,0,57,113,372.1634671933448,1420.1097669018773
CGGGTTTGTTAGGGCT-1,0,56,114,359.11477557771514,1397.894865973306
AGGCACGTGACTGTCC-1,0,57,115,346.4893092673615,1420.3529998359436
GACAAGAGATGAGATT-1,0,56,116,333.4406176517318,1398.1380989073741
AGCCCTTGGACATCCC-1,0,57,117,320.8151513413786,1420.5962327700117
GCAGTTCGATCCGAGC-1,0,56,118,307.766459725749,1398.3813318414404
TCGAGGGCAACAGACG-1,0,57,119,295.1409934153953,1420.839465704078
ACTTTGTCGACGCACT-1,0,56,120,282.09230179976566,1398.6245647755068
GAGTATCAAAGTTACA-1,0,57,121,269.46683548941246,1421.0826986381444
CCAGGCTGGCGTCTGA-1,0,56,122,256.4181438737828,1398.867797709575
GGACTCTTCCGGTTGA-1,0,57,123,243.79267756342915,1421.3259315722125
TCCCAGCACACGACAT-1,0,56,124,230.7439859477995,1399.1110306436412
GCTCCATGAGTGCAGA-1,0,57,125,218.11851963744584,1421.5691645062789
GCAGTGCGGGCGGATG-1,0,56,126,205.06982802181665,1399.3542635777076
GCGTTCTGACTAAGCG-1,0,57,127,192.444361711463,1421.8123974403452
ATTTGGAGATTGCGGT-1,0,58,0,1822.9650026640286,1428.7036235227015
AAGGGTTTGATTTCAG-1,0,59,1,1810.3395363536754,1451.1617573853391
CCGGCCGCGAGCATAT-1,0,58,2,1797.2908447380455,1428.9468564567678
GAGTTCTGTGGGTGCT-1,0,59,3,1784.6653784276923,1451.4049903194054
AAACGAAGATGGAGTA-1,0,58,4,1771.6166868120624,1429.1900893908341
AATTACGAGACCCATC-1,0,59,5,1758.991220501709,1451.6482232534718
CCTTTGAATTATGGCT-1,0,58,6,1745.9425288860793,1429.4333223249023
CATGGTATTAGTTTGT-1,0,59,7,1733.317062575726,1451.89145618754
AACGAAAGTCGTCCCA-1,0,58,8,1720.2683709600963,1429.6765552589686
ACATAAGTCGTGGTGA-1,0,59,9,1707.6429046497428,1452.1346891216062
GCACAACCTCGGGCGT-1,0,58,10,1694.5942130341132,1429.919788193035
ATGCACGCGCTGTTCA-1,0,59,11,1681.9687467237598,1452.3779220556726
CGATGTTGTTATCTAC-1,0,58,12,1668.9200551081299,1430.163021127103
GTCTCCTGCCAGTATG-1,0,59,13,1656.2945887977767,1452.6211549897407
GATGCCTTCTGCGGCA-1,0,58,14,1643.2458971821468,1430.4062540611694
ACCGGTCAGGTACACC-1,0,59,15,1630.6204308717936,1452.864387923807
GTGGAGCGTTTACCGA-1,0,58,16,1617.5717392561637,1430.6494869952357
AGGCGGTTTGTCCCGC-1,0,59,17,1604.9462729458105,1453.1076208578752
TCCCTGGCGTATTAAC-1,0,58,18,1591.8975813301806,1430.892719929304
AAACACCAATAACTGC-1,0,59,19,1579.2721150198274,1453.3508537919415
TGGACGCAATCCAGCC-1,0,58,20,1566.2234234041975,1431.1359528633702
GGAACCTTGACTCTGC-1,0,59,21,1553.5979570938441,1453.5940867260078
GTATCTCAGTCTTGAC-1,0,58,22,1540.5492654782145,1431.3791857974365
GCTGAATCTTCCAATC-1,0,59,23,1527.923799167861,1453.837319660076
AGATGCAAGACGTGCA-1,0,58,24,1514.8751075522314,1431.6224187315047
TTAAGGCCCGTACTTT-1,0,59,25,1502.249641241878,1454.0805525941423
AGTATGCTGGAGACCA-1,0,58,26,1489.2009496262483,1431.865651665571
GCGGCAAAGTATTGCC-1,0,59,27,1476.5754833158949,1454.3237855282086
GCGCAAATATATTCAA-1,0,58,28,1463.526791700265,1432.1088845996373
GAAGAAACGATATTGT-1,0,59,29,1450.9013253899118,1454.5670184622768
GGACCTCTAGGCCGCC-1,0,58,30,1437.852633774282,1432.3521175337055
AACAGCTGTGTGGCAA-1,0,59,31,1425.2271674639287,1454.8102513963431
TCGAATATCCCGCAGG-1,0,58,32,1412.1784758482988,1432.5953504677718
GCGACCCAACCATCTG-1,0,59,33,1399.5530095379456,1455.0534843304094
AGAGAAGGAGTACAAT-1,0,58,34,1386.5043179223157,1432.8385834018382
GGCTCCTCCACCTGTT-1,0,59,35,1373.8788516119625,1455.2967172644776
TCAGTGTATACGTCAT-1,0,58,36,1360.8301599963327,1433.0818163359063
ATTATTATGTCCGTCA-1,0,59,37,1348.2046936859792,1455.539950198544
TTAGGTCATAACCGAC-1,0,58,38,1335.1560020703496,1433.3250492699726
AAGATGGCACCGGACC-1,0,59,39,1322.5305357599962,1455.7831831326102
CTACAAGAAATAACCC-1,0,58,40,1309.4818441443665,1433.568282204039
ACTATTTCCGGGCCCA-1,0,59,41,1296.856377834013,1456.0264160666784
TTGTTTCACATCCAGG-1,0,58,42,1283.8076862183834,1433.811515138107
CGCTGTGTGGATGTTG-1,0,59,43,1271.18221990803,1456.2696490007447
TCAACATAGCGCCCTA-1,0,58,44,1258.1335282924001,1434.0547480721734
GGCCGTTTGGGTTTCA-1,0,59,45,1245.508061982047,1456.512881934811
TACTCTTTCGTCTTCA-1,0,58,46,1232.459370366417,1434.2979810062398
TTCGCGCGCCATACGA-1,0,59,47,1219.8339040560638,1456.7561148688792
CGGAAAGAATCAAACG-1,0,58,48,1206.785212440434,1434.541213940308
AGGCAGGGAGCGTACT-1,0,59,49,1194.1597461300807,1456.9993478029455
CCTTTAAGGGAGCACT-1,0,58,50,1181.1110545144509,1434.7844468743742
CGCCCAGCACGCCTAG-1,0,59,51,1168.4855882040977,1457.2425807370118
AGTATTTGGCACGACC-1,0,58,52,1155.4368965884678,1435.0276798084424
TATCCGCACCGTCGGG-1,0,59,53,1142.8114302781144,1457.48581367108
ACCCGTGTCATCAGTA-1,1,58,54,1129.7627386624847,1435.2709127425087
CAACTGCTCATCCGAT-1,1,59,55,1117.1372723521313,1457.7290466051463
CCGGAGCGTACTTTCT-1,1,58,56,1104.0885807365016,1435.514145676575
TACCGTAGGTTAACTA-1,1,59,57,1091.4631144261482,1457.9722795392126
TGAGGAGTGCCAGCTT-1,1,58,58,1078.4144228105185,1435.7573786106432
CCAGTCTTGTCATAGA-1,1,59,59,1065.788956500165,1458.2155124732808
GGGCAGAGCAATCGTT-1,1,58,60,1052.7402648845352,1436.0006115447095
TACCAAATAGCCCAGA-1,1,59,61,1040.114798574182,1458.4587454073471
TACCTACTCCCAGTAT-1,1,58,62,1027.0661069585522,1436.2438444787758
TGTGAGACTAGCCCAA-1,1,59,63,1014.440640648199,1458.7019783414135
ATACCTAACCAAGAAA-1,1,58,64,1001.3919490325691,1436.487077412844
GTCGGGAAGCAGAAAC-1,1,59,65,988.7664827222156,1458.9452112754816
AATTAACGGATTTCCA-1,1,58,66,975.7177911065862,1436.7303103469103
GAACCCTCTGTGTTCT-1,1,59,67,963.0923247962328,1459.188444209548
ATATAAAGCGCTCGTG-1,1,58,68,950.0436331806029,1436.9735432809766
CCTGGTCGAATGTGGG-1,1,59,69,937.4181668702495,1459.4316771436143
CTAGGTTCGGACGTGA-1,1,58,70,924.3694752546198,1437.2167762150448
TCGGGAGACAGCGTAC-1,1,59,71,911.7440089442666,1459.6749100776824
CATAAGAAGCTTGGCT-1,1,58,72,898.695317328637,1437.460009149111
AAGCACCCTGCGTATC-1,1,59,73,886.0698510182833,1459.9181430117487
AGTTTGCACCTGCCTC-1,1,58,74,873.0211594026537,1437.7032420831774
GACTGCAAATCGAGCT-1,1,59,75,860.3956930923005,1460.161375945815
GTGTATATCAGCGGGC-1,1,58,76,847.3470014766708,1437.9464750172456
CTTCAACTCCACTTGG-1,1,59,77,834.7215351663172,1460.4046088798832
ACTTACGCATCCACGC-1,1,58,78,821.6728435506875,1438.189707951312
CATGAGATGCACTCTC-1,1,59,79,809.0473772403338,1460.6478418139495
GAGCACCTGTGTCCAG-1,1,58,80,795.9986856247046,1438.4329408853782
CGCGACCGCGACAGAT-1,1,59,81,783.373219314351,1460.8910747480159
GTCCCGCGACGTTATG-1,1,58,82,770.3245276987213,1438.6761738194464
GCAGTGTGGCTATAGG-1,1,59,83,757.6990613883677,1461.134307682084
ATACTGCCTTACACCG-1,1,58,84,744.650369772738,1438.9194067535127
TACAGAAACGGTGGGC-1,1,59,85,732.0249034623848,1461.3775406161503
GGCGCGGAGATCTTTC-1,1,58,86,718.9762118467552,1439.162639687579
CGTTAATGTCCCGACG-1,1,59,87,706.3507455364015,1461.6207735502185
GCTAACTGAAGTCTGA-1,1,58,88,693.3020539207719,1439.4058726216472
AGTGATAACCTGCGCG-1,1,59,89,680.6765876104187,1461.8640064842848
TATGATCTTCTCTTTA-1,1,58,90,667.627895994789,1439.6491055557135
TGTACCTACACGAGGG-1,1,59,91,655.0024296844354,1462.1072394183511
ATATCGTTCCTCGAAC-1,1,58,92,641.9537380688057,1439.8923384897798
CGGCGCCATCAATCCC-1,1,59,93,629.328271758452,1462.3504723524193
CCTGTTTGAAGACACG-1,1,58,94,616.2795801428229,1440.135571423848
GCCACTCAGAGCGCGA-1,1,59,95,603.6541138324692,1462.5937052864856
TCGGCTTGTATCGACG-1,1,58,96,590.6054222168395,1440.3788043579143
TAGATGGTTCCTTACT-1,0,59,97,577.9799559064859,1462.836938220552
ATCGTTAGCTAGCGGA-1,1,58,98,564.9312642908567,1440.6220372919806
ACAGCGACATTCTCAT-1,1,59,99,552.305797980503,1463.08017115462
ATTCAACCATTTAAGG-1,1,58,100,539.2571063648734,1440.8652702260488
CACTCTTCTGCTAGCC-1,0,59,101,526.6316400545197,1463.3234040886864
CTAACTGATAATCGCC-1,0,58,102,513.5829484388901,1441.108503160115
TGATGTCAATTAAGTG-1,0,59,103,500.95748212853687,1463.5666370227527
CGCCGTTCAGCATAGT-1,0,58,104,487.9087905129072,1441.3517360941814
ATACTACCCGTACCAC-1,0,59,105,475.28332420255356,1463.8098699568209
CCACTGTTTGGATTAA-1,0,58,106,462.2346325869239,1441.5949690282496
CACTACGGGAGCTGCC-1,0,59,107,449.6091662765707,1464.0531028908872
GACCAAACGTTGACTG-1,0,58,108,436.56047466094105,1441.838201962316
AAGAGGCCCTTTGGAA-1,0,59,109,423.9350083505874,1464.2963358249535
ACACGTAGGCCACAAG-1,0,58,110,410.88631673495775,1442.0814348963822
TACTCTTACTTTACTG-1,0,59,111,398.2608504246041,1464.5395687590217
AGAGCCGCCGAGATTT-1,0,58,112,385.2121588089749,1442.3246678304504
GGCCTGCTTCTCCCGA-1,0,59,113,372.58669249862123,1464.782801693088
TCAAGCGCGGACGGTA-1,0,58,114,359.5380008829916,1442.5679007645167
ACACTGGGACAGTCGT-1,0,59,115,346.9125345726379,1465.0260346271543
TGTGTAGTAGCACGTG-1,0,58,116,333.8638429570083,1442.8111336985849
CTAGCCACAGGCGAGC-1,0,59,117,321.23837664665507,1465.2692675612225
CTATCGCGTAGAGAAC-1,0,58,118,308.1896850310254,1443.0543666326512
GTTCCCGTAAACATAT-1,0,59,119,295.56421872067176,1465.5125004952888
TCTTTCCTTCGAGATA-1,0,58,120,282.5155271050421,1443.2975995667175
ATATTGGAGAGGCCTT-1,0,59,121,269.8900607946889,1465.7557334293551
AGGCGATAACTGGCGT-1,0,58,122,256.84136917905926,1443.5408325007857
ACCCGGAGCACCACAA-1,0,59,123,244.2159028687056,1465.9989663634233
TGAGCTCAACTGTATA-1,0,58,124,231.16721125307595,1443.784065434852
ACGACCCATGAGTTGC-1,0,59,125,218.5417449427223,1466.2421992974896
CGGTCAGTCCATATTT-1,0,58,126,205.4930533270931,1444.0272983689183
TCCGGCTGTCGGGTCG-1,0,59,127,192.86758701673944,1466.485432231556
ATTCCCGAAGGTACAG-1,0,60,0,1823.3882279693053,1473.3766583139104
CTAACAGCACAATAAC-1,0,61,1,1810.762761658952,1495.8347921765499
TTGTGCGGAAGCGGAT-1,0,60,2,1797.714070043322,1473.6198912479767
GGGCACTATTGACCAT-1,0,61,3,1785.088603732969,1496.0780251106162
CCATAGAGGCTGCCAG-1,0,60,4,1772.039912117339,1473.863124182043
CCGAAGCATTGACCAA-1,0,61,5,1759.4144458069857,1496.3212580446825
TACTGAGGGAAGAAAG-1,0,60,6,1746.3657541913558,1474.1063571161112
TATGTAGAAACCCGGC-1,0,61,7,1733.7402878810026,1496.5644909787507
TGGTTAACTTACATTT-1,0,60,8,1720.691596265373,1474.3495900501775
AGAACCCTCAATTGGG-1,0,61,9,1708.0661299550195,1496.807723912817
CCTATATCGTGTCACG-1,0,60,10,1695.0174383393896,1474.5928229842439
ACGGCTGGATGTAGAA-1,0,61,11,1682.3919720290364,1497.0509568468833
CTCGCATTGCATAGCC-1,0,60,12,1669.3432804134063,1474.836055918312
ACTTTGGTCGTGCTCC-1,0,61,13,1656.7178141030533,1497.2941897809515
GCTGGTTTAGGCCATA-1,0,60,14,1643.6691224874235,1475.0792888523783
TGTCGTTATCACATAT-1,0,61,15,1631.0436561770703,1497.5374227150178
ACACATGATCAAATCT-1,0,60,16,1617.9949645614402,1475.3225217864447
TATCCATCTCGGTTAG-1,0,61,17,1605.3694982510872,1497.780655649086
CTCGTCGAGGGCTCAT-1,0,60,18,1592.3208066354573,1475.5657547205128
ATCAATGCCGTGGCTG-1,0,61,19,1579.695340325104,1498.0238885831523
GAAACATAGGAAACAG-1,0,60,20,1566.646648709474,1475.8089876545791
TAATAGGTCACCAGAA-1,0,61,21,1554.0211823991208,1498.2671215172186
CACCAGTCAGCATGCA-1,0,60,22,1540.9724907834911,1476.0522205886455
GAGCGCTGTTAGGTAA-1,0,61,23,1528.3470244731377,1498.5103544512867
CCCTATGTAGAGCAGA-1,0,60,24,1515.2983328575078,1476.2954535227136
GATCGCTATATCTCAG-1,0,61,25,1502.6728665471546,1498.753587385353
AAGGGACTATGCATTC-1,0,60,26,1489.624174931525,1476.53868645678
CTCGGGTTCTCTGGCC-1,0,61,27,1476.9987086211715,1498.9968203194194
TATATATCGAGAAATG-1,0,60,28,1463.9500170055417,1476.7819193908463
ACCCGAGCGAAATTAC-1,0,61,29,1451.3245506951885,1499.2400532534875
TTGTTTCATTAGTCTA-1,0,60,30,1438.2758590795584,1477.0251523249144
ATGGGACCTGCTGAAC-1,0,61,31,1425.6503927692054,1499.4832861875539
TGCGACGGCCGAACGT-1,0,60,32,1412.6017011535755,1477.2683852589807
AGCTAACAAGCAATGT-1,0,61,33,1399.9762348432223,1499.7265191216202
CGTGTCTCGTTACGAC-1,0,60,34,1386.9275432275922,1477.511618193047
CTAAATCCGGTGTACA-1,0,61,35,1374.3020769172392,1499.9697520556883
GAATAGTGCTCGATTA-1,0,60,36,1361.2533853016093,1477.7548511271152
AACAATACATTGTCGA-1,0,61,37,1348.627918991256,1500.2129849897547
CACATCGTGCACGCGC-1,0,60,38,1335.579227375626,1477.9980840611815
ACCGTGACCACGTGGG-1,0,61,39,1322.9537610652728,1500.456217923821
CCCAATGAGATTTGCA-1,0,60,40,1309.9050694496432,1478.2413169952479
TCAGCAGTAGGCCCTG-1,0,61,41,1297.2796031392897,1500.6994508578891
CTACTCAAGGTATAGT-1,0,60,42,1284.2309115236599,1478.484549929316
TAGTAGCTTATACCAG-1,0,61,43,1271.6054452133067,1500.9426837919555
ACGTTCGTTCAGGAAA-1,0,60,44,1258.5567535976766,1478.7277828633823
TTAGAATAAGGGTCGG-1,0,61,45,1245.9312872873236,1501.1859167260218
TTCTAGAAAGTCTTAT-1,0,60,46,1232.8825956716937,1478.9710157974487
CCTTCAGTTAAAGTGA-1,0,61,47,1220.2571293613405,1501.42914966009
TAGCTAGTGATGATGG-1,0,60,48,1207.2084377457104,1479.2142487315168
AGCCCGGTAGCCTGTA-1,0,61,49,1194.5829714353574,1501.6723825941563
TACCTCAGTTGTCTGT-1,0,60,50,1181.5342798197275,1479.4574816655831
GACGGGTTGGCCCGTA-1,0,61,51,1168.9088135093743,1501.9156155282226
GAAACCTATACAAATG-1,0,60,52,1155.8601218937442,1479.7007145996513
TCCACCTCTAGCCTTT-1,0,61,53,1143.234655583391,1502.1588484622907
AAGACCCAACTGAACA-1,0,60,54,1130.1859639677614,1479.9439475337176
CATACACGGTTCCCAC-1,1,61,55,1117.560497657408,1502.402081396357
ACTACGCGTTAGAATT-1,1,60,56,1104.511806041778,1480.187180467784
CTTGGCCAAGCTGGGA-1,1,61,57,1091.8863397314249,1502.6453143304234
TTACCCTAGGGATTGG-1,1,60,58,1078.8376481157952,1480.430413401852
TTCGCACTGTACGACA-1,1,61,59,1066.2121818054418,1502.8885472644915
TAGGTGTTCCACAGAT-1,1,60,60,1053.163490189812,1480.6736463359184
GAAGCCTGCACATTCC-1,1,61,61,1040.5380238794587,1503.1317801985579
GGCTTTCAATAAGGGT-1,1,60,62,1027.4893322638286,1480.9168792699847
TCCAGGGTATATACGA-1,1,61,63,1014.8638659534756,1503.3750131326242
CTCGCCGAATGTAGGG-1,1,60,64,1001.8151743378457,1481.160112204053
AGGAAGCTGTCCGCCG-1,1,61,65,989.1897080274923,1503.6182460666923
GTCTCAAGGCCCGGCT-1,1,60,66,976.1410164118629,1481.4033451381192
ACCGACACATCTCCCA-1,1,61,67,963.5155501015095,1503.8614790007587
TATACGCGTCATCACT-1,1,60,68,950.4668584858796,1481.6465780721855
ATCTGGGCTGTTCTTG-1,1,61,69,937.8413921755262,1504.104711934825
TCAAATTTGAGACTCA-1,1,60,70,924.7927005598963,1481.8898110062537
GTTAAGGGTGCGATGT-1,1,61,71,912.1672342495431,1504.3479448688931
AGCAAAGGCCGCTAGT-1,1,60,72,899.1185426339134,1482.13304394032
TTATAGGTAATTGTCT-1,1,61,73,886.4930763235598,1504.5911778029595
TTGTGCAGCCACGTCA-1,1,60,74,873.4443847079301,1482.3762768743863
ACGGACTCTCAAAGCG-1,1,61,75,860.8189183975769,1504.8344107370258
ATGCTCTGGCGCGGTA-1,1,60,76,847.7702267819473,1482.6195098084545
ATAATCTTGGAGAACC-1,1,61,77,835.1447604715936,1505.077643671094
CTCATTGCTCTAACAA-1,1,60,78,822.096068855964,1482.8627427425208
TAGGTGACGATAACCT-1,1,61,79,809.4706025456103,1505.3208766051603
CGGATCCTCAAGGACT-1,1,60,80,796.4219109299811,1483.1059756765871
GGGCGTGGTTTCCCAG-1,1,61,81,783.7964446196274,1505.5641095392266
TGGCTATGTGACATAC-1,1,60,82,770.7477530039978,1483.3492086106553
CTTAGTGTAGTAGCAT-1,1,61,83,758.1222866936441,1505.8073424732947
GGATTGCTGTGACTCC-1,1,60,84,745.0735950780145,1483.5924415447216
ACTTCCATGCGGGACA-1,1,61,85,732.4481287676613,1506.050575407361
ACTCAAGTGCAAGGCT-1,1,60,86,719.3994371520316,1483.835674478788
ACAAGGATGCTTTAGG-1,1,61,87,706.773970841678,1506.2938083414292
TTGAACGACGTGCTGA-1,1,60,88,693.7252792260483,1484.078907412856
ATTCATCGTTGAGGCA-1,1,61,89,681.0998129156951,1506.5370412754955
TGCAACCCATCTGCGG-1,1,60,90,668.0511213000655,1484.3221403469224
AGTGCTAAACACAGCA-1,1,61,91,655.4256549897118,1506.7802742095619
AACTCCAGAGCGTGTT-1,1,60,92,642.3769633740822,1484.5653732809888
TCTCCACAAGTTGAAT-1,1,61,93,629.7514970637285,1507.02350714363
CTTTGCATCGCTCTTG-1,1,60,94,616.7028054480993,1484.808606215057
TCACAAACCGAGGTAC-1,1,61,95,604.0773391377456,1507.2667400776963
CCGTAGGAAATCCCTG-1,1,60,96,591.028647522116,1485.0518391491232
AAACATTTCCCGGATT-1,1,61,97,578.4031812117623,1507.5099730117627
GCCTCCGACAATTCAC-1,1,60,98,565.3544895961331,1485.2950720831896
TCTGCATACCTTGCTT-1,1,61,99,552.7290232857795,1507.7532059458308
ACCCATTTGTCCCTCT-1,0,60,100,539.6803316701498,1485.5383050172577
CTGCAGAGAATCAGAG-1,0,61,101,527.0548653597962,1507.9964388798971
GGAAACTAAATGGGCC-1,0,60,102,514.0061737441665,1485.781537951324
CAACCTACCGAGCAGT-1,0,61,103,501.3807074338133,1508.2396718139635
CCGTAGGGTTGTTTAC-1,0,60,104,488.33201581818366,1486.0247708853904
GGTTTGTGACCTGAGG-1,0,61,105,475.70654950783,1508.4829047480316
TAACCTAGGGAGTCCA-1,0,60,106,462.65785789220035,1486.2680038194585
TTCCATCGACAGCGTG-1,0,61,107,450.03239158184715,1508.726137682098
ATCTCCCACGGAATAT-1,0,60,108,436.9836999662175,1486.5112367535248
GTTTCAAACGAGTTGT-1,0,61,109,424.35823365586384,1508.9693706161643
GGAACTTTGGCGATTA-1,0,60,110,411.3095420402342,1486.7544696875912
CTGCAAGCACGTTCCG-1,0,61,111,398.68407572988053,1509.2126035502324
CACAGTCCCGCTTCGC-1,0,60,112,385.63538411425134,1486.9977026216593
TACGCTCGGTATTGGA-1,0,61,113,373.0099178038977,1509.4558364842987
CTGGTAAAGTGTGGGC-1,0,60,114,359.96122618826803,1487.2409355557256
CAACCAGTGGCCTACC-1,0,61,115,347.33575987791437,1509.699069418365
TCTTCGCGGTGAGAGG-1,0,60,116,334.2870682622847,1487.4841684897938
TTCGGGTTGCCACGGG-1,0,61,117,321.6616019519315,1509.9423023524332
ACCGATAGGCATAACC-1,0,60,118,308.61291033630187,1487.72740142386
CTTATAGATGGCTGTT-1,0,61,119,295.9874440259482,1510.1855352864995
AGACGCCCACTTCGCC-1,0,60,120,282.93875241031856,1487.9706343579264
AGGTCGCCTCCCAACA-1,0,61,121,270.31328609996535,1510.4287682205659
CCTCACGTCAGCTAAT-1,0,60,122,257.2645944843357,1488.2138672919946
CCACCTGTATGGAATA-1,0,61,123,244.63912817398204,1510.672001154634
GGACTCGAAGCTTTCA-1,0,60,124,231.5904365583524,1488.457100226061
AAGCCGGAGAGCAGGA-1,0,61,125,218.96497024799874,1510.9152340887003
GCCTATCAGGTAAGAT-1,0,60,126,205.91627863236954,1488.7003331601272
TCAGAGTGTGAGCATG-1,0,61,127,193.29081232201588,1511.1584670227667
AAACATGGTGAGAGGA-1,0,62,0,1823.8114532745817,1518.0496931051212
ATCATTGTACCGCATT-1,0,63,1,1811.1859869642285,1540.5078269677606
TCAGCTTGAGCTTTCG-1,0,62,2,1798.1372953485986,1518.2929260391875
CCGCGCAAGATACCCA-1,0,63,3,1785.5118290382454,1540.751059901827
CTATACTTAAAGCGAG-1,0,62,4,1772.4631374226155,1518.5361589732538
ACCGTCCACTGGGCCC-1,0,63,5,1759.8376711122621,1540.9942928358932
AAGACCAAATAACTCA-1,0,62,6,1746.7889794966325,1518.779391907322
TGTTTCTGAAGCGTGC-1,0,63,7,1734.163513186279,1541.2375257699614
TTCTCTTACAGGTGAT-1,0,62,8,1721.1148215706494,1519.0226248413883
AATTCATTGTCATGCA-1,0,63,9,1708.489355260296,1541.4807587040277
GCCCGAGAGTCTAAAT-1,0,62,10,1695.4406636446663,1519.2658577754546
ATATAGAGTATTGGTC-1,0,63,11,1682.8151973343129,1541.723991638094
TTGAAGGATGGGCGCC-1,0,62,12,1669.766505718683,1519.5090907095228
TAGTACCACAACTTTC-1,0,63,13,1657.1410394083298,1541.9672245721622
ATCCCATCCACAGCGC-1,0,62,14,1644.0923477927,1519.752323643589
CTTAGGTATAGACCAG-1,0,63,15,1631.4668814823467,1542.2104575062285
TGACTCCGAATCATAC-1,0,62,16,1618.4181898667168,1519.9955565776554
ACTACATCCCGACAAG-1,0,63,17,1605.7927235563636,1542.4536904402967
TTGCCGCAGACCTACA-1,0,62,18,1592.7440319407337,1520.2387895117236
TAAGAGGGACAGGGAC-1,0,63,19,1580.1185656303805,1542.696923374363
CGAATGAAGTCATTGC-1,0,62,20,1567.0698740147507,1520.4820224457899
AAGGGAACGACTGGCT-1,0,63,21,1554.4444077043972,1542.9401563084293
CGAATCTGCTCGACGC-1,0,62,22,1541.3957160887676,1520.7252553798562
ATCGTGGAAAGTCTGG-1,0,63,23,1528.7702497784142,1543.1833892424975
CCTATGGCTCCTAGTG-1,0,62,24,1515.7215581627845,1520.9684883139244
CGTCGCTTGGTTATAC-1,0,63,25,1503.096091852431,1543.4266221765638
TGCTTAGAGAGAATGC-1,0,62,26,1490.0474002368014,1521.2117212479907
GATTGCTCCAGTTGCA-1,0,63,27,1477.421933926448,1543.6698551106301
CGTGCTTCTACCTAAA-1,0,62,28,1464.3732423108181,1521.454954182057
ACTCCAATATCATCAT-1,0,63,29,1451.747776000465,1543.9130880446983
GCCGACCCACGACTGC-1,0,62,30,1438.699084384835,1521.6981871161252
GAGGGTAGTAACAAAG-1,0,63,31,1426.0736180744818,1544.1563209787646
GGCCGAGACTCTGGTG-1,0,62,32,1413.024926458852,1521.9414200501915
TATATAGGGCTTTACG-1,0,63,33,1400.3994601484987,1544.399553912831
TGCCGGATGTACGAGC-1,0,62,34,1387.3507685328689,1522.1846529842578
AGGTAGATCGAGATAT-1,0,63,35,1374.7253022225157,1544.642786846899
GATCAACATAAAGGGA-1,0,62,36,1361.6766106068858,1522.427885918326
TAACAGCGTTTGTGCT-1,0,63,37,1349.0511442965324,1544.8860197809654
CTATAGGCGTTGATGT-1,0,62,38,1336.0024526809027,1522.6711188523923
GGTTTAATTACCATCG-1,0,63,39,1323.3769863705493,1545.1292527150317
CTCTTCTGGAAGTTAG-1,0,62,40,1310.3282947549196,1522.9143517864586
ATCTGACATGGAAGGA-1,0,63,41,1297.7028284445662,1545.3724856490999
TACGTACTAGTGCTGA-1,0,62,42,1284.6541368289365,1523.1575847205268
ATGACTATCAGCTGTG-1,0,63,43,1272.028670518583,1545.6157185831662
CTTTGGGATTGTTGCA-1,0,62,44,1258.9799789029532,1523.400817654593
AGACTGTTACCGGGTC-1,0,63,45,1246.3545125926,1545.8589515172325
TCCTAACCGTCGGGCA-1,0,62,46,1233.3058209769702,1523.6440505886594
ACGCAAACTAATAGAT-1,0,63,47,1220.680354666617,1546.1021844513007
AAGTGAGTCGGGTTTA-1,0,62,48,1207.631663050987,1523.8872835227276
TAAAGCGGTATTTCCA-1,0,63,49,1195.0061967406339,1546.345417385367
CTCCTCCAGCTCACAC-1,0,62,50,1181.957505125004,1524.1305164567939
CGGTCCGTCGCAAGCC-1,0,63,51,1169.3320388146508,1546.5886503194333
CCTATATTTGTCCTGG-1,0,62,52,1156.283347199021,1524.373749390862
TCCAATAAAGGCTACC-1,0,63,53,1143.6578808886675,1546.8318832535015
AAAGGCTACGGACCAT-1,0,62,54,1130.6091892730378,1524.6169823249284
CGTGACCAGTCCTCTG-1,1,63,55,1117.9837229626844,1547.0751161875678
GATCTGCTATCTAAGG-1,1,62,56,1104.9350313470547,1524.8602152589947
CGAATGACGCATAATG-1,1,63,57,1092.3095650367013,1547.3183491216341
GCTCAATGTAATACCG-1,1,62,58,1079.2608734210717,1525.1034481930628
CTATGCCCGAATGCAA-1,1,63,59,1066.6354071107182,1547.5615820557023
CACAGGGCCGTTGTCA-1,1,62,60,1053.5867154950884,1525.3466811271292
TCAATACGCCGTCATG-1,1,63,61,1040.9612491847352,1547.8048149897686
AGCGGACACTTCGTAG-1,1,62,62,1027.9125575691053,1525.5899140611955
ATACGTTATGCACGGA-1,1,63,63,1015.2870912587521,1548.048047923835
GAGTAGATACTAGTTG-1,1,62,64,1002.2383996431222,1525.8331469952636
CCAGCTCGAACGCATT-1,1,63,65,989.6129333327688,1548.291280857903
TGCTTCCCAAGCAGTA-1,1,62,66,976.5642417171393,1526.07637992933
GTAGACACGCCTGACT-1,1,63,67,963.9387754067859,1548.5345137919694
CTCACATTTACTAAAT-1,1,62,68,950.890083791156,1526.3196128633963
GAATGCGAATCGGTTC-1,1,63,69,938.2646174808026,1548.7777467260357
TAAGGCCCGTCACCCT-1,1,62,70,925.2159258651727,1526.5628457974644
GAGTATGCGCGTGCAT-1,1,63,71,912.5904595548195,1549.0209796601039
ATCCACATCGACAGAA-1,1,62,72,899.5417679391899,1526.8060787315308
TAGACGAAACGCCAAT-1,1,63,73,886.9163016288362,1549.2642125941702
CAGCAGTCTGTGCTGC-1,1,62,74,873.8676100132066,1527.049311665597
CTCACTGTGATACTTA-1,1,63,75,861.2421437028534,1549.5074455282365
TTAATTGCTTTGGGTG-1,1,62,76,848.1934520872237,1527.2925445996652
GTAGTCTACGATATTG-1,1,63,77,835.56798577687,1549.7506784623047
TTGCCGCTTTCTAGTA-1,1,62,78,822.5192941612404,1527.5357775337316
GAACCTTTAACGATCC-1,1,63,79,809.8938278508867,1549.993911396371
TGGACCAATCTAAGAT-1,1,62,80,796.8451362352575,1527.779010467798
CTAGTAGAAAGGGATT-1,1,63,81,784.2196699249039,1550.2371443304373
AACCTCGCTTTAGCCC-1,1,62,82,771.1709783092742,1528.022243401866
GAGTGTCAACCAGAAA-1,1,63,83,758.5455119989206,1550.4803772645055
GTGATCCTTGTCATGA-1,1,62,84,745.4968203832909,1528.2654763359324
CTCAACTAACCCGGAT-1,1,63,85,732.8713540729377,1550.7236101985718
AGTGGCGTCTGAAGGT-1,1,62,86,719.8226624573081,1528.5087092699987
GGGAAGGGCTTTCTCA-1,1,63,87,707.1971961469544,1550.96684313264
AGGCCTGAGAATCTCG-1,1,62,88,694.1485045313248,1528.7519422040668
AGCCACAGGTTACCCG-1,1,63,89,681.5230382209716,1551.2100760667063
TGCAATCTAACACGGT-1,1,62,90,668.4743466053419,1528.9951751381332
GTTTGGGTTTCGCCCG-1,1,63,91,655.8488802949882,1551.4533090007726
CCTATGTCCACTCCAC-1,1,62,92,642.8001886793586,1529.2384080721995
CTGCCTTTCTAGTAAA-1,1,63,93,630.1747223690049,1551.6965419348408
TTAGTAAACCTGCTCT-1,1,62,94,617.1260307533757,1529.4816410062676
TTGTGGTGGTACTAAG-1,1,63,95,604.5005644430221,1551.939774868907
CCTCCTGTTGTGTCGT-1,1,62,96,591.4518728273924,1529.724873940334
ACAAAGCATGACCTAG-1,0,63,97,578.8264065170388,1552.1830078029734
ATAGCAACTAGGGAAG-1,1,62,98,565.7777149014096,1529.9681068744003
CCGCTCTTCCGAACTA-1,0,63,99,553.1522485910559,1552.4262407370416
TAGAATAGCCGATGAA-1,0,62,100,540.1035569754263,1530.2113398084684
GGTCTCCGTCCAGGTT-1,0,63,101,527.4780906650726,1552.6694736711079
TAATTACGTCAGTAGA-1,0,62,102,514.429399049443,1530.4545727425348
TACGTAAAGCGGAGTG-1,0,63,103,501.80393273908976,1552.9127066051742
GCTACAATCGAGGATA-1,0,62,104,488.7552411234601,1530.697805676601
TCAGCCAATCCGTAAA-1,0,63,105,476.12977481310645,1553.1559395392424
ATCATAGCCCTATGTA-1,0,62,106,463.0810831974768,1530.9410386106692
GAGGCCTGTTGATACA-1,0,63,107,450.4556168871236,1553.3991724733087
ATATACGCTCGTGACG-1,0,62,108,437.40692527149395,1531.1842715447356
CCCTTTAATGGAGTTC-1,0,63,109,424.7814589611403,1553.642405407375
TTACACGATCTGCGAC-1,0,62,110,411.73276734551064,1531.427504478802
TCGCATAAAGGGCGCA-1,0,63,111,399.107301035157,1553.8856383414432
TGTAGCCATCCCATTC-1,0,62,112,386.0586094195278,1531.67073741287
GGGTCTATCGCTTTCC-1,0,63,113,373.4331431091741,1554.1288712755095
GGAGGGTCAAGTAAGA-1,0,62,114,360.3844514935445,1531.9139703469364
TACGGCATGGACGCTA-1,0,63,115,347.7589851831908,1554.3721042095758
CACGTCAATCAATGGA-1,0,62,116,334.71029356756117,1532.1572032810045
CGCTTGGACGGATAGA-1,0,63,117,322.08482725720796,1554.615337143644
CGCGGTACGGTATACA-1,0,62,118,309.0361356415783,1532.4004362150708
CCTACTCAACACGATT-1,0,63,119,296.41066933122465,1554.8585700777103
CGTTTGGTGTTGTGGG-1,0,62,120,283.361977715595,1532.6436691491372
GTTGTTGCAAGATGGC-1,0,63,121,270.7365114052418,1555.1018030117766
CATTCGTCGTAGCGGT-1,0,62,122,257.68781978961215,1532.8869020832053
CAGCCTCGATAGCGGT-1,0,63,123,245.0623534792585,1555.3450359458448
TCATAAGTCCAAGAAG-1,0,62,124,232.01366186362884,1533.1301350172716
AAAGTGCCATCAATTA-1,0,63,125,219.38819555327518,1555.588268879911
GTTGCAGTCGACAACA-1,0,62,126,206.339503937646,1533.373367951338
TAAATGGGCTACTGAG-1,0,63,127,193.71403762729233,1555.8315018139774
GGACAAGCCATGATCG-1,0,64,0,1824.2346785798582,1562.722727896332
TCCAATGCGTCGCCGC-1,0,65,1,1811.609212269505,1585.1808617589713
AAAGAATGACCTTAGA-1,0,64,2,1798.560520653875,1562.9659608303982
CCTATTATTCCGGCCG-1,0,65,3,1785.9350543435219,1585.4240946930377
CAGTAAGGGACGTCTC-1,0,64,4,1772.886362727892,1563.2091937644645
GGGATGGACCCGCGTC-1,0,65,5,1760.2608964175386,1585.667327627104
GACGCATACCCGTCGG-1,0,64,6,1747.212204801909,1563.4524266985327
GGGCAGGATTTCTGTG-1,0,65,7,1734.5867384915555,1585.9105605611721
TATCTGAGCCGATATT-1,0,64,8,1721.5380468759258,1563.695659632599
AATGTATGGCACTGTA-1,0,65,9,1708.9125805655724,1586.1537934952385
GCCTTTGTCAGTGGAC-1,0,64,10,1695.8638889499427,1563.9388925666653
AACCATAGGGTTGAAC-1,0,65,11,1683.2384226395893,1586.3970264293048
AAACTTAATTGCACGC-1,0,64,12,1670.1897310239594,1564.1821255007335
TAGGCGGCTGCAAAGA-1,0,65,13,1657.5642647136062,1586.640259363373
TCCATCAATACTAATC-1,0,64,14,1644.5155730979764,1564.4253584347998
ACCTCGAACTTATGCT-1,0,65,15,1631.8901067876232,1586.8834922974393
ACAAACCATGCGTCCT-1,0,64,16,1618.8414151719933,1564.6685913688661
ACACCGGTCTGACCGC-1,0,65,17,1606.21594886164,1587.1267252315074
ATGGCAGCATTACGAT-1,0,64,18,1593.1672572460102,1564.9118243029343
CTGGTGAATGGGCCTA-1,0,65,19,1580.541790935657,1587.3699581655737
CACAGAGACGAGGACG-1,0,64,20,1567.493099320027,1565.1550572370006
GCACAAACCCTAGATG-1,0,65,21,1554.8676330096737,1587.61319109964
ACTATGTCCAGCTGCC-1,0,64,22,1541.818941394044,1565.398290171067
AAGCCGCCGTGAAATC-1,0,65,23,1529.1934750836906,1587.8564240337082
ATGGGTGTATACCTCC-1,0,64,24,1516.144783468061,1565.641523105135
TAAGCGCGAATCAAAT-1,0,65,25,1503.5193171577075,1588.0996569677745
AGCCCGGCATTAGAGG-1,0,64,26,1490.4706255420779,1565.8847560392014
GTGATCAAGCGTGCAC-1,0,65,27,1477.8451592317244,1588.3428899018409
CTGCCTTTAATACCTT-1,0,64,28,1464.7964676160946,1566.1279889732677
TACCTCCACACCAATG-1,0,65,29,1452.1710013057414,1588.586122835909
GAGCATCAACAACTTG-1,0,64,30,1439.1223096901115,1566.371221907336
CATACGAACTAGCTGG-1,0,65,31,1426.4968433797583,1588.8293557699753
GGGAACGGTTTCAGAT-1,0,64,32,1413.4481517641284,1566.6144548414022
AGGGTGCCGTTCTTTA-1,0,65,33,1400.8226854537752,1589.0725887040417
ACGACTGGTCATACTC-1,0,64,34,1387.7739938381453,1566.8576877754685
GGATCTTACTGCCCTT-1,0,65,35,1375.148527527792,1589.3158216381098
TACTCCTCTAGTTGAC-1,0,64,36,1362.0998359121622,1567.1009207095367
GTAGCTCCGGGAGGCT-1,0,65,37,1349.4743696018088,1589.5590545721761
GGACTCGTGAGTGGTC-1,0,64,38,1336.4256779861792,1567.344153643603
GTAGTTCGAAGGCGAA-1,0,65,39,1323.8002116758257,1589.8022875062425
CTCAAACCACTGCCCG-1,0,64,40,1310.751520060196,1567.5873865776693
GAGGGAGTCAGATCGC-1,0,65,41,1298.1260537498426,1590.0455204403106
GCGTCCCTAAGACATA-1,0,64,42,1285.077362134213,1567.8306195117375
TCTCTTACCGCGAACC-1,0,65,43,1272.4518958238596,1590.288753374377
GGCTACTATACACTCC-1,0,64,44,1259.4032042082297,1568.0738524458038
CGTTGCCCGCGTGGGA-1,0,65,45,1246.7777378978765,1590.5319863084433
TATAGAGTCGCTTGAA-1,0,64,46,1233.7290462822466,1568.3170853798702
ATGTTGTAGTCTGTTT-1,0,65,47,1221.1035799718934,1590.7752192425114
AGTATACACAGCGACA-1,0,64,48,1208.0548883562635,1568.5603183139383
TGTGGTTGCTAAAGCT-1,0,65,49,1195.4294220459103,1591.0184521765777
TGATTCCCGGTTACCT-1,0,64,50,1182.3807304302804,1568.8035512480046
CACTGACGATTGTGGA-1,0,65,51,1169.7552641199272,1591.261685110644
AACATTGTGACTCGAG-1,0,64,52,1156.7065725042974,1569.0467841820728
GTCCAATATTTAGCCT-1,0,65,53,1144.081106193944,1591.5049180447122
GCTCTTTCCGCTAGTG-1,0,64,54,1131.0324145783143,1569.290017116139
GGGTCAGGAGCTAGAT-1,1,65,55,1118.4069482679608,1591.7481509787785
AGGTGGTGACCTTCGC-1,1,64,56,1105.3582566523312,1569.5332500502054
CCCGGGTCGTTCAGGG-1,1,65,57,1092.7327903419778,1591.9913839128449
AGCCAAGCTTTGTGTC-1,1,64,58,1079.684098726348,1569.7764829842736
TGTGGCGGGCTTCTGG-1,1,65,59,1067.0586324159947,1592.234616846913
CGAGGGTATCCAGGTG-1,1,64,60,1054.0099408003648,1570.01971591834
CGTTCAGACCCGCGAA-1,1,65,61,1041.3844744900116,1592.4778497809793
TCATATGAGCTTTGTT-1,1,64,62,1028.3357828743817,1570.2629488524062
AGTTGACGGTCCTTGC-1,1,65,63,1015.7103165640285,1592.7210827150457
ATAATTAGCTAAGTAG-1,1,64,64,1002.6616249483986,1570.5061817864744
GGTCTTGAGCGCTCTT-1,1,65,65,990.0361586380452,1592.9643156491138
CGTTGTCGGCAATTGA-1,1,64,66,976.9874670224158,1570.7494147205407
TCTTGCTCCCGATACT-1,1,65,67,964.3620007120624,1593.2075485831801
AGCAGAAGGAGAAAGA-1,1,64,68,951.3133090964325,1570.992647654607
GAAGCCACTGATTATG-1,1,65,69,938.687842786079,1593.4507815172465
TGCTCTTGAGAGTTTG-1,1,64,70,925.6391511704492,1571.2358805886752
GACATCCGTCGAACTG-1,1,65,71,913.013684860096,1593.6940144513146
AGATATAATACGACTA-1,1,64,72,899.9649932444663,1571.4791135227415
TCGCTACTGGCTTTGA-1,1,65,73,887.3395269341127,1593.937247385381
GTGACAGCTTCCCACT-1,1,64,74,874.290835318483,1571.7223464568078
GTGACGCAGGTTTCAT-1,1,65,75,861.6653690081298,1594.1804803194473
GGGAAGACGGTCTGTC-1,1,64,76,848.6166773925002,1571.965579390876
CGTCGCATGTGAGCCA-1,1,65,77,835.9912110821465,1594.4237132535154
AGAAGGTTGTAGGTCG-1,1,64,78,822.9425194665168,1572.2088123249423
GGCCGGCGTCTGCTAT-1,1,65,79,810.3170531561632,1594.6669461875817
TTGACCAGGAACAACT-1,1,64,80,797.268361540534,1572.4520452590086
AGTCGTATAAAGCAGA-1,1,65,81,784.6428952301803,1594.910179121648
GGCGTAGGGAAAGCTG-1,1,64,82,771.5942036145507,1572.6952781930768
AAACCTAAGCAGCCGG-1,1,65,83,758.968737304197,1595.1534120557162
ATTGCCTTTATGTTTG-1,1,64,84,745.9200456885674,1572.938511127143
CAGGCAGTCTTACCAG-1,1,65,85,733.2945793782142,1595.3966449897825
AGCTAAGTACGCAGGC-1,1,64,86,720.2458877625845,1573.1817440612094
AAATCCGATACACGCC-1,1,65,87,707.6204214522309,1595.6398779238507
CGAGAGCTTTCACTAC-1,1,64,88,694.5717298366012,1573.4249769952776
CGCCCAGCGTTTCACG-1,1,65,89,681.946263526248,1595.883110857917
TTAAGTATTGTTATCC-1,1,64,90,668.8975719106184,1573.668209929344
AAACGGGCGTACGGGT-1,1,65,91,656.2721056002647,1596.1263437919833
GTATCCTTTGGTAACC-1,1,64,92,643.223413984635,1573.9114428634102
CATAGTCAAATACATA-1,1,65,93,630.5979476742814,1596.3695767260515
TCTATGCTATAACGAC-1,1,64,94,617.5492560586522,1574.1546757974784
ACGTTCTGTACAAGTC-1,1,65,95,604.9237897482985,1596.6128096601178
CGCGAAGTGGCATACT-1,1,64,96,591.8750981326689,1574.3979087315447
ACCAACCGCACTCCAC-1,0,65,97,579.2496318223152,1596.8560425941841
GTCATGCGCGAGGGCT-1,1,64,98,566.200940206686,1574.641141665611
TAGGCTAAAGTGGCAC-1,0,65,99,553.5754738963324,1597.0992755282523
TGGCTACACTCTACCT-1,0,64,100,540.5267822807027,1574.8843745996792
TGTCCACGGCTCAACT-1,0,65,101,527.9013159703491,1597.3425084623186
AATTGCAGCAATCGAC-1,0,64,102,514.8526243547194,1575.1276075337455
GTCAACCAGGCCTATA-1,0,65,103,502.2271580443662,1597.585741396385
ATCTTATCGCACACCC-1,0,64,104,489.17846642873656,1575.3708404678118
GTCTATTGCATGCTCG-1,0,65,105,476.5530001183829,1597.828974330453
GCACGTGGTTTACTTA-1,0,64,106,463.50430850275325,1575.61407340188
ATTCGCGCCTTGAGAG-1,0,65,107,450.87884219240004,1598.0722072645194
AGCGATGCGCCTAATA-1,0,64,108,437.8301505767704,1575.8573063359463
TCTATAGGTGGGTAAT-1,0,65,109,425.20468426641673,1598.3154401985857
AGATACCAATAGAACC-1,0,64,110,412.1559926507871,1576.1005392700126
CGTGTATGGGAGCTGA-1,0,65,111,399.5305263404334,1598.558673132654
ATGTACATGCGGTGAG-1,0,64,112,386.48183472480423,1576.3437722040808
TTGGCTCAATATGTGT-1,0,65,113,373.85636841445057,1598.8019060667202
GTTCGGAGCACTCAAC-1,0,64,114,360.8076767988209,1576.587005138147
TCCCTCTTCTCAAGGG-1,0,65,115,348.18221048846726,1599.0451390007865
TTACGTATCTATGACA-1,0,64,116,335.1335188728376,1576.8302380722153
CCCATATAGGTCGATT-1,0,65,117,322.5080525624844,1599.2883719348547
GTCCACGTCGCATTCG-1,0,64,118,309.45936094685476,1577.0734710062816
AATTGTGGTTGCCAAA-1,0,65,119,296.8338946365011,1599.531604868921
AGGAACGAACGACTTC-1,0,64,120,283.78520302087145,1577.316703940348
TAATTCCAATGCTTCA-1,0,65,121,271.15973671051825,1599.7748378029873
AGGGCCCTAATGTTCT-1,0,64,122,258.1110450948886,1577.559936874416
AGGTGTTGCCGACCAC-1,0,65,123,245.48557878453494,1600.0180707370555
CTGAGAGTAGAAATAC-1,0,64,124,232.4368871689053,1577.8031698084824
TAGAAGAAGGGTTACA-1,0,65,125,219.81142085855163,1600.2613036711218
GGTGACTGATAGAGAG-1,0,64,126,206.76272924292243,1578.0464027425487
TACCCTCGGTAACCCT-1,0,65,127,194.13726293256877,1600.5045366051882
TGTAAGACTGATAAGA-1,0,66,0,1824.6579038851346,1607.3957626875426
GTCACTCATGAGCGAT-1,0,67,1,1812.0324375747814,1629.853896550182
CGGTTTACTGAACATT-1,0,66,2,1798.9837459591515,1607.638995621609
GAGATCGATCTTACTC-1,0,67,3,1786.3582796487983,1630.0971294842484
TCTTTCATCCGTCCTT-1,0,66,4,1773.3095880331684,1607.8822285556753
TCGGATCTGGATGACC-1,0,67,5,1760.684121722815,1630.3403624183147
GTCCTAGGATACCTTA-1,0,66,6,1747.6354301071854,1608.1254614897434
TGTACCCGACCCTAAT-1,0,67,7,1735.009963796832,1630.5835953523829
AGGTTCTCCTTTCCGG-1,0,66,8,1721.9612721812023,1608.3686944238098
AATTGCGTGGATTACA-1,0,67,9,1709.3358058708488,1630.8268282864492
CGATAGCGATACAGTG-1,0,66,10,1696.2871142552192,1608.611927357876
CGCCCTAATTGTTCAA-1,0,67,11,1683.6616479448658,1631.0700612205155
ATTATGAGACCCAATT-1,0,66,12,1670.6129563292359,1608.8551602919442
CCTCCTAGCTAGAGTC-1,0,67,13,1657.9874900188827,1631.3132941545837
CGAAGGGTTTCAGATT-1,0,66,14,1644.9387984032528,1609.0983932260106
CACAAGCTAAGAAAGG-1,0,67,15,1632.3133320928996,1631.55652708865
CACCGGTAGAGACATT-1,0,66,16,1619.2646404772697,1609.3416261600769
ACTCATGGCAGCCTTC-1,0,67,17,1606.6391741669165,1631.7997600227181
CATCCAATATAGTTTG-1,0,66,18,1593.5904825512866,1609.584859094145
CAGATATGAAGATGAC-1,0,67,19,1580.9650162409334,1632.0429929567845
GCAAAGGGCGTTAGCC-1,0,66,20,1567.9163246253036,1609.8280920282114
CTGTTGTTCAGTCGTA-1,0,67,21,1555.2908583149501,1632.2862258908508
AAAGGCCCTATAATAC-1,0,66,22,1542.2421666993205,1610.0713249622777
AACATTGAAGTTGATC-1,0,67,23,1529.616700388967,1632.529458824919
GCTAGCGATAGGTCTT-1,0,66,24,1516.5680087733374,1610.3145578963458
ATTGCCTATTAGACCG-1,0,67,25,1503.942542462984,1632.7726917589853
GGGCGTTTACATTCAT-1,0,66,26,1490.8938508473543,1610.5577908304122
CCTCTACAAGGATTGG-1,0,67,27,1478.2683845370009,1633.0159246930516
AGTGACTGTGACACAA-1,0,66,28,1465.219692921371,1610.8010237644785
AGCCCTCCCTGGTGGC-1,0,67,29,1452.5942266110178,1633.2591576271197
CGGTTGAGTATCCTTC-1,0,66,30,1439.545534995388,1611.0442566985466
CATTATCCCATTAACG-1,0,67,31,1426.9200686850347,1633.502390561186
AATGTGCTAATCTGAG-1,0,66,32,1413.8713770694048,1611.287489632613
CTTAGTTGAGGAATCG-1,0,67,33,1401.2459107590516,1633.7456234952524
CTTCTGGGCGTACCTA-1,0,66,34,1388.1972191434218,1611.5307225666793
AGTCAAATGATGTGAT-1,0,67,35,1375.5717528330686,1633.9888564293205
TGAACAAGCAGGGACT-1,0,66,36,1362.5230612174387,1611.7739555007474
AATACCGGAGGGCTGT-1,0,67,37,1349.8975949070852,1634.2320893633869
GTTTGGTGATCGGTGC-1,0,66,38,1336.8489032914556,1612.0171884348138
GACTGCTGGTGAGAAA-1,0,67,39,1324.2234369811022,1634.4753222974532
CGATCCTCGCAACATA-1,0,66,40,1311.1747453654725,1612.26042136888
CCAACCTTATGTAACT-1,0,67,41,1298.549279055119,1634.7185552315213
CGTGGTACCCAAAGGC-1,0,66,42,1285.5005874394894,1612.5036543029482
AACCCGACAACCCGTG-1,0,67,43,1272.875121129136,1634.9617881655877
TATGTAAAGTGCTTAA-1,0,66,44,1259.8264295135061,1612.7468872370146
GCAAGTGTAAAGCATG-1,0,67,45,1247.200963203153,1635.205021099654
GTAACTGCCCAAGGAG-1,0,66,46,1234.152271587523,1612.990120171081
GGTGCATAAATGATTA-1,0,67,47,1221.5268052771698,1635.4482540337222
TAGTCCCGGAGACCAC-1,0,66,48,1208.47811366154,1613.233353105149
CGGCCAGAGCGACCAT-1,0,67,49,1195.8526473511868,1635.6914869677885
TGAATGAGTGTTTCCC-1,0,66,50,1182.8039557355569,1613.4765860392154
TTCACTTCCTAGAACG-1,0,67,51,1170.1784894252037,1635.9347199018548
CGCTTAGTATTGATAC-1,0,66,52,1157.1297978095738,1613.7198189732835
AACGCGACCTTGGGCG-1,1,67,53,1144.5043314992204,1636.177952835923
GTGCACCAGCTTCAAC-1,1,66,54,1131.4556398835907,1613.9630519073498
TTCTATTAAACGCAGC-1,1,67,55,1118.8301735732373,1636.4211857699893
TGGCAAGCACAAGTCG-1,1,66,56,1105.7814819576076,1614.2062848414162
ATCTGCTGTTATCGCC-1,1,67,57,1093.1560156472542,1636.6644187040556
AATTCCAAGCATGTAC-1,1,66,58,1080.1073240316246,1614.4495177754843
AAACGGTTGCGAACTG-1,1,67,59,1067.4818577212711,1636.9076516381238
GAAGGAGTCGAGTGCG-1,1,66,60,1054.4331661056412,1614.6927507095506
GGCAAGCCCATAGTGG-1,1,67,61,1041.807699795288,1637.15088457219
TGACCAAATCTTAAAC-1,1,66,62,1028.7590081796582,1614.935983643617
TTCGGTACTGTAGAGG-1,1,67,63,1016.133541869305,1637.3941175062564
ATGTACGATGACGTCG-1,1,66,64,1003.0848502536751,1615.179216577685
ATCTAGCTTGTGAGGG-1,1,67,65,990.4593839433217,1637.6373504403246
AGCGGGTCTGACACTC-1,1,66,66,977.4106923276922,1615.4224495117514
GAGGTACGCGTGTCCC-1,1,67,67,964.7852260173388,1637.8805833743909
GCACTGCCTACCTTTA-1,1,66,68,951.7365344017089,1615.6656824458178
GGAGCGAGGCCTACTT-1,1,67,69,939.1110680913555,1638.1238163084572
AAACTCGGTTCGCAAT-1,1,66,70,926.0623764757256,1615.908915379886
GGCGCTTCATTCCCTG-1,1,67,71,913.4369101653729,1638.3670492425254
TGCTCGGTGGGTCACC-1,1,66,72,900.3882185497428,1616.1521483139522
AAGCGCAGGGCTTTGA-1,1,67,73,887.7627522393896,1638.6102821765917
GACCTTCCACGTCTAC-1,1,66,74,874.7140606237595,1616.3953812480186
GTTAGCCCATGACATC-1,1,67,75,862.0885943134067,1638.853515110658
AATTCGATTCGAGGAT-1,1,66,76,849.0399026977766,1616.6386141820867
AGTCTTTAAAGTGTCC-1,1,67,77,836.4144363874234,1639.0967480447262
GACTAGGCCGTTAGGT-1,1,66,78,823.3657447717933,1616.881847116153
TCCAAGCCTAGACACA-1,1,67,79,810.7402784614401,1639.3399809787925
GATTGGGAAAGGTTGT-1,1,66,80,797.6915868458104,1617.1250800502194
GATGAGGAACCTTCGG-1,1,67,81,785.0661205354572,1639.5832139128588
TGAATACCGACGCGTA-1,1,66,82,772.0174289198271,1617.3683129842875
AATCGTGAGCCGAGCA-1,1,67,83,759.3919626094739,1639.826446846927
GCGAAGAATCTGACGG-1,1,66,84,746.3432709938438,1617.6115459183538
GAACAACTGGGATGAA-1,1,67,85,733.7178046834911,1640.0696797809933
TCGCCGACATATTCGC-1,1,66,86,720.669113067861,1617.8547788524202
CGTAGAGAGTAATTAT-1,1,67,87,708.0436467575078,1640.3129127150614
CGATAGTCGTACTGCA-1,1,66,88,694.9949551418777,1618.0980117864883
CGCATGCCGAATGCGT-1,1,67,89,682.3694888315249,1640.5561456491278
CTCTAGCCCTCGGAAA-1,1,66,90,669.3207972158948,1618.3412447205546
TCCAACTCAGCTATCT-1,1,67,91,656.6953309055416,1640.799378583194
GTCTAGTGAGCCGCTT-1,1,66,92,643.6466392899115,1618.584477654621
TACCGAATAATTGTAA-1,1,67,93,631.0211729795583,1641.0426115172622
ATATAACACGGGCGCA-1,1,66,94,617.9724813639286,1618.8277105886891
GCATGCTAATAACGAT-1,1,67,95,605.3470150535754,1641.2858444513286
TCCGGGCTTGACGGGA-1,1,66,96,592.2983234379453,1619.0709435227554
ATTATTCAGAGTCACT-1,1,67,97,579.6728571275921,1641.5290773853949
TAGCAGTATGACTAAA-1,0,66,98,566.6241655119625,1619.3141764568218
TATGAAGAATTAAGGT-1,0,67,99,553.9986992016093,1641.772310319463
CAAGGCCAGTGGTGCA-1,0,66,100,540.9500075859792,1619.55740939089
TGCGTACGGCTAATTG-1,0,67,101,528.324541275626,1642.0155432535294
CAGATAATGGGCGGGT-1,0,66,102,515.2758496599959,1619.8006423249562
GAGAACGGTTCTGACT-1,0,67,103,502.6503833496431,1642.2587761875957
CGCTTCGGTCTAAGAC-1,0,66,104,489.601691734013,1620.0438752590226
AGCATTACGAGGCAAG-1,0,67,105,476.9762254236598,1642.5020091216638
AAGTTGTGATGTTATA-1,0,66,106,463.9275338080297,1620.2871081930907
TTGCTCATAGTACGTG-1,0,67,107,451.30206749767694,1642.7452420557302
TACTTAAACATGTACA-1,0,66,108,438.25337588204684,1620.530341127157
AGTGAGTCGAATTAAC-1,0,67,109,425.62790957169364,1642.9884749897965
TAGGCCTATATAGTCT-1,0,66,110,412.57921795606353,1620.7735740612234
ACTCGCCGTTCGATAA-1,0,67,111,399.9537516457103,1643.2317079238646
GGTACGTTGCGGCCGG-1,0,66,112,386.9050600300807,1621.0168069952915
TATTGCCGGGCTTGTA-1,0,67,113,374.2795937197275,1643.474940857931
GGTAAACTCTGCGCTG-1,0,66,114,361.23090210409737,1621.2600399293578
TCCCTTGTCTGAAACT-1,0,67,115,348.60543579374416,1643.7181737919973
CATGATCGCTTTGAGA-1,0,66,116,335.55674417811406,1621.503272863426
GGACGGGCGACCAACC-1,0,67,117,322.9312778677613,1643.9614067260654
GAGAGGCCTATGTGTA-1,0,66,118,309.8825862521312,1621.7465057974923
TCGTAACTCCCAAGAC-1,0,67,119,297.257119941778,1644.2046396601318
CGTATCTAGAACTAAG-1,0,66,120,284.2084283261479,1621.9897387315586
GCACCTTCCCGAAGGT-1,0,67,121,271.58296201579515,1644.447872594198
TACCTCTTTACCATCC-1,0,66,122,258.53427040016504,1622.2329716656268
TGACTCTAACTGGTAA-1,0,67,123,245.90880408981184,1644.6911055282662
GAGAAACTGGATCCCA-1,0,66,124,232.86011247418173,1622.4762045996931
ATCCGGACCAGCCTGA-1,0,67,125,220.23464616382853,1644.9343384623326
TTATTTAGGTTCCTTA-1,0,66,126,207.18595454819888,1622.7194375337594
CGAATTCCCGGTTCAA-1,0,67,127,194.56048823784568,1645.177571396399
TAGTTTGATCGGTCGC-1,0,68,0,1825.081129190411,1652.0687974787534
AGTCGAAACGATTCAG-1,0,69,1,1812.4556628800578,1674.5269313413928
ACGTCGGGCAACTCGG-1,0,68,2,1799.406971264428,1652.3120304128197
ACTTGCTCTATCTACC-1,0,69,3,1786.7815049540748,1674.7701642754591
ATTACGGGCTACGGTT-1,0,68,4,1773.7328133384449,1652.555263346886
GCAAACGTAAGCGACC-1,0,69,5,1761.1073470280915,1675.0133972095255
TTCGGACTGGGCATGG-1,0,68,6,1748.0586554124618,1652.7984962809542
GGGCCATTCGTGCTGG-1,0,69,7,1735.4331891021084,1675.2566301435936
GAGTTGTCACCAGTCT-1,0,68,8,1722.3844974864787,1653.0417292150205
AGTAATTTGCAAGCGT-1,0,69,9,1709.7590311761253,1675.49986307766
GTGGCCGGTTTCTCGG-1,0,68,10,1696.7103395604956,1653.2849621490868
ATCTTAGGGCATTAAT-1,0,69,11,1684.0848732501422,1675.7430960117263
CTACATATCGCGGGAC-1,0,68,12,1671.0361816345123,1653.528195083155
ATGGTATTTACTGATT-1,0,69,13,1658.4107153241591,1675.9863289457944
CCGTCAACCTCTGGCG-1,0,68,14,1645.3620237085293,1653.7714280172213
GCTTCGACGTTCAATC-1,0,69,15,1632.736557398176,1676.2295618798607
GACCGATTAAATATGT-1,0,68,16,1619.6878657825462,1654.0146609512876
GTCGAATTTGGGCGCT-1,0,69,17,1607.062399472193,1676.4727948139289
TCACGGCCCAAGAGAG-1,0,68,18,1594.013707856563,1654.2578938853558
CTACGATCCTATCCTA-1,0,69,19,1581.3882415462099,1676.7160277479952
TGCAGTGGTAGGGAAC-1,0,68,20,1568.33954993058,1654.501126819422
TTGCCTAATCCAAAGT-1,0,69,21,1555.7140836202266,1676.9592606820615
AGCGAGACGTGAAGGC-1,0,68,22,1542.665392004597,1654.7443597534884
TTCTACCTCAATCGGT-1,0,69,23,1530.0399256942435,1677.2024936161297
TACGCTGCTGTGTTAA-1,0,68,24,1516.9912340786138,1654.9875926875566
TAGTCCTGCACTAAGC-1,0,69,25,1504.3657677682604,1677.445726550196
AGCACACGTTTAGACT-1,0,68,26,1491.3170761526308,1655.230825621623
GTTCGACAATTGTATA-1,0,69,27,1478.6916098422773,1677.6889594842623
CCATGTTCATCTATAT-1,0,68,28,1465.6429182266475,1655.4740585556892
CCCTCGATAATACACA-1,0,69,29,1453.0174519162942,1677.9321924183305
ACTGCCCGCCATTCTC-1,0,68,30,1439.9687603006644,1655.7172914897574
CTATATCCAGCCTGGC-1,0,69,31,1427.3432939903112,1678.1754253523968
CGCACGTCTGTTTATG-1,0,68,32,1414.2946023746813,1655.9605244238237
AATCAGGTTTCATTTA-1,0,69,33,1401.669136064328,1678.4186582864631
AGAGAAACACCAGAAA-1,0,68,34,1388.6204444486982,1656.20375735789
ACCCGATTGGTTCCGA-1,0,69,35,1375.994978138345,1678.6618912205313
TACCAGGAATCCCGTC-1,0,68,36,1362.9462865227151,1656.4469902919582
AAGTGCTTCTCTATTG-1,0,69,37,1350.3208202123617,1678.9051241545976
TGCATGTGACCCATAG-1,0,68,38,1337.272128596732,1656.6902232260245
TAGATTCAAAGTGCGG-1,0,69,39,1324.6466622863786,1679.148357088664
AGGGTCAGAGCACTCG-1,0,68,40,1311.597970670749,1656.9334561600908
GTGAGATAACCTTATA-1,0,69,41,1298.9725043603955,1679.391590022732
GTGTCAGTGTACGTGG-1,0,68,42,1285.9238127447659,1657.176689094159
CTGTAGTGAGGATCGA-1,0,69,43,1273.2983464344125,1679.6348229567984
GATAGTGCGAGTAAGT-1,0,68,44,1260.2496548187826,1657.4199220282253
AGGGTTCAGACGGTCC-1,0,69,45,1247.6241885084294,1679.8780558908647
GGACTCGACAGCGCAT-1,0,68,46,1234.5754968927995,1657.6631549622916
CACTCTCAAGCATCGA-1,0,69,47,1221.9500305824463,1680.121288824933
GAGCGGAATGCGGTGT-1,0,68,48,1208.9013389668164,1657.9063878963598
CAGTTCGAGGACCCGA-1,0,69,49,1196.2758726564632,1680.3645217589992
CGTAACTTCGACACTT-1,0,68,50,1183.2271810408333,1658.149620830426
TGATCACCACACTGAC-1,0,69,51,1170.6017147304801,1680.6077546930655
CATACTTCTTTCTCCG-1,0,68,52,1157.5530231148502,1658.3928537644942
CAAGTAAGTGATAGAC-1,0,69,53,1144.9275568044968,1680.8509876271337
AGCCCGCAACAAGCAG-1,1,68,54,1131.8788651888672,1658.6360866985606
GCTCCATGCAAAGCAA-1,1,69,55,1119.2533988785137,1681.0942205612
TCGTACCGACGTCAAG-1,1,68,56,1106.204707262884,1658.879319632627
ATTATCGGAATGTACG-1,1,69,57,1093.5792409525307,1681.3374534952663
ACCTACTATAAATCTA-1,1,68,58,1080.530549336901,1659.122552566695
TATCCTATCAACTGGT-1,1,69,59,1067.9050830265476,1681.5806864293345
GCGCGGTCTAGTAACT-1,1,68,60,1054.8563914109177,1659.3657855007614
CCTTCGTATAGAATCC-1,1,69,61,1042.2309251005645,1681.8239193634008
TGGGCGATACAATAAG-1,1,68,62,1029.1822334849346,1659.6090184348277
TGACATGTAACGTGAC-1,1,69,63,1016.5567671745814,1682.0671522974671
TTGGGAAGACGAGCCG-1,1,68,64,1003.5080755589515,1659.8522513688958
GGTGTAAATCGATTGT-1,1,69,65,990.8826092485981,1682.3103852315353
GAACTGTGGAGAGACA-1,1,68,66,977.8339176329687,1660.0954843029622
TCCACATCGTATATTG-1,1,69,67,965.2084513226152,1682.5536181656016
CCTATGGTCAAAGCTG-1,1,68,68,952.1597597069854,1660.3387172370285
TCCTTGTCCTTTAATT-1,1,69,69,939.5342933966319,1682.796851099668
AAGTTTATGGGCCCAA-1,1,68,70,926.4856017810021,1660.5819501710967
GTCCGGGTTCACATTA-1,1,69,71,913.8601354706493,1683.040084033736
ATGTAGCGCGCGTAGG-1,1,68,72,900.8114438550192,1660.825183105163
TACGGAAGCCAAACCA-1,1,69,73,888.185977544666,1683.2833169678024
GCCCTGAGGATGGGCT-1,1,68,74,875.1372859290359,1661.0684160392293
CGGGCGATGGATCACG-1,1,69,75,862.5118196186831,1683.5265499018687
TGCGGACTTGACTCCG-1,1,68,76,849.463128003053,1661.3116489732975
TAATACTAGAACAGAC-1,1,69,77,836.8376616926998,1683.769782835937
TCAAATTGTTGTGCCG-1,1,68,78,823.7889700770697,1661.5548819073638
GGGCAGTCAACGCCAA-1,1,69,79,811.1635037667165,1684.0130157700032
TCGCTGCCAATGCTGT-1,1,68,80,798.1148121510869,1661.79811484143
TACGTGGGCCCAGGGC-1,1,69,81,785.4893458407337,1684.2562487040695
GCCTACGTTCTGTGCA-1,1,68,82,772.4406542251036,1662.0413477754983
TTGCGTGTGTAGGCAT-1,1,69,83,759.8151879147504,1684.4994816381377
TCCTAAAGATTCAGAC-1,1,68,84,746.7664962991203,1662.2845807095646
TGGGTGCACAAGCCAT-1,1,69,85,734.1410299887675,1684.742714572204
GGGAGCGACCGTAGTG-1,1,68,86,721.0923383731374,1662.527813643631
CATAGAGGAGATACTA-1,1,69,87,708.4668720627842,1684.9859475062722
CTTCGATTGCGCAAGC-1,1,68,88,695.4181804471541,1662.771046577699
GTGCCTGAGACCAAAC-1,1,69,89,682.7927141368014,1685.2291804403385
TCATCCTCAGCTGCTT-1,1,68,90,669.7440225211712,1663.0142795117654
TGCAACTACTGGTTGA-1,1,69,91,657.118556210818,1685.4724133744048
ATGTTGATTAGAGACT-1,1,68,92,644.0698645951879,1663.2575124458317
GTTTCTAGAGGCGCGG-1,0,69,93,631.4443982848347,1685.715646308473
TACAAGGGCTTCTTTA-1,0,68,94,618.3957066692051,1663.5007453798999
ACAGGCACGGATCCTT-1,0,69,95,605.7702403588519,1685.9588792425393
CCCAAGTCATTACACT-1,1,68,96,592.7215487432218,1663.7439783139662
ACTCTGACCTAATAGA-1,0,69,97,580.0960824328686,1686.2021121766056
GGATGGCTTGAAGTAT-1,0,68,98,567.0473908172389,1663.9872112480325
ACCCTCCCGTCAGGGC-1,0,69,99,554.4219245068857,1686.4453451106738
AGCTTCTTCTCGAGCA-1,0,68,100,541.3732328912556,1664.2304441821007
TTGCGCTTGATCAATA-1,0,69,101,528.7477665809024,1686.68857804474
TGGGTGTAATAGATTT-1,0,68,102,515.6990749652723,1664.473677116167
CATGGTTTATTAATCA-1,0,69,103,503.07360865491955,1686.9318109788064
TTGCCTTCTCGCCGGG-1,0,68,104,490.02491703928945,1664.7169100502333
TTAAAGTAAGTCGCCA-1,0,69,105,477.39945072893624,1687.1750439128746
AGTTGGCAAGGCTAGA-1,0,68,106,464.35075911330614,1664.9601429843015
CCGCACTTGCAATGAC-1,0,69,107,451.7252928029534,1687.418276846941
AATGTTGTCGTGAGAC-1,0,68,108,438.6766011873233,1665.2033759183678
CCAAGGTTGCCCTTTC-1,0,69,109,426.0511348769701,1687.6615097810072
TGTGACTAGAGTTTGC-1,0,68,110,413.00244326134,1665.446608852434
TTGTGATCTGTTCAGT-1,0,69,111,400.3769769509868,1687.9047427150754
GGAGTTGATTCTGTGT-1,0,68,112,387.3282853353571,1665.6898417865023
GTAGTGAGCAACCTCA-1,0,69,113,374.7028190250039,1688.1479756491417
AAGACATACGTGGTTT-1,0,68,114,361.6541274093738,1665.9330747205686
CATCCCGAGATTCATA-1,0,69,115,349.0286610990206,1688.391208583208
GGCCGCAGGAACCGCA-1,0,68,116,335.9799694833905,1666.1763076546367
CCAGAAACTGATGCGA-1,0,69,117,323.35450317303776,1688.6344415172762
ACCCGTAGTCTAGTTG-1,0,68,118,310.30581155740765,1666.419540588703
AGGGTCTGGACGCAGT-1,0,69,119,297.68034524705445,1688.8776744513425
TTGAAACCCTCATTCC-1,0,68,120,284.63165363142434,1666.6627735227694
TCAATCCCGCGCCAAA-1,0,69,121,272.0061873210716,1689.1209073854088
AGGACATCGGCACACT-1,0,68,122,258.9574957054415,1666.9060064568375
GACAAGACGCCCGTGC-1,0,69,123,246.33202939508828,1689.364140319477
GAGTAAATTAAGAACC-1,0,68,124,233.28333777945818,1667.1492393909039
TAAGTCGGTGAGCTAG-1,0,69,125,220.65787146910498,1689.6073732535433
CTTACTGACTCCTCTG-1,0,68,126,207.60917985347533,1667.3924723249702
TTAACTGATCGTTTGG-1,0,69,127,194.98371354312212,1689.8506061876096
GGGCGATCCATAGGCC-1,0,70,0,1825.5043544956875,1696.741832269964
CGTATTGTTTGGCGCC-1,0,71,1,1812.8788881853343,1719.1999661326035
CGCGTGGGCCTGTGTT-1,0,70,2,1799.8301965697044,1696.9850652040304
AAATCTGCCCGCGTCC-1,0,71,3,1787.2047302593512,1719.4431990666699
GCTGAAGGGTTCTTGG-1,0,70,4,1774.1560386437213,1697.2282981380968
TAATTGCGCTGATTAC-1,0,71,5,1761.530572333368,1719.6864320007362
TCGCGCGTTTACATGA-1,0,70,6,1748.4818807177382,1697.471531072165
TAACTGAAATACGCCT-1,0,71,7,1735.8564144073848,1719.9296649348044
CCTGTCGTGTATGAAG-1,0,70,8,1722.8077227917552,1697.7147640062312
CGGGAACGCCCTGCAT-1,0,71,9,1710.1822564814017,1720.1728978688707
AGTTGCGGTCCTCAAC-1,0,70,10,1697.133564865772,1697.9579969402976
GGGTCCTTGGAAGAAG-1,0,71,11,1684.5080985554187,1720.416130802937
CGGGAAGTACCGTGGC-1,0,70,12,1671.4594069397888,1698.2012298743657
ACGGTCACCGAGAACA-1,0,71,13,1658.8339406294356,1720.6593637370052
TAGACTCAGTTGGCCT-1,0,70,14,1645.7852490138057,1698.444462808432
CCTTCCGCAACGCTGC-1,0,71,15,1633.1597827034525,1720.9025966710715
CAGTGTTAATCTCTCA-1,0,70,16,1620.1110910878226,1698.6876957424984
CAGGCCAGTACCACCT-1,0,71,17,1607.4856247774694,1721.1458296051396
GATCGCTGTGGTGCGT-1,0,70,18,1594.4369331618395,1698.9309286765665
GTATCTCGGGCGCTTT-1,0,71,19,1581.8114668514863,1721.389062539206
CCGGGCTAAGAATTTC-1,0,70,20,1568.7627752358565,1699.1741616106328
CTTCACGCCCTGGTAC-1,0,71,21,1556.137308925503,1721.6322954732723
CGGATGAATGCTGTGA-1,0,70,22,1543.0886173098734,1699.4173945446992
CTCTGCAGGCATTCTT-1,0,71,23,1530.46315099952,1721.8755284073404
TCAAAGTCACGGCGTC-1,0,70,24,1517.4144593838903,1699.6606274787673
TGGGTTTCGGGCGTAC-1,0,71,25,1504.7889930735369,1722.1187613414068
TGCTATGGCAAAGGGA-1,0,70,26,1491.7403014579072,1699.9038604128336
TTCACGGTCGTCACGT-1,0,71,27,1479.1148351475538,1722.361994275473
CGTAAAGCAAGAAATC-1,0,70,28,1466.066143531924,1700.1470933469
CTGATCCCTTTATGCA-1,0,71,29,1453.4406772215707,1722.6052272095412
GAGTATACCCTAATCA-1,0,70,30,1440.3919856059408,1700.390326280968
CCACGGCAGGTGTAGG-1,0,71,31,1427.7665192955876,1722.8484601436076
ACGTACTTTGGCACGG-1,0,70,32,1414.7178276799577,1700.6335592150344
CCTGAGAATAAATGCA-1,0,71,33,1402.0923613696045,1723.0916930776739
TTGATGCCGCTCGTCG-1,0,70,34,1389.0436697539747,1700.8767921491008
GCCAGGAAAGAACACT-1,0,71,35,1376.4182034436215,1723.334926011742
TCCGACCGCTAATCAA-1,0,70,36,1363.3695118279916,1701.120025083169
TATATCAAAGTGATCT-1,0,71,37,1350.7440455176381,1723.5781589458084
CCTCGGTTTCCTTGCC-1,0,70,38,1337.6953539020085,1701.3632580172352
TAAATTTAGTAACACC-1,0,71,39,1325.069887591655,1723.8213918798747
CTCGTTACGGCTACCA-1,0,70,40,1312.0211959760254,1701.6064909513016
GCCGTCGGTTTCGGGC-1,0,71,41,1299.395729665672,1724.0646248139428
GTTCCGTCCGCCTGCA-1,0,70,42,1286.3470380500423,1701.8497238853697
CTAGGGATAGGGACAA-1,0,71,43,1273.721571739689,1724.3078577480092
GTCCAGGCACGTGTGC-1,0,70,44,1260.672880124059,1702.092956819436
GAGGAATATCTCTTTG-1,0,71,45,1248.0474138137058,1724.5510906820755
CGTTCAAGGAAACGGA-1,0,70,46,1234.998722198076,1702.3361897535024
GTGGGAACAAACCGGG-1,0,71,47,1222.3732558877227,1724.7943236161436
GGGCACGTAGTACTGT-1,0,70,48,1209.3245642720929,1702.5794226875705
ACTACAAAGAGAGGTG-1,0,71,49,1196.6990979617397,1725.03755655021
GGTGTAGGTAAGTAAA-1,0,70,50,1183.6504063461098,1702.8226556216368
CCTGTTCAACCTCGGG-1,0,71,51,1171.0249400357566,1725.2807894842763
TGAGGTGTGTGGCGGA-1,0,70,52,1157.9762484201267,1703.065888555705
ATTGTCTGTTTCATGT-1,0,71,53,1145.3507821097733,1725.5240224183444
GCCGGTCGTATCTCTC-1,1,70,54,1132.3020904941436,1703.3091214897713
ATATGGGATAGCAACT-1,1,71,55,1119.6766241837902,1725.7672553524108
GATAGAACCCGCTAGG-1,1,70,56,1106.6279325681605,1703.5523544238376
ATCCCATTTCCGTGGG-1,1,71,57,1094.002466257807,1726.010488286477
GATGCTACCTTCGATG-1,1,70,58,1080.9537746421775,1703.7955873579058
TGCAAAGTTCGTCTGT-1,1,71,59,1068.328308331824,1726.2537212205452
GTTCAGTCGCCAAATG-1,1,70,60,1055.2796167161941,1704.0388202919721
GTCTCCGCCTCAATAC-1,1,71,61,1042.654150405841,1726.4969541546116
AGTAGAAGGCGCCTCA-1,1,70,62,1029.605458790211,1704.2820532260384
GTTGTAGATTTATGAG-1,1,71,63,1016.9799924798579,1726.7401870886779
CTATTTGCTTGGAGGA-1,1,70,64,1003.931300864228,1704.5252861601066
AGCCATATAGTATGTG-1,1,71,65,991.3058345538745,1726.983420022746
TGTTCCGGCCTGAGCT-1,1,70,66,978.2571429382451,1704.768519094173
TGCCGTGGGACCCAAT-1,1,71,67,965.6316766278917,1727.2266529568124
TTGCAAGAAGACTCCT-1,1,70,68,952.5829850122618,1705.0117520282392
CCGCTCCAGGGCGATC-1,1,71,69,939.9575187019084,1727.4698858908787
CAAACCCTCCGGCGGG-1,1,70,70,926.9088270862785,1705.2549849623074
CGGACCTTTACGTCCC-1,1,71,71,914.2833607759258,1727.7131188249468
ACGTAGGAGAGTCGCT-1,1,70,72,901.2346691602957,1705.4982178963737
CTGCGACCTCGCCGAA-1,1,71,73,888.6092028499424,1727.9563517590132
GGCCCAGCTGGTTTGC-1,1,70,74,875.5605112343123,1705.74145083044
GGATTAATCATGGACC-1,1,71,75,862.9350449239596,1728.1995846930795
GAGATGGCTTTAATCA-1,1,70,76,849.8863533083295,1705.9846837645082
AGTACAGAAGCTTATA-1,1,71,77,837.2608869979763,1728.4428176271476
GCGGCTTTAGCAAGTT-1,1,70,78,824.2121953823462,1706.2279166985745
ACCGAGTCTCCTTATT-1,1,71,79,811.586729071993,1728.686050561214
GACCACACTTCCCTTT-1,1,70,80,798.5380374563633,1706.4711496326408
TGTAGCCAATTCCGTT-1,1,71,81,785.9125711460101,1728.9292834952803
CTCGTCTGTGCCTTCG-1,1,70,82,772.86387953038,1706.714382566709
GGACTCTTTGACTAAG-1,1,71,83,760.2384132200268,1729.1725164293484
TCATCGACGACCGTCG-1,1,70,84,747.1897216043967,1706.9576155007753
TACTACGTGCAATGCG-1,1,71,85,734.564255294044,1729.4157493634148
CCCTACTTGAACAATG-1,1,70,86,721.5155636784139,1707.2008484348416
GCAGCTGTCAACGCAT-1,0,71,87,708.8900973680607,1729.658982297483
ATCTACCATCTGCTCC-1,1,70,88,695.8414057524305,1707.4440813689098
TCTCAAATCAATCGGG-1,0,71,89,683.2159394420778,1729.9022152315492
ACTCCGGCCGACCACT-1,0,70,90,670.1672478264477,1707.6873143029761
TACACCTCTTCGAATC-1,0,71,91,657.5417815160945,1730.1454481656156
GTGGCTGTTTCTGTTC-1,0,70,92,644.4930899004644,1707.9305472370424
ACGACTCTAGGGCCGA-1,0,71,93,631.8676235901112,1730.3886810996837
TCGTTTACGCGACCCT-1,0,70,94,618.8189319744815,1708.1737801711106
AGGATATCCGACTGCA-1,0,71,95,606.1934656641283,1730.63191403375
GACACTTCCAATTACC-1,0,70,96,593.1447740484982,1708.417013105177
ACGGTACAGTTCAATG-1,0,71,97,580.519307738145,1730.8751469678164
CTTGATGACCATCCAG-1,0,70,98,567.4706161225154,1708.6602460392432
CTGGTAAAGACTTACA-1,0,71,99,554.8451498121622,1731.1183799018845
CTTGCCCACCCACGCA-1,0,70,100,541.7964581965321,1708.9034789733114
CATTACGCAGGAAGGG-1,0,71,101,529.1709918861789,1731.3616128359508
GGACAACCATGAAGCC-1,0,70,102,516.1223002705487,1709.1467119073777
GTTATCAAGCTATCGA-1,0,71,103,503.496833960196,1731.6048457700172
AGGTGCACGTCCACAT-1,0,70,104,490.4481423445659,1709.389944841444
AAAGAATGTGGACTAA-1,0,71,105,477.8226760342127,1731.8480787040853
ACCAAGTCATCGGCAG-1,0,70,106,464.7739844185826,1709.6331777755122
AGTAACTATAGCAGCC-1,0,71,107,452.14851810822984,1732.0913116381516
GGGAAAGAATGCCAAC-1,0,70,108,439.09982649259973,1709.8764107095785
AATCGGTATAGCCCTC-1,0,71,109,426.4743601822465,1732.334544572218
GGCACTGCGGTGGTTT-1,0,70,110,413.4256685666164,1710.1196436436448
CGTCCTCATCGCGTGC-1,0,71,111,400.8002022562632,1732.577777506286
CTTAACTTACAGTATA-1,0,70,112,387.75151064063357,1710.362876577713
GTGAGTCGACTAATAG-1,0,71,113,375.12604433028037,1732.8210104403524
TGTACTTCCGGGCATG-1,0,70,114,362.07735271465026,1710.6061095117793
CACAAACCGCAGAACT-1,0,71,115,349.45188640429706,1733.0642433744188
GCTTTACACAACTGGG-1,0,70,116,336.40319478866695,1710.8493424458475
CACCGATGATGGGTAC-1,0,71,117,323.7777284783142,1733.307476308487
TCAATATACAGGAGGC-1,0,70,118,310.7290368626841,1711.0925753799138
AACGACCTCCTAGCCG-1,0,71,119,298.1035705523309,1733.5507092425532
GTTACCAAGGCGTACG-1,0,70,120,285.0548789367008,1711.3358083139801
TAGCTCACTGTGTTTG-1,0,71,121,272.42941262634804,1733.7939421766196
TCGGCAGGGTTAAGGG-1,0,70,122,259.38072101071793,1711.5790412480483
TGTTAACAAAGTGACT-1,0,71,123,246.75525470036473,1734.0371751106877
CAGAGCGATGGATGCT-1,0,70,124,233.70656308473463,1711.8222741821146
CATAGTGGGCACGCCT-1,0,71,125,221.08109677438142,1734.280408044754
AAACGCTGGGCACGAC-1,0,70,126,208.03240515875177,1712.065507116181
TGTTCTCATACTATAG-1,0,71,127,195.40693884839857,1734.5236409788204
TCCGCTGGGTCGATCG-1,0,72,0,1825.9275798009642,1741.4148670611748
TTAGCATCCCTCACGT-1,0,73,1,1813.302113490611,1763.8730009238143
AGCCTTGTCACTGATA-1,0,72,2,1800.253421874981,1741.6580999952412
GTTTCTTGTTAGAGCT-1,0,73,3,1787.6279555646279,1764.1162338578806
TCGGAGTCCTGGTTGC-1,0,72,4,1774.579263948998,1741.9013329293075
ACGGGTTGTGACCTGT-1,0,73,5,1761.9537976386446,1764.359466791947
TGACAGAAATCTTGCT-1,0,72,6,1748.905106023015,1742.1445658633756
TAGCCATGATTGCCTA-1,0,73,7,1736.2796397126615,1764.602699726015
CGAAGCCACAGCATGG-1,0,72,8,1723.2309480970318,1742.387798797442
ACCCGTAGCAGAGAAT-1,0,73,9,1710.6054817866784,1764.8459326600814
AGCTTGATCAGGGTAG-1,0,72,10,1697.5567901710488,1742.6310317315083
CTATAAGTAGGGTTTG-1,0,73,11,1684.9313238606953,1765.0891655941477
TATAGTTAGGTGTACT-1,0,72,12,1671.8826322450655,1742.8742646655764
TACGCTGATAGTTGTA-1,0,73,13,1659.2571659347122,1765.332398528216
TTCTCAATTGCTACAA-1,0,72,14,1646.2084743190824,1743.1174975996428
GTTGCCCTAACGGGTG-1,0,73,15,1633.5830080087292,1765.5756314622822
GACATTTCGCCCAGCC-1,0,72,16,1620.5343163930993,1743.360730533709
GTAACTACGTAGACCT-1,0,73,17,1607.908850082746,1765.8188643963504
CCAGTGTACAGACCGA-1,0,72,18,1594.8601584671162,1743.6039634677772
GCCCGATGCCCAGTTC-1,0,73,19,1582.234692156763,1766.0620973304167
CGAACCTCTTTCCTAG-1,0,72,20,1569.1860005411331,1743.8471964018436
CATGCACATGAGAGGC-1,0,73,21,1556.5605342307797,1766.305330264483
CCAAATCAAAGGGCAA-1,0,72,22,1543.51184261515,1744.09042933591
GTAGTTTAAGCACACG-1,0,73,23,1530.8863763047966,1766.5485631985512
TAAGTGAATAGTCTAC-1,0,72,24,1517.837684689167,1744.333662269978
GGTCCACGTCTATTTG-1,0,73,25,1505.2122183788135,1766.7917961326175
CCCTCAGATCGAGAAC-1,0,72,26,1492.1635267631839,1744.5768952040444
ACATTCGCGCGGAATA-1,0,73,27,1479.5380604528305,1767.0350290666838
CTATGAACACCTTGCC-1,0,72,28,1466.4893688372006,1744.8201281381107
CGAATGGTAGGTCGTC-1,0,73,29,1453.8639025268474,1767.278262000752
TCGACATAGCGTAGCG-1,0,72,30,1440.8152109112175,1745.0633610721789
GACGTTGCTCGGCGGC-1,0,73,31,1428.1897446008643,1767.5214949348183
CTCGAGGCAAGTTTCA-1,0,72,32,1415.1410529852344,1745.3065940062452
GCTGGGAGCGCGTCAA-1,0,73,33,1402.5155866748812,1767.7647278688846
GACGATATCACTGGGT-1,0,72,34,1389.4668950592513,1745.5498269403115
CAGCTCTGGGCTCACT-1,0,73,35,1376.8414287488981,1768.0079608029528
TAGTCTGCGGCACATT-1,0,72,36,1363.7927371332682,1745.7930598743797
TGGTCGATATACCTCT-1,0,73,37,1351.1672708229148,1768.251193737019
TTCAGTTCAAGAGGAG-1,0,72,38,1338.1185792072852,1746.036292808446
GTCTGTAGGTTGAACA-1,0,73,39,1325.4931128969317,1768.4944266710854
GAGAGTCTCGGGAGAG-1,0,72,40,1312.444421281302,1746.2795257425123
TTGTTTGTATTACACG-1,0,73,41,1299.8189549709487,1768.7376596051536
GCACAGCACGGGCCGA-1,0,72,42,1286.770263355319,1746.5227586765805
AAACAGTGTTCCTGGG-1,0,73,43,1274.1447970449656,1768.98089253922
TGGAGAATAATCGTCC-1,0,72,44,1261.0961054293357,1746.7659916106468
CGCCGCGTTCTGAACG-1,0,73,45,1248.4706391189825,1769.2241254732862
CATGCGTTGAGAGGAG-1,0,72,46,1235.4219475033526,1747.009224544713
TACGCTCCTAGAACTG-1,0,73,47,1222.7964811929994,1769.4673584073544
CCTTGTGAACGTGGTT-1,0,72,48,1209.7477895773695,1747.2524574787813
TTAAAGGCGATGCTCG-1,0,73,49,1197.1223232670163,1769.7105913414207
TAAAGTGCACGTCTCG-1,0,72,50,1184.0736316513864,1747.4956904128476
TGTCCGCAAACAATTC-1,0,73,51,1171.4481653410332,1769.953824275487
AGGCCTATCATACCAA-1,0,72,52,1158.3994737254034,1747.7389233469157
ACTGGGATGCCAGTGC-1,0,73,53,1145.77400741505,1770.1970572095552
CGATCCACCATTGTTG-1,0,72,54,1132.7253157994203,1747.982156280982
GGGCATGCATGTCGAG-1,1,73,55,1120.0998494890669,1770.4402901436215
TCCAGGCAGGACGATC-1,1,72,56,1107.0511578734372,1748.2253892150484
CAATGACCCTTAATTT-1,1,73,57,1094.4256915630838,1770.6835230776878
ATCAAGATCCCAGGAC-1,1,72,58,1081.3769999474541,1748.4686221491165
CTCAGAGCTAATGTCG-1,1,73,59,1068.7515336371007,1770.926756011756
CTGCGATTTCGAGATT-1,1,72,60,1055.7028420214708,1748.7118550831829
ATGGTATTGGGAACCG-1,1,73,61,1043.0773757111176,1771.1699889458223
TAGGTTCTGCTGAGAA-1,1,72,62,1030.0286840954877,1748.9550880172492
GCCTGTCCCGGTGCAT-1,1,73,63,1017.4032177851345,1771.4132218798886
GGCCTGCTCTGATGTT-1,1,72,64,1004.3545261695047,1749.1983209513173
TAGAGGGAGTTTATCT-1,1,73,65,991.7290598591512,1771.6564548139568
CTCTACATCCTGCGTG-1,1,72,66,978.6803682435218,1749.4415538853837
ACACATTTCCGTAGAC-1,1,73,67,966.0549019331684,1771.899687748023
TGGGTGTTAAGTAGAA-1,1,72,68,953.0062103175385,1749.68478681945
GAGCTCAACATGAGCG-1,1,73,69,940.3807440071851,1772.1429206820894
GCACACAGCTATTACC-1,1,72,70,927.332052391555,1749.9280197535181
GCGACGGTAGTCTCCT-1,1,73,71,914.7065860812022,1772.3861536161576
GTATCAAGGTACTTCC-1,1,72,72,901.6578944655721,1750.1712526875845
GGAAAGGGAATTGAGC-1,1,73,73,889.0324281552189,1772.629386550224
TACACAGCCGTGGTGC-1,1,72,74,875.9837365395888,1750.4144856216508
CGGTTGGGCAGGGTCC-1,1,73,75,863.358270229236,1772.8726194842902
GCACGCCGATTCCCGC-1,1,72,76,850.3095786136059,1750.657718555719
CGCTTTCCGCCAAGGT-1,1,73,77,837.6841123032527,1773.1158524183584
TGCCCGATAGTTAGAA-1,1,72,78,824.6354206876226,1750.9009514897853
TCAGAACGGCGGTAAT-1,1,73,79,812.0099543772694,1773.3590853524247
CCACTCAGATCCGCAA-1,1,72,80,798.9612627616398,1751.1441844238516
GAAGGGTCATTAAGAC-1,1,73,81,786.3357964512866,1773.602318286491
GCGGTCTTGCTTTCAC-1,1,72,82,773.2871048356565,1751.3874173579197
GGAAGGACACCGTATA-1,1,73,83,760.6616385253033,1773.8455512205592
CGCGGGAATTCCTTTC-1,0,72,84,747.6129469096732,1751.630650291986
TCTATCCGATTGCACA-1,0,73,85,734.9874805993204,1774.0887841546255
TACTCGTTTGAATCAA-1,0,72,86,721.9387889836903,1751.8738832260524
GTCTGCCGACTCGACG-1,0,73,87,709.3133226733371,1774.3320170886936
TACGGGTAATAACATA-1,0,72,88,696.264631057707,1752.1171161601205
CCAGTTCGGTAACTCA-1,0,73,89,683.6391647473542,1774.57525002276
CGTGCACACCACTGTA-1,0,72,90,670.5904731317241,1752.3603490941869
CTTCAGTTGGACAACG-1,0,73,91,657.9650068213709,1774.8184829568263
TGATCTATCACACTCT-1,0,72,92,644.9163152057408,1752.6035820282532
TAGCAGATACTTAGGG-1,0,73,93,632.2908488953876,1775.0617158908944
CACCGGGCATCACAAG-1,0,72,94,619.242157279758,1752.8468149623213
AGTGGCCCGCAAATGG-1,0,73,95,606.6166909694048,1775.3049488249608
CTCGCTAGGTAAGCGA-1,0,72,96,593.5679993537747,1753.0900478963877
GATAGATAGTACAGTC-1,0,73,97,580.9425330434215,1775.548181759027
CGAGACTACTGCTGCT-1,0,72,98,567.8938414277918,1753.333280830454
ACATTTGAAACCTAAC-1,0,73,99,555.2683751174386,1775.7914146930952
GACACAGCCGGGACTG-1,0,72,100,542.2196835018085,1753.5765137645221
ACGGAACACGAGTGCC-1,0,73,101,529.5942171914553,1776.0346476271616
ACGCCAGTGCGTTTGC-1,0,72,102,516.5455255758252,1753.8197466985885
GCACCTAGGCGAGTCC-1,0,73,103,503.92005926547245,1776.277880561228
TCACTATCCCTTCGGT-1,0,72,104,490.87136764984234,1754.0629796326548
TGAGTGTAACAACGGG-1,0,73,105,478.24590133948914,1776.521113495296
ATTGGTTGTGCATTAC-1,0,72,106,465.19720972385903,1754.306212566723
CTGGCGATTTACATGT-1,0,73,107,452.5717434135063,1776.7643464293624
TCCACCAAGACATAGG-1,0,72,108,439.5230517978762,1754.5494455007893
AACGTCGCTGCACTTC-1,0,73,109,426.897585487523,1777.0075793634287
GTCTCCCGAGTCCCGT-1,0,72,110,413.84889387189287,1754.7926784348556
AGCCCGCACTACAATG-1,0,73,111,401.22342756153967,1777.2508122974969
GGCACGCTGCTACAGT-1,0,72,112,388.17473594591,1755.0359113689237
GCTTGAGTGACCTCTG-1,0,73,113,375.5492696355568,1777.4940452315632
ATAGCCATAACAGTCA-1,0,72,114,362.5005780199267,1755.27914430299
TAGGAGGCTCGAGAAC-1,0,73,115,349.8751117095735,1777.7372781656295
GTCGGGTGAAGTACCG-1,0,72,116,336.8264200939434,1755.5223772370582
CACCCGCGTTTGACAC-1,0,73,117,324.20095378359065,1777.9805110996977
TCTCAGGCTACTCGCT-1,0,72,118,311.15226216796054,1755.7656101711245
TAGATTCTCTAGCAAA-1,0,73,119,298.52679585760734,1778.223744033764
CCCATTATTGTATCCT-1,0,72,120,285.47810424197723,1756.0088431051909
GTTAATAGCGTCATTA-1,0,73,121,272.8526379316245,1778.4669769678303
TACTCATTGACGCATC-1,0,72,122,259.8039463159944,1756.252076039259
TAGTGACAAGCTCTAC-1,0,73,123,247.17848000564118,1778.7102099018985
ATCGCCGTGGTTCATG-1,0,72,124,234.12978839001107,1756.4953089733253
CTGCTCTCAACACACC-1,0,73,125,221.50432207965787,1778.9534428359648
GCATGACACAAAGGAA-1,0,72,126,208.45563046402822,1756.7385419073917
CAACGATCGATCCAAT-1,0,73,127,195.830164153675,1779.196675770031
ATACAGCGTCCACTGA-1,0,74,0,1826.3508051062406,1786.0879018523856
TCACGATTAATACGTT-1,0,75,1,1813.7253387958874,1808.546035715025
CGTGAACTGACCCGAT-1,0,74,2,1800.6766471802575,1786.331134786452
TCGATGTTACGGCCGT-1,0,75,3,1788.0511808699043,1808.7892686490914
GACCGGTGATACTCTC-1,0,74,4,1775.0024892542745,1786.5743677205182
TCTGTTTAGATTGTTC-1,0,75,5,1762.377022943921,1809.0325015831577
GCTACTCGGACGCAGA-1,0,74,6,1749.3283313282914,1786.8176006545864
AAGAAAGTTTGATGGG-1,0,75,7,1736.702865017938,1809.2757345172258
CGCCAGTAGTACCTTG-1,0,74,8,1723.6541734023083,1787.0608335886527
CTCCCTTGTATCAAGG-1,0,75,9,1711.0287070919549,1809.5189674512922
ACTTTATACACCACTT-1,0,74,10,1697.9800154763252,1787.304066522719
AGATCTGGAGAGGATA-1,0,75,11,1685.3545491659718,1809.7622003853585
TCATCCATCTGATCAC-1,0,74,12,1672.305857550342,1787.5472994567872
AGAACACGGCGATGGT-1,0,75,13,1659.6803912399887,1810.0054333194266
CCGCTCCGGATAAGCT-1,0,74,14,1646.6316996243588,1787.7905323908535
TGGTCGGGTACAGGGC-1,0,75,15,1634.0062333140056,1810.248666253493
ACGGACGCAGCGACAA-1,0,74,16,1620.9575416983757,1788.0337653249198
ACATGCTTACGGCAGC-1,0,75,17,1608.3320753880225,1810.491899187561
CAGGGAGATAGGCCAG-1,0,74,18,1595.2833837723927,1788.276998258988
TCGCCACCCGGATTAC-1,0,75,19,1582.6579174620394,1810.7351321216274
TCTTGGTCAATGATAC-1,0,74,20,1569.6092258464096,1788.5202311930543
CATAGGGACACTTGTG-1,0,75,21,1556.9837595360561,1810.9783650556938
CACGAGCAAACCAGAC-1,0,74,22,1543.9350679204265,1788.7634641271206
GGGATATTGATCGCCA-1,0,75,23,1531.309601610073,1811.221597989762
TAATGTCGGTTCATGG-1,0,74,24,1518.2609099944434,1789.0066970611888
CGATTTGTCATTAATG-1,0,75,25,1505.63544368409,1811.4648309238282
TTAAGATACCCAGAGA-1,0,74,26,1492.5867520684603,1789.2499299952551
CGACCGTTGGTATTCG-1,0,75,27,1479.961285758107,1811.7080638578946
ACTACCATCCGAGGGC-1,0,74,28,1466.912594142477,1789.4931629293214
TCTACGCACGATCTCC-1,0,75,29,1454.2871278321238,1811.9512967919627
AAGCCACTTGCAGGTA-1,0,74,30,1441.238436216494,1789.7363958633896
ACGTTGTCGTTGAAAG-1,0,75,31,1428.6129699061407,1812.194529726029
ACCGCTAGTCATTGGT-1,0,74,32,1415.5642782905109,1789.979628797456
CATGAGTCCATCACGG-1,0,75,33,1402.9388119801577,1812.4377626600954
ATGTCTTGTTTGACTC-1,0,74,34,1389.8901203645278,1790.2228617315222
TCCCAAACATCCTCTA-1,0,75,35,1377.2646540541746,1812.6809955941635
CAACGCGATGAGCCAA-1,0,74,36,1364.2159624385447,1790.4660946655904
GACACCCAAAGACGCG-1,0,75,37,1351.5904961281913,1812.9242285282298
ACGTTCACTATGCCGC-1,0,74,38,1338.5418045125616,1790.7093275996567
ATGGACTGCTTAGTTG-1,0,75,39,1325.9163382022082,1813.1674614622962
CCATGGCAAACGCTCA-1,0,74,40,1312.8676465865785,1790.952560533723
TTGTCTCGGCAAGATG-1,0,75,41,1300.242180276225,1813.4106943963643
TTCGAACGAAACATGC-1,0,74,42,1287.1934886605954,1791.1957934677912
GGAAAGTCTTGATTGT-1,0,75,43,1274.568022350242,1813.6539273304306
ATCATAGATCGACGAG-1,0,74,44,1261.5193307346121,1791.4390264018575
GATTAGAAACAAGCGT-1,0,75,45,1248.893864424259,1813.897160264497
GCTGCGAAGAATTATT-1,0,74,46,1235.845172808629,1791.6822593359238
TTCCAGTGGGTTTCGT-1,0,75,47,1223.2197064982759,1814.140393198565
GCTCATTGATCATATC-1,0,74,48,1210.171014882646,1791.925492269992
ATACGAGGTTTGTAAG-1,0,75,49,1197.5455485722928,1814.3836261326314
GTCTATACACGCATGG-1,0,74,50,1184.496856956663,1792.1687252040583
GATTTGCGCTAACACC-1,0,75,51,1171.8713906463097,1814.6268590666978
TGGTGCCCTGCCTTAC-1,0,74,52,1158.8226990306798,1792.4119581381265
TCGAATCGCAGGGTAG-1,0,75,53,1146.1972327203264,1814.870092000766
GGTAGGCCAATATCAC-1,0,74,54,1133.1485411046967,1792.6551910721928
CGTAAATAACAAAGGG-1,0,75,55,1120.5230747943433,1815.1133249348322
GACTCTAGAGTTCCAA-1,1,74,56,1107.4743831787137,1792.8984240062591
ACTTGTTACCGGATCA-1,1,75,57,1094.8489168683602,1815.3565578688986
GGCATTGAACATCTCA-1,1,74,58,1081.8002252527306,1793.1416569403273
AACCCGCTGTATTCCA-1,1,75,59,1069.1747589423771,1815.5997908029667
TAACAGGTTCCCTTAG-1,1,74,60,1056.1260673267473,1793.3848898743936
GTTCTTGTAACTCAAT-1,1,75,61,1043.500601016394,1815.843023737033
GATTCTGTTAATGAGT-1,1,74,62,1030.4519094007642,1793.62812280846
GGACACCTCGGTGTTG-1,1,75,63,1017.826443090411,1816.0862566710994
CGATCGAGAAGCACCA-1,1,74,64,1004.7777514747811,1793.871355742528
CTGCTCTGACGGCAAA-1,1,75,65,992.1522851644277,1816.3294896051675
CCCAGGAAGAATTCGA-1,1,74,66,979.1035935487982,1794.1145886765944
TGTCGTGGGTATAGGC-1,1,75,67,966.4781272384448,1816.5727225392338
ATATGTCTAGAGCGTG-1,1,74,68,953.4294356228149,1794.3578216106607
GCGGGCAGACGGGTGA-1,1,75,69,940.8039693124615,1816.8159554733002
CGAAGATCAGTTTCAT-1,1,74,70,927.7552776968314,1794.6010545447289
ACGCCACTCGAAACAG-1,1,75,71,915.1298113864787,1817.0591884073683
CTTAGATGTTTCATCC-1,1,74,72,902.0811197708485,1794.8442874787952
GCGAATGGACTAGCGA-1,1,75,73,889.4556534604953,1817.3024213414346
TAAATTGTGGGTAAAG-1,1,74,74,876.4069618448652,1795.0875204128615
ATTTATACTGGTAAAG-1,1,75,75,863.7814955345125,1817.545654275501
GCGTCGTAACATGGTC-1,1,74,76,850.7328039188824,1795.3307533469297
CGGTATGGGCACTCTG-1,1,75,77,838.1073376085292,1817.788887209569
CTATCACAACGCTGGA-1,1,74,78,825.0586459928991,1795.573986280996
ACCACACGGTTGATGG-1,1,75,79,812.4331796825459,1818.0321201436354
TCAGCGCACGCCGTTT-1,1,74,80,799.3844880669162,1795.8172192150623
AATGTTAAGACCCTGA-1,1,75,81,786.759021756563,1818.2753530777018
CTTACATAGATTTCTT-1,1,74,82,773.7103301409329,1796.0604521491305
AACATAGCGTGTATCG-1,1,75,83,761.0848638305797,1818.51858601177
AGCAGTCGAAGCATGC-1,0,74,84,748.0361722149496,1796.3036850831968
GTACTACGGCCTCGTT-1,0,75,85,735.4107059045969,1818.7618189458362
TTGGCCAAATTGTATC-1,0,74,86,722.3620142889667,1796.5469180172631
TCAGAGGACGCGTTAG-1,0,75,87,709.7365479786135,1819.0050518799044
AGTAATCTAAGGGTGG-1,0,74,88,696.6878563629834,1796.7901509513313
AATTATACCCAGCAAG-1,0,75,89,684.0623900526307,1819.2482848139707
CCCTACCCACACCCAG-1,0,74,90,671.0136984370006,1797.0333838853976
CTCTGTCCATGCACCA-1,1,75,91,658.3882321266474,1819.491517748037
TCGCCTCCTTCGGCTC-1,0,74,92,645.3395405110173,1797.276616819464
CCTGATTCGCGAAGAA-1,0,75,93,632.7140742006641,1819.7347506821052
GACTTCAACGCATCAA-1,0,74,94,619.6653825850344,1797.519849753532
GCTTCCCGTAAGCTCC-1,0,75,95,607.0399162746812,1819.9779836161715
AGAACTGTACTTTGTA-1,0,74,96,593.9912246590511,1797.7630826875984
CCTTAAGTACGCAATT-1,0,75,97,581.3657583486979,1820.2212165502378
GGCCAATTGTATAGAC-1,0,74,98,568.3170667330683,1798.0063156216647
AGAATACAGGCTATCC-1,0,75,99,555.691600422715,1820.464449484306
AATACCTGATGTGAAC-1,0,74,100,542.642908807085,1798.2495485557329
TAGAGTGTTCCGGGTA-1,0,75,101,530.0174424967317,1820.7076824183723
GCTTCCATGTAACCGC-1,0,74,102,516.9687508811016,1798.4927814897992
GGTTCGCATTTGCCGT-1,0,75,103,504.3432845707489,1820.9509153524386
TCAATCCGGGAAGTTT-1,0,74,104,491.2945929551188,1798.7360144238655
CCGGAAGTGCAATATG-1,0,75,105,478.6691266447656,1821.1941482865068
CTCATAAATGTGTATA-1,0,74,106,465.6204350291355,1798.9792473579337
GACGGGCATCGAATTT-1,0,75,107,452.99496871878273,1821.4373812205731
GCTAAGCCCAGTATGC-1,0,74,108,439.9462771031526,1799.222480292
GCTATAAGGGCCAGGA-1,0,75,109,427.3208107927994,1821.6806141546394
GCGGATTACTTGTTCT-1,0,74,110,414.2721191771693,1799.4657132260663
TACAACAGCGCATACA-1,0,75,111,401.6466528668161,1821.9238470887076
TCTAACCTAGCCTGCG-1,0,74,112,388.59796125118646,1799.7089461601345
TCTACCCGCATCATTT-1,0,75,113,375.97249494083326,1822.167080022774
GTCTTACCACGCCAAG-1,0,74,114,362.92380332520315,1799.9521790942008
AATAACGTCGCGCCCA-1,0,75,115,350.29833701484995,1822.4103129568402
CGTTTCGGTTATATGC-1,0,74,116,337.24964539921984,1800.195412028269
TACGCTGCACGGTCGT-1,0,75,117,324.6241790888671,1822.6535458909084
CGTTAAATACGACCAG-1,0,74,118,311.575487473237,1800.4386449623353
TCGACTGACGATGGCT-1,0,75,119,298.9500211628838,1822.8967788249747
ACGCTACTGAATGGGC-1,0,74,120,285.9013295472537,1800.6818778964016
AAGGGTTAGCCATGCG-1,0,75,121,273.27586323690093,1823.140011759041
ACGTTTCGGTGCACTT-1,0,74,122,260.2271716212708,1800.9251108304697
TTAACCCGAGGCGTGT-1,0,75,123,247.60170531091762,1823.3832446931092
GCCCGTCAAGCCCAAT-1,0,74,124,234.55301369528752,1801.168343764536
ATTCGTCCCGAGGTTA-1,0,75,125,221.92754738493431,1823.6264776271755
TCAAATTATGTTCGAC-1,0,74,126,208.87885576930466,1801.4115766986024
AACGTTCTACCATTGT-1,0,75,127,196.25338945895146,1823.8697105612418
CTGTCCTGCGCACTAC-1,0,76,0,1826.774030411517,1830.7609366435963
GCCCAGCGACACAAAG-1,0,77,1,1814.1485641011639,1853.2190705062358
TATAGCTATTATCTCT-1,0,76,2,1801.099872485534,1831.0041695776627
AAGCTATGGATTGACC-1,0,77,3,1788.4744061751808,1853.462303440302
CCGAAACACGACCTCT-1,0,76,4,1775.425714559551,1831.247402511729
ATCAGAAGCTGGTTGC-1,0,77,5,1762.8002482491975,1853.7055363743684
TGAACCTGAATGTGAG-1,0,76,6,1749.7515566335678,1831.4906354457971
TCAGAGCATGTCAACG-1,0,77,7,1737.1260903232144,1853.9487693084366
ATACCCTCCCGGCCAA-1,0,76,8,1724.0773987075847,1831.7338683798635
GCCACCTTATTCGCGA-1,0,77,9,1711.4519323972313,1854.192002242503
CAACGAGCTTATTATG-1,0,76,10,1698.4032407816017,1831.9771013139298
GATCCAACCTTTAAAC-1,0,77,11,1685.7777744712482,1854.4352351765692
TTGTGGAGACAGCCGG-1,0,76,12,1672.7290828556183,1832.220334247998
AGATAATCACACCTAT-1,0,77,13,1660.1036165452651,1854.6784681106374
GGTTAGGGATGCTAAT-1,0,76,14,1647.0549249296353,1832.4635671820643
TCATGAAGCGCTGCAT-1,0,77,15,1634.429458619282,1854.9217010447037
CCAGGCGAGATGGTCT-1,0,76,16,1621.3807670036522,1832.7068001161306
CGACTTGCCGGGAAAT-1,0,77,17,1608.755300693299,1855.1649339787718
GTGCCAAACGTTTCGA-1,0,76,18,1595.706609077669,1832.9500330501987
TGCTCAAAGGATGCAC-1,0,77,19,1583.081142767316,1855.4081669128382
GCCTCAGGTACCGGTC-1,0,76,20,1570.032451151686,1833.193265984265
ACAAGTAATTGTAAGG-1,0,77,21,1557.4069848413326,1855.6513998469045
TTAGAGTATTGTCGAG-1,0,76,22,1544.358293225703,1833.4364989183314
GTCATCCCAAACTCAC-1,0,77,23,1531.7328269153495,1855.8946327809726
CTCCTAGTAATCGTGA-1,0,76,24,1518.6841352997199,1833.6797318523995
CCCTCATCACAGAGTA-1,0,77,25,1506.0586689893664,1856.137865715039
GGAAACAGAGCTTGGG-1,0,76,26,1493.0099773737368,1833.9229647864659
ACATCGCAATATTCGG-1,0,77,27,1480.3845110633833,1856.3810986491053
TTAGCCATAGGGCTCG-1,0,76,28,1467.3358194477535,1834.1661977205322
CGGATTCTGCCTTATG-1,0,77,29,1454.7103531374003,1856.6243315831734
TTGTTGGCAATGACTG-1,0,76,30,1441.6616615217704,1834.4094306546003
GGATCTACCGTTCGTC-1,0,77,31,1429.0361952114172,1856.8675645172398
GGTGGGATTAGGTCCC-1,0,76,32,1415.9875035957873,1834.6526635886667
AATAGGCACGACCCTT-1,0,77,33,1403.362037285434,1857.110797451306
GAGGTCCGTTCGCTGT-1,0,76,34,1390.3133456698042,1834.895896522733
TGACAACTTAAAGGTG-1,0,77,35,1377.687879359451,1857.3540303853742
AGCTAAGCTCCGTCCG-1,0,76,36,1364.6391877438211,1835.1391294568011
CTAGCCCGGGAGACGA-1,0,77,37,1352.0137214334677,1857.5972633194406
CCCAGATTCCCGTGAC-1,0,76,38,1338.965029817838,1835.3823623908675
GCCCGTTCACACAATT-1,0,77,39,1326.3395635074846,1857.840496253507
ACAAACTCCATCAGAG-1,0,76,40,1313.290871891855,1835.6255953249338
GGTTCCGTACGACTAA-1,0,77,41,1300.6654055815015,1858.083729187575
TTGCGGAAAGCTGCCC-1,0,76,42,1287.616713965872,1835.868828259002
GGAACTCGTGAATACG-1,0,77,43,1274.9912476555185,1858.3269621216414
GGTTACCGCTCCCTAC-1,0,76,44,1261.9425560398886,1836.1120611930683
AGCGACTTTGAAGACA-1,0,77,45,1249.3170897295354,1858.5701950557077
CCGTTTCCTTTCCGTG-1,0,76,46,1236.2683981139055,1836.3552941271346
TGGATGGCATCTTGGA-1,0,77,47,1223.6429318035523,1858.8134279897758
CAAGTCGTTGAAATCT-1,0,76,48,1210.5942401879224,1836.5985270612027
TGCAAACGTACTAGTT-1,0,77,49,1197.9687738775692,1859.0566609238422
GGCTGTCCTACTGCGG-1,0,76,50,1184.9200822619393,1836.841759995269
TACTGCATGATTAAAT-1,0,77,51,1172.2946159515861,1859.2998938579085
CGGACCTCTGTAGTTA-1,0,76,52,1159.2459243359563,1837.0849929293372
CCCTAGCTCTAAGGTC-1,0,77,53,1146.6204580256028,1859.5431267919766
GTAACAGGTTAACGGC-1,0,76,54,1133.5717664099732,1837.3282258634035
CCCGCAAATAATCATC-1,0,77,55,1120.9463000996197,1859.786359726043
AATCCCGCTCAGAGCC-1,0,76,56,1107.89760848399,1837.5714587974699
AACGTCATCCGGCTTG-1,0,77,57,1095.2721421736367,1860.0295926601093
CTCGTGGCACTGAAAG-1,1,76,58,1082.223450558007,1837.814691731538
CTTTATCCGACGCATG-1,1,77,59,1069.5979842476536,1860.2728255941774
AAATGACTGATCAAAC-1,1,76,60,1056.5492926320237,1838.0579246656043
TTCGTGCATGTTATAG-1,1,77,61,1043.9238263216705,1860.5160585282438
ATCAAAGAGCCGTGGT-1,1,76,62,1030.8751347060406,1838.3011575996707
ATGTCATAATAAACGA-1,1,77,63,1018.2496683956874,1860.75929146231
CTTAATCGACTTAGTA-1,1,76,64,1005.2009767800575,1838.5443905337388
CTAAAGGATGAGATAC-1,1,77,65,992.5755104697041,1861.0025243963782
GTGCTATCCAGCTGGA-1,1,76,66,979.5268188540747,1838.7876234678051
GACAGAGGTCTTCAGT-1,1,77,67,966.9013525437213,1861.2457573304446
TCGATTTACGAAACGA-1,1,76,68,953.8526609280914,1839.0308564018715
AGGCTTAAGTTGCACA-1,1,77,69,941.227194617738,1861.488990264511
TAGGATCTTAACCGCA-1,1,76,70,928.1785030021078,1839.2740893359396
GACTTTCGAGCGGTTC-1,1,77,71,915.5530366917551,1861.732223198579
CCCTGGGAGGGATCCT-1,1,76,72,902.504345076125,1839.517322270006
TAGTAGTTGCCGGACA-1,1,77,73,889.8788787657718,1861.9754561326454
GCCCTAAGTGCAGGAT-1,1,76,74,876.8301871501417,1839.7605552040723
ACTTGGGCTTTCGCCA-1,1,77,75,864.2047208397889,1862.2186890667117
CATGATACGGTGAAAC-1,1,76,76,851.1560292241588,1840.0037881381404
TCCTGCAGCCGCCAAT-1,1,77,77,838.5305629138056,1862.4619220007799
GTCCGTTAGAGGGCCT-1,1,76,78,825.4818712981755,1840.2470210722067
GCTTTATTAAGTTACC-1,1,77,79,812.8564049878223,1862.7051549348462
AATCGAGGTCTCAAGG-1,1,76,80,799.8077133721927,1840.490254006273
GTGCTGTTAGAACATA-1,1,77,81,787.1822470618395,1862.9483878689125
GGCTTCTCGTGGGTGG-1,1,76,82,774.1335554462094,1840.7334869403412
CCTACAGTTGAGGGAG-1,0,77,83,761.5080891358562,1863.1916208029807
TATCCCTCGATCTGCA-1,0,76,84,748.459397520226,1840.9767198744075
CCGGTATCTGGCGACT-1,0,77,85,735.8339312098733,1863.434853737047
CTCTAACACCGGCAGC-1,0,76,86,722.7852395942432,1841.2199528084739
CTTCATCACCAGGGCT-1,0,77,87,710.15977328389,1863.6780866711151
GGCTGGCAATCCCACG-1,0,76,88,697.1110816682599,1841.463185742542
CAAACCATAAGCGTAT-1,1,77,89,684.4856153579071,1863.9213196051815
CATGTGGGCTCATCAC-1,1,76,90,671.436923742277,1841.7064186766083
CCCGTGACAGTGCCTT-1,1,77,91,658.8114574319238,1864.1645525392478
GATTATCTTGCATTAT-1,0,76,92,645.7627658162937,1841.9496516106747
GAGTCCACCAGGTTTA-1,1,77,93,633.1372995059405,1864.407785473316
TGTACTATCGCTCGTT-1,0,76,94,620.0886078903109,1842.1928845447428
TTAGCGAATAGATAGG-1,0,77,95,607.4631415799577,1864.6510184073823
ACATACAATCAAGCGG-1,0,76,96,594.4144499643276,1842.4361174788091
ATTCGTGTACCCATTC-1,0,77,97,581.7889836539744,1864.8942513414486
GCTAGCAACGCACCTA-1,0,76,98,568.7402920383447,1842.6793504128755
ACCTCAGCGAGGCGCA-1,0,77,99,556.1148257279915,1865.1374842755167
TCCGGGCCACTAACGG-1,0,76,100,543.0661341123614,1842.9225833469436
TCCCAATATCGACGAC-1,0,77,101,530.4406678020082,1865.380717209583
GGATTGAAGTAGCCTC-1,0,76,102,517.3919761863781,1843.16581628101
GGCGCACAGTTTACCT-1,0,77,103,504.76650987602534,1865.6239501436494
CCCGGCACGTGTCAGG-1,0,76,104,491.71781826039523,1843.4090492150763
AGTAAGGGACAGAATC-1,0,77,105,479.09235195004203,1865.8671830777175
TTGCGCACAACCACGT-1,0,76,106,466.0436603344119,1843.6522821491444
CCTGCTACAACCATAC-1,0,77,107,453.4181940240592,1866.1104160117839
CTGGGCTACTGGAGAG-1,0,76,108,440.36950240842907,1843.8955150832107
AGCTACGAATGGTGGT-1,0,77,109,427.74403609807587,1866.3536489458502
ATTCGTTTATCGTATT-1,0,76,110,414.69534448244576,1844.138748017277
GGCATTCCCTCCCTCG-1,0,77,111,402.06987817209256,1866.5968818799183
AGTTATTCAGACTGTG-1,0,76,112,389.0211865564629,1844.3819809513452
CCACTTTCCTTCTAGG-1,0,77,113,376.3957202461097,1866.8401148139847
CGCAGTTCTATCTTTC-1,0,76,114,363.3470286304796,1844.6252138854115
AGGAGCGTTTATTATC-1,0,77,115,350.7215623201264,1867.083347748051
GACAGGTAATCCGTGT-1,0,76,116,337.6728707044963,1844.8684468194797
TTCCCAAAGTACTGAT-1,0,77,117,325.04740439414354,1867.3265806821191
CTGCAGGGTGACGCTC-1,0,76,118,311.99871277851344,1845.111679753546
TCATGGAGGCCTTTGT-1,0,77,119,299.37324646816023,1867.5698136161855
ATGGCCCGAAAGGTTA-1,0,76,120,286.3245548525301,1845.3549126876123
CGTAATATGGCCCTTG-1,0,77,121,273.6990885421774,1867.8130465502518
AGAGTCTTAATGAAAG-1,0,76,122,260.6503969265473,1845.5981456216805
GAACGTTTGTATCCAC-1,0,77,123,248.02493061619407,1868.05627948432
ATTGAATTCCCTGTAG-1,0,76,124,234.97623900056396,1845.8413785557468
TACCTCACCAATTGTA-1,0,77,125,222.35077269021076,1868.2995124183863
AGTCGAATTAGCGTAA-1,0,76,126,209.3020810745811,1846.0846114898131
TTGAAGTGCATCTACA-1,0,77,127,196.6766147642279,1868.5427453524526
